cell_id,dataset_prefix,source_batch,n_cycles,q0,q0_source,eol_80pct_q0_cycle,eol_80pct_q0_label,is_censored_80pct_q0,eol_85pct_q0_cycle,eol_85pct_q0_label,is_censored_85pct_q0,cycle_life,Qdis_N,delta_Qdis,retention_ratio,slope_linear,variance_Qdis,range_Qdis,max_drop,std_diff,skewness_Qdis,slope_ratio,Qdis_cycle10,mean_diff
hust_1-1,hust,hust,100,1.1722035333333334,median_qd_cycles_2_to_5,1352.0,1352.0,0,1192.0,1192.0,0,1192.0,1.1588485777777777,-0.014270377777777954,0.9878355236609233,-0.00012807639744381066,1.368754113345365e-05,0.014270377777777954,0.0006533777777777416,0.00025924988310011606,0.3655284694829404,0.6635213456902752,1.1700476666666666,-0.00014561609977324443
hust_1-2,hust,hust,100,1.2028930222222223,median_qd_cycles_2_to_5,2255.0,2255.0,0,1953.0,1953.0,0,1953.0,1.1883092444444443,-0.016085333333333285,0.9866444655014869,-0.00014423181172266368,1.745451792217472e-05,0.016085333333333285,0.0012167555555553378,0.0002829471154407016,0.4340801458587613,0.6012338371066309,1.2007264222222223,-0.0001641360544217682
hust_1-3,hust,hust,100,1.1646102,median_qd_cycles_2_to_5,1691.0,1691.0,0,1506.0,1506.0,0,1506.0,1.182811111111111,0.02004028888888887,1.0172349430394108,9.346328262215026e-05,2.8677913897838564e-05,0.024941800000000125,0.0006257777777778362,0.0005515128807077404,-2.2961906191232897,-0.23464316881487698,1.1749889333333332,0.00020449274376417212
hust_1-4,hust,hust,100,1.1647094777777778,median_qd_cycles_2_to_5,1355.0,1355.0,0,1206.0,1206.0,0,1206.0,1.1819802888888888,0.018496155555555394,1.0158972134003794,9.391025245654719e-05,2.7646652505286445e-05,0.024006177777777804,0.0006145555555556736,0.0005185767582396402,-2.1918105460483264,-0.24632471757891,1.1741720888888887,0.00018873628117913667
hust_1-5,hust,hust,100,1.1578154,median_qd_cycles_2_to_5,1796.0,1796.0,0,1521.0,1521.0,0,1521.0,1.1754158888888888,0.01882684444444438,1.0162779031453542,9.338644925445692e-05,2.815938581162242e-05,0.02428986666666666,0.0006221555555556701,0.000548201431559538,-2.289556196951993,-0.22578571685278706,1.1675902666666667,0.0001921106575963712
hust_1-6,hust,hust,100,1.1992192777777777,median_qd_cycles_2_to_5,970.0,970.0,0,822.0,822.0,0,822.0,1.172507111111111,-0.028838911111111365,0.9759945006870162,-0.00025416359266129066,5.4102501915882206e-05,0.028838911111111365,0.001820133333333418,0.000349452662889257,0.43102810535352737,0.6011410980376215,1.194616,-0.00029427460317460577
hust_1-7,hust,hust,100,1.1838741333333334,median_qd_cycles_2_to_5,1486.0,1486.0,0,1313.0,1313.0,0,1313.0,1.1699844000000001,-0.014799533333333281,0.9875086647303737,-0.0001307819443413654,1.4394557646531587e-05,0.014815444444444381,0.0006450222222220692,0.0002615888639999612,0.45724124742789723,0.6020302499029063,1.1817271333333332,-0.00015101564625850288
hust_1-8,hust,hust,100,1.1890426888888888,median_qd_cycles_2_to_5,1981.0,1981.0,0,1722.0,1722.0,0,1722.0,1.176328888888889,-0.013622311111110896,0.988552210282984,-0.00011767728633270163,1.1826593493988624e-05,0.013622311111110896,0.0006242000000000747,0.00025241214675943813,0.5761243226498481,0.5442975310588797,1.186275777777778,-0.0001390031746031724
hust_10-1,hust,hust,100,1.1732270777777778,median_qd_cycles_2_to_5,1541.0,1541.0,0,1370.0,1370.0,0,1370.0,1.1605730888888888,-0.013566311111111284,0.9884457406751607,-0.0001209945341853774,1.2326494081915858e-05,0.013566311111111284,0.0006263111111111108,0.0002533095750883504,0.457129030665099,0.6054460031792801,1.1710861333333333,-0.0001384317460317478
hust_10-2,hust,hust,100,1.1892812666666666,median_qd_cycles_2_to_5,1533.0,1533.0,0,1363.0,1363.0,0,1363.0,1.1910953555555557,0.004267044444444812,1.0035953342235744,-5.8207437641713525e-05,1.11303129405355e-05,0.014062133333333726,0.0006204000000000764,0.0004880724409723324,-0.5521577716637784,-1.0776097807003733,1.197222377777778,4.354126984127359e-05
hust_10-3,hust,hust,100,1.1804824222222223,median_qd_cycles_2_to_5,1665.0,1665.0,0,1467.0,1467.0,0,1467.0,1.1665861333333332,-0.014801066666666918,0.9874714516403539,-0.00012856869209096458,1.3949372410880059e-05,0.014801066666666918,0.0006326000000000942,0.00026317002548030305,0.4777418931700341,0.5977213566602582,1.1783396666666668,-0.00015103129251700935
hust_10-4,hust,hust,100,1.1818925555555555,median_qd_cycles_2_to_5,1646.0,1646.0,0,1483.0,1483.0,0,1483.0,1.1919649555555556,0.012823511111111241,1.0108752950475361,2.9696945509529386e-05,1.4758006732680855e-05,0.01953117777777802,0.0006195111111111373,0.0005669753577513552,-1.9675773106950507,-0.3899514933466723,1.1901346444444443,0.00013085215419501267
hust_10-5,hust,hust,100,1.1820678,median_qd_cycles_2_to_5,1842.0,1842.0,0,1648.0,1648.0,0,1648.0,1.1943139333333332,0.01441031111111113,1.0122131255805207,3.996149302550364e-05,1.67573716304644e-05,0.020529777777777758,0.0006318888888885432,0.0005416961858388866,-2.238976119570259,-0.3735611016665724,1.1915105333333333,0.0001470439909297054
hust_10-6,hust,hust,100,1.2300951555555555,median_qd_cycles_2_to_5,1886.0,1886.0,0,1649.0,1649.0,0,1649.0,1.2155815777777774,-0.015407755555556069,0.9874834369897957,-0.00014064359898301195,1.660041590932879e-05,0.015407755555556069,0.0006314888888889758,0.00026557225451523695,0.42856555212415265,0.6269558203774237,1.2279354444444444,-0.00015722199546485785
hust_10-7,hust,hust,100,1.1821859555555554,median_qd_cycles_2_to_5,1607.0,1607.0,0,1426.0,1426.0,0,1426.0,1.1928049111111112,0.013372244444444625,1.0113378616875497,2.3685277537288345e-05,1.6348917056449957e-05,0.02068804444444461,0.0006205777777776866,0.0005601377982172234,-1.9820042866187515,-0.4044728211932923,1.1916521111111111,0.00013645147392290434
hust_10-8,hust,hust,100,1.184438388888889,median_qd_cycles_2_to_5,1244.0,1244.0,0,1087.0,1087.0,0,1087.0,1.1694775333333334,-0.01587868888888888,0.9866042894184833,-0.00014448253116194836,1.7426398635144092e-05,0.015880155555555664,0.0006206666666666028,0.00026908791445779843,0.37092398292943757,0.667524813446654,1.1816884,-0.0001620274376417233
hust_2-2,hust,hust,100,1.2193418333333332,median_qd_cycles_2_to_5,2292.0,2292.0,0,2003.0,2003.0,0,2003.0,1.2015045333333332,-0.0187008888888891,0.9846739831275039,-0.0001672657544148918,2.3479714566109252e-05,0.0187008888888891,0.00064328888888876,0.00027971502881400114,0.44435164985652414,0.5979409350180597,1.216536311111111,-0.00019082539682539897
hust_2-3,hust,hust,100,1.1676695555555556,median_qd_cycles_2_to_5,1580.0,1580.0,0,1406.0,1406.0,0,1406.0,1.1845719777777777,0.018126155555555412,1.0155396463429591,8.921480189653023e-05,2.5331762960090168e-05,0.023073022222222184,0.0006187999999998084,0.0005037374923832402,-2.243215893454226,-0.22579655523700676,1.176199111111111,0.00018496077097505522
hust_2-4,hust,hust,100,1.1821715555555556,median_qd_cycles_2_to_5,1326.0,1326.0,0,1155.0,1155.0,0,1155.0,1.1672882444444443,-0.015775799999999895,0.986665303476949,-0.00014149299773241332,1.677292429413603e-05,0.015780866666666338,0.0006439111111113949,0.0002666427212131978,0.4179050152875465,0.6229356368696379,1.1799994000000003,-0.0001609775510204071
hust_2-5,hust,hust,100,1.1601525555555554,median_qd_cycles_2_to_5,1251.0,1251.0,0,1083.0,1083.0,0,1083.0,1.1737769333333332,0.015487800000000052,1.0133712728146116,5.223342760944082e-05,2.1418112901743273e-05,0.021821066666666722,0.0006297333333331601,0.0005401218721997338,-2.136039486073621,-0.31193498175808076,1.1686909333333333,0.0001580387755102046
hust_2-6,hust,hust,100,1.1753827444444445,median_qd_cycles_2_to_5,1432.0,1432.0,0,1289.0,1289.0,0,1289.0,1.1898830666666667,0.016061311111110976,1.0136829216489598,5.541312059370143e-05,2.1814109968469364e-05,0.021783688888888708,0.0006186222222219762,0.0005141142727772478,-2.2037651270326033,-0.296652660572899,1.1842264,0.00016389092970521405
hust_2-7,hust,hust,100,1.1830270666666667,median_qd_cycles_2_to_5,1996.0,1996.0,0,1774.0,1774.0,0,1774.0,1.1944844666666665,0.013011466666666527,1.0110129191836517,2.9507697656850964e-05,1.571995303712983e-05,0.019561777777777678,0.0006327777777779264,0.0005375611103334402,-2.096025230097467,-0.3679993706137253,1.191876311111111,0.00013277006802720945
hust_2-8,hust,hust,100,1.1767125333333333,median_qd_cycles_2_to_5,1332.0,1332.0,0,1186.0,1186.0,0,1186.0,1.1632860222222223,-0.014311222222222142,0.9878470994308638,-0.00013064359156186774,1.4266930878377082e-05,0.014353533333333335,0.0006344222222223195,0.00025674632022222674,0.3955985829370229,0.6296779064391886,1.1745423555555556,-0.0001460328798185933
hust_3-1,hust,hust,100,1.1836808555555556,median_qd_cycles_2_to_5,1747.0,1747.0,0,1560.0,1560.0,0,1560.0,1.1940708,0.01254557777777765,1.0106181210031062,2.548682388512315e-05,1.434987946828376e-05,0.01877659999999981,0.0006214444444443412,0.0005010414320006928,-1.976135302894423,-0.3883901411319796,1.1919072666666666,0.00012801609977324132
hust_3-2,hust,hust,100,1.1872680555555555,median_qd_cycles_2_to_5,2018.0,2018.0,0,1757.0,1757.0,0,1757.0,1.194298288888889,0.008872288888889024,1.0074844729986427,1.7176417233679366e-06,1.0746246614724715e-05,0.015863333333333562,0.0006171999999997624,0.00045372890651762884,-1.4941765290086488,-0.5105387859561052,1.1945814222222222,9.053356009070432e-05
hust_3-3,hust,hust,100,1.1750501444444446,median_qd_cycles_2_to_5,1507.0,1507.0,0,1350.0,1350.0,0,1350.0,1.1835836888888889,0.010070177777777856,1.0085812201414224,8.341851164724784e-06,1.3180438602328746e-05,0.017052888888889006,0.0006223111111112178,0.0004759725251573087,-1.6573778658871412,-0.506341917428328,1.1832882444444444,0.00010275691609977403
hust_3-4,hust,hust,100,1.1717724777777778,median_qd_cycles_2_to_5,1597.0,1597.0,0,1381.0,1381.0,0,1381.0,1.1565370888888888,-0.016139000000000125,0.9862374613476669,-0.00014488971785884717,1.7639856872890532e-05,0.016139000000000125,0.0006520222222221594,0.0002692372224323207,0.4523899533488268,0.586614655413145,1.169627488888889,-0.00016468367346938903
hust_3-5,hust,hust,100,1.2268752777777778,median_qd_cycles_2_to_5,2151.0,2151.0,0,1863.0,1863.0,0,1863.0,1.210358888888889,-0.0174080666666665,0.9858213591855554,-0.00016001528839413367,2.1403185177922365e-05,0.017412866666666638,0.000621266666666731,0.00027301115330452937,0.39762594624443137,0.632180574724443,1.2240836666666666,-0.00017763333333333162
hust_3-6,hust,hust,100,1.1805980222222223,median_qd_cycles_2_to_5,2226.0,2226.0,0,1961.0,1961.0,0,1961.0,1.1906575777777777,0.011920022222222215,1.010112532824666,2.8479039923053896e-05,1.3332538025973163e-05,0.01758017777777776,0.0006266888888888378,0.00045841382559581325,-2.070782384020525,-0.39474578191520937,1.1885067111111112,0.00012163287981859403
hust_3-7,hust,hust,100,1.1695147444444443,median_qd_cycles_2_to_5,2162.0,2162.0,0,1860.0,1860.0,0,1860.0,1.1578659555555555,-0.012536444444444461,0.9892887741477252,-0.00011053588895759648,1.0255819904493944e-05,0.012547555555555423,0.0006267777777777539,0.00024281259236988802,0.4186026205690734,0.6315374287574462,1.1673544444444446,-0.00012792290249433123
hust_3-8,hust,hust,100,1.1999461222222223,median_qd_cycles_2_to_5,2081.0,2081.0,0,1837.0,1837.0,0,1837.0,1.2066593777777777,0.008249888888888668,1.0068840316814727,-9.587340891901013e-06,1.120393079100499e-05,0.015868622222222184,0.0006314000000002817,0.0004708634400450702,-1.247622032922287,-0.5886950855868449,1.2069582,8.418253968253743e-05
hust_4-1,hust,hust,100,1.1805513222222221,median_qd_cycles_2_to_5,2000.0,2000.0,0,1744.0,1744.0,0,1744.0,1.1664406222222221,-0.0149982888888891,0.9873050660953907,-0.0001337458673812868,1.5005050840317783e-05,0.01499997777777784,0.0006577555555558057,0.0002611838101227962,0.43180023164698605,0.6031778817061864,1.1784068444444444,-0.00015304376417233775
hust_4-2,hust,hust,100,1.1805207666666666,median_qd_cycles_2_to_5,1616.0,1616.0,0,1446.0,1446.0,0,1446.0,1.1909534000000002,0.01075360000000014,1.0091116775312114,1.910763856250662e-05,1.3955402783276477e-05,0.017469422222222253,0.0012506666666667332,0.000614408714729326,-1.9471724979127627,-0.4006466199075085,1.1899650444444445,0.0001097306122448994
hust_4-3,hust,hust,100,1.1736735777777778,median_qd_cycles_2_to_5,1042.0,1042.0,0,927.0,927.0,0,927.0,1.1591494444444443,-0.015448155555555676,0.9868481294738252,-0.00014227257362741863,1.688551831825648e-05,0.015448155555555676,0.0006345111111110135,0.0002629665212996818,0.37637590432537726,0.6418307201928555,1.1715677111111111,-0.00015763424036281302
hust_4-4,hust,hust,100,1.1696305,median_qd_cycles_2_to_5,1355.0,1355.0,0,1195.0,1195.0,0,1195.0,1.1562549777777777,-0.014257066666666596,0.9878198035344152,-0.00013042476602760723,1.4261985156617724e-05,0.014269622222222056,0.0006289555555554216,0.0002555413786195256,0.4255651221347647,0.6009280331540842,1.167478088888889,-0.0001454802721088428
hust_4-5,hust,hust,100,1.1926497444444444,median_qd_cycles_2_to_5,1376.0,1376.0,0,1212.0,1212.0,0,1212.0,1.1776060222222222,-0.01595219999999986,0.9866347533760864,-0.00014354281728852289,1.7313528811111784e-05,0.01595219999999986,0.0006411555555554393,0.00026870806926895975,0.45099467718172204,0.5947072015419592,1.1905387555555556,-0.00016277755102040676
hust_4-6,hust,hust,100,1.1686031444444445,median_qd_cycles_2_to_5,1247.0,1247.0,0,1081.0,1081.0,0,1081.0,1.1535134444444444,-0.01598208888888908,0.9863342027110301,-0.0001424901551569971,1.69646245263981e-05,0.01598208888888908,0.0006431333333332123,0.0002638466985440526,0.3906787144204269,0.6426490070502353,1.1664662666666668,-0.00016308253968254162
hust_4-7,hust,hust,100,1.2258499999999999,median_qd_cycles_2_to_5,1811.0,1811.0,0,1572.0,1572.0,0,1572.0,1.2110443111111113,-0.015673377777777553,0.9872233212908392,-0.00014664873744243587,1.802380904051963e-05,0.015673377777777553,0.00064564444444426,0.00026351854802677914,0.4247121750867458,0.5977575255088563,1.2236761111111112,-0.00015993242630385257
hust_4-8,hust,hust,100,1.1820632111111111,median_qd_cycles_2_to_5,1539.0,1539.0,0,1383.0,1383.0,0,1383.0,1.1974852444444446,0.016972755555555885,1.0143774468422022,6.497658159831502e-05,2.093764452327009e-05,0.021954711111111358,0.0006322666666667143,0.0005649420428973546,-2.3352035786889345,-0.2643969151023362,1.1909160222222221,0.00017319138321995802
hust_5-1,hust,hust,100,1.2031253666666668,median_qd_cycles_2_to_5,2114.0,2114.0,0,1817.0,1817.0,0,1817.0,1.1882996444444442,-0.01635651111111147,0.9864222574751479,-0.00013416469126639911,1.5250383370383466e-05,0.01635651111111147,0.0012270222222223737,0.00030126371590021657,0.5039210058397494,0.5987744875714536,1.2003732222222223,-0.00016690317460317828
hust_5-2,hust,hust,100,1.1688792222222222,median_qd_cycles_2_to_5,1753.0,1753.0,0,1566.0,1566.0,0,1566.0,1.1875263777777778,0.019565066666666686,1.016751468118455,0.00010637181749468116,3.064182025894868e-05,0.025081222222222088,0.0006235111111110303,0.0005835547349015545,-2.307925466790488,-0.2131687315159402,1.1795732666666667,0.00019964353741496618
hust_5-3,hust,hust,100,1.1992980111111111,median_qd_cycles_2_to_5,2316.0,2316.0,0,2005.0,2005.0,0,2005.0,1.1849304222222221,-0.015887644444444682,0.9867693159476298,-0.00013697524221808883,1.5791503518774518e-05,0.015888466666666767,0.0012164444444446865,0.0002794231847600289,0.45553705307190084,0.6091757622695512,1.1971561111111109,-0.00016211882086168044
hust_5-4,hust,hust,100,1.1778548666666666,median_qd_cycles_2_to_5,1722.0,1722.0,0,1515.0,1515.0,0,1515.0,1.1663641555555555,-0.012720488888889214,0.9892115558040511,-0.00010674214223869804,9.707876914805514e-06,0.012721488888889132,0.0012257777777782142,0.0002667236755940142,0.5352330861910535,0.5893791003643607,1.1760178222222224,-0.00012980090702948178
hust_5-5,hust,hust,100,1.1712627555555555,median_qd_cycles_2_to_5,1417.0,1417.0,0,1237.0,1237.0,0,1237.0,1.1857369777777775,0.015245733333333122,1.0130250725118146,7.63308554937298e-05,2.1786661112261907e-05,0.02132562222222245,0.0006199999999998429,0.0005303055554773831,-2.0893849540650304,-0.29207939526152416,1.1802673333333336,0.00015556870748299105
hust_5-6,hust,hust,100,1.2008194222222224,median_qd_cycles_2_to_5,2077.0,2077.0,0,1794.0,1794.0,0,1794.0,1.1868605555555556,-0.015462000000000087,0.9871398902660895,-0.00013623793499621195,1.563966737292319e-05,0.015480266666666687,0.0012158666666666207,0.00027826761021059387,0.4679403477058026,0.5962582432729614,1.1986432,-0.00015777551020408251
hust_5-7,hust,hust,100,1.1750904444444443,median_qd_cycles_2_to_5,1315.0,1315.0,0,1162.0,1162.0,0,1162.0,1.1613152222222223,-0.014687688888888717,0.9875104995488392,-0.00013638853899538482,1.561767272667234e-05,0.014697755555555192,0.0006345333333332981,0.0002618998302008415,0.43847883417210026,0.605378565675875,1.1729489555555557,-0.0001498743764172318
hust_6-1,hust,hust,100,1.1720305888888887,median_qd_cycles_2_to_5,1429.0,1429.0,0,1248.0,1248.0,0,1248.0,1.1583715555555556,-0.015192933333333158,0.9870540277273406,-0.00013039362110903491,1.4202329760482267e-05,0.015195888888888787,0.0012298888888888637,0.00028079549755065364,0.37458598472217286,0.6627453468295821,1.170501488888889,-0.00015502993197278732
hust_6-2,hust,hust,100,1.1820076,median_qd_cycles_2_to_5,1694.0,1694.0,0,1485.0,1485.0,0,1485.0,1.2004493555555555,0.01937399999999978,1.0164036950808162,0.00010971955610528682,3.099947696951024e-05,0.024249066666666375,0.0006193999999997146,0.0005481020769598843,-2.1181349826315974,-0.21004133300968808,1.192070711111111,0.00019769387755101816
hust_6-3,hust,hust,100,1.1795421555555556,median_qd_cycles_2_to_5,1604.0,1604.0,0,1428.0,1428.0,0,1428.0,1.1919808444444444,0.013668622222221982,1.011600170111487,5.272021328936511e-05,1.761417006528858e-05,0.019807044444444255,0.0012051555555556703,0.0005695024569340399,-2.032464749207138,-0.3480462075634091,1.1874820444444445,0.0001394757369614488
hust_6-4,hust,hust,100,1.175936388888889,median_qd_cycles_2_to_5,1526.0,1526.0,0,1322.0,1322.0,0,1322.0,1.1614153999999999,-0.015433377777777757,0.9868858445798615,-0.00013555675943103065,1.549579681310242e-05,0.015433377777777757,0.0006234888888889678,0.00026553742286806667,0.4780201903242101,0.5872927838757327,1.1737976222222224,-0.00015748344671201792
hust_6-5,hust,hust,100,1.183467088888889,median_qd_cycles_2_to_5,1921.0,1921.0,0,1671.0,1671.0,0,1671.0,1.1705514666666668,-0.013830733333333178,0.9883224069617619,-0.00012433906575962258,1.3164904619165037e-05,0.013836933333333246,0.0006187333333331768,0.0002769559808749727,0.5559709064661429,0.5342740323733621,1.1813215777777777,-0.00014112993197278753
hust_6-6,hust,hust,100,1.1696192333333333,median_qd_cycles_2_to_5,2204.0,2204.0,0,1908.0,1908.0,0,1908.0,1.1877953333333335,0.01910824444444459,1.0163501801518244,0.00012754017563390137,3.162506148592984e-05,0.024616422222222267,0.0012002666666666162,0.000560136447200646,-1.9163473528249166,-0.1786981244865846,1.1775236666666666,0.00019498208616780194
hust_6-8,hust,hust,100,1.2045327333333333,median_qd_cycles_2_to_5,1998.0,1998.0,0,1688.0,1688.0,0,1688.0,1.1868554,-0.018572333333333413,0.9845927442850714,-0.00017352826523739538,2.515663910933526e-05,0.018572333333333413,0.0006326666666662817,0.00028021124016888477,0.40353418998332147,0.6104816107438812,1.2023624,-0.0001895136054421777
hust_7-1,hust,hust,100,1.1810763777777777,median_qd_cycles_2_to_5,1498.0,1498.0,0,1295.0,1295.0,0,1295.0,1.1666304,-0.015359066666666532,0.9870057499666383,-0.00013712388126158178,1.582249116490362e-05,0.015360622222222231,0.0006541333333334176,0.00026254069634531145,0.46262572537798735,0.5868362514912694,1.1789252444444445,-0.00015672517006802583
hust_7-2,hust,hust,100,1.1927971555555557,median_qd_cycles_2_to_5,1841.0,1841.0,0,1624.0,1624.0,0,1624.0,1.1899213333333332,-0.0007002666666666713,0.9994118478392575,-8.820889356145667e-05,1.0948847092919372e-05,0.010507044444444391,0.0006490888888890378,0.0004605833953124254,-0.27569586629693027,-2.7558387379750666,1.198596111111111,-7.145578231292564e-06
hust_7-3,hust,hust,100,1.1691378444444447,median_qd_cycles_2_to_5,1179.0,1179.0,0,1058.0,1058.0,0,1058.0,1.1575208666666668,-0.012208711111110881,0.989562791825522,-0.00011126612189924806,1.0297068205230768e-05,0.012208711111110881,0.0006329555555555366,0.00024605584273019744,0.3085274655056411,0.7069727200131081,1.1673119777777778,-0.0001245786848072539
hust_7-4,hust,hust,100,1.1707626,median_qd_cycles_2_to_5,1274.0,1274.0,0,1143.0,1143.0,0,1143.0,1.1590791555555557,-0.012566911111110857,0.9892741404860739,-0.00011375769724454517,1.0768582094076607e-05,0.012566911111110857,0.0006304222222222045,0.0002520222836898929,0.31702287972228477,0.7058455361468917,1.1692259777777776,-0.00012823378684806997
hust_7-5,hust,hust,100,1.1840834888888887,median_qd_cycles_2_to_5,1708.0,1708.0,0,1531.0,1531.0,0,1531.0,1.1918399777777777,0.01083771111111087,1.0091767064441797,-5.264124785255437e-06,1.1311689899840571e-05,0.018130422222222053,0.0006400666666663835,0.0005434750476238925,-1.6334085803476612,-0.5407252075654603,1.1926043555555554,0.00011058888888888644
hust_7-6,hust,hust,100,1.172648388888889,median_qd_cycles_2_to_5,1296.0,1296.0,0,1155.0,1155.0,0,1155.0,1.1593520000000002,-0.01420526666666655,0.9878955487983857,-0.0001252272988387159,1.3063928871853102e-05,0.01420526666666655,0.0006411777777777239,0.0002574791269042682,0.3445170403433832,0.6816114591296875,1.1710747555555556,-0.0001449517006802709
hust_7-7,hust,hust,100,1.1727752555555555,median_qd_cycles_2_to_5,1530.0,1530.0,0,1358.0,1358.0,0,1358.0,1.1605124444444443,-0.012870333333333539,0.9890314281263713,-0.00011906805772004992,1.1870494489780384e-05,0.012902599999999875,0.0006230444444441652,0.0002484894819483784,0.4052497668667538,0.6285545118886618,1.170923288888889,-0.00013132993197279122
hust_7-8,hust,hust,100,1.1828818,median_qd_cycles_2_to_5,1748.0,1748.0,0,1559.0,1559.0,0,1559.0,1.1950589333333335,0.0140281555555557,1.0118778916007176,4.1945880299608516e-05,1.5755860391774077e-05,0.019463488888888936,0.0006384666666665595,0.0005061641811648514,-2.1352707360476395,-0.3392796797289498,1.1914318222222222,0.0001431444444444459
hust_8-1,hust,hust,100,1.1743849111111113,median_qd_cycles_2_to_5,1184.0,1184.0,0,1056.0,1056.0,0,1056.0,1.1618150888888887,-0.013483155555555681,0.9885278859053098,-0.00011826435539062918,1.1672506194842333e-05,0.013483155555555681,0.0006412000000000084,0.00025676143948394966,0.3555944902187017,0.6789503993933995,1.1728242,-0.0001375832199546498
hust_8-2,hust,hust,100,1.1991273777777778,median_qd_cycles_2_to_5,1764.0,1764.0,0,1555.0,1555.0,0,1555.0,1.1842074,-0.015361777777777919,0.9871939208989715,-0.0001382319395313627,1.5943758040073024e-05,0.015361777777777919,0.0006389777777775496,0.00027557372844884566,0.36389451731091194,0.6715758190856674,1.1971169555555554,-0.00015675283446712162
hust_8-3,hust,hust,100,1.1824835777777778,median_qd_cycles_2_to_5,2069.0,2069.0,0,1835.0,1835.0,0,1835.0,1.192523911111111,0.012201444444444265,1.0103373821892099,2.3866173847330284e-05,1.325315925355283e-05,0.01839215555555551,0.0006439111111109508,0.0005005494282994532,-2.0095729273154896,-0.3860680333091862,1.1913177777777777,0.00012450453514739046
hust_8-4,hust,hust,100,1.1772110555555555,median_qd_cycles_2_to_5,1694.0,1694.0,0,1508.0,1508.0,0,1508.0,1.165767311111111,-0.012358711111111198,0.9895098564347133,-0.00010864117748916398,9.913740406468257e-06,0.012369533333333571,0.0006708000000001935,0.00024673907939323883,0.421763977872296,0.6341817449299745,1.1756496,-0.00012610929705215507
hust_8-5,hust,hust,100,1.1704404444444445,median_qd_cycles_2_to_5,1219.0,1219.0,0,1085.0,1085.0,0,1085.0,1.1579617111111111,-0.013048666666666708,0.9888569162884542,-0.00011784813165669298,1.1588394032257116e-05,0.013048666666666708,0.000676422222222417,0.0002503250279688389,0.3678935574958407,0.6485961238954251,1.1685505555555555,-0.000133149659863946
hust_8-6,hust,hust,100,1.2186259555555554,median_qd_cycles_2_to_5,1976.0,1976.0,0,1739.0,1739.0,0,1739.0,1.2038268888888888,-0.016016466666666673,0.9868700627882075,-0.0001392022689479667,1.628763820670945e-05,0.016016466666666673,0.0012392222222221694,0.0003008746078807992,0.4521199341258798,0.5893953313025421,1.2161549777777778,-0.0001634333333333334
hust_8-7,hust,hust,100,1.179392088888889,median_qd_cycles_2_to_5,1796.0,1796.0,0,1583.0,1583.0,0,1583.0,1.169028688888889,-0.011254088888888791,0.9904649215418716,-9.577385583727069e-05,7.803347492917936e-06,0.011254088888888791,0.000663622222222271,0.00023143985944576277,0.5319395250651617,0.5502468652229742,1.1778229111111111,-0.00011483764172335501
hust_8-8,hust,hust,100,1.1860977222222222,median_qd_cycles_2_to_5,1508.0,1508.0,0,1343.0,1343.0,0,1343.0,1.1976055777777779,0.013324133333333599,1.011250816599245,3.4733703016571065e-05,1.5022340716000043e-05,0.019503488888888976,0.0006321999999996386,0.0005418632746556683,-2.175599464085619,-0.3769039594250371,1.195250222222222,0.00013596054421768979
hust_9-1,hust,hust,100,1.1987863,median_qd_cycles_2_to_5,1842.0,1842.0,0,1635.0,1635.0,0,1635.0,1.202262311111111,0.005127044444444451,1.004282761177624,-4.4630081220359056e-05,1.0053272904371297e-05,0.014315755555555754,0.0006468888888890856,0.0004865034987167751,-0.7394215869217601,-0.8844713563338157,1.2065740444444446,5.231678004535154e-05
hust_9-2,hust,hust,100,1.191414388888889,median_qd_cycles_2_to_5,1901.0,1901.0,0,1670.0,1670.0,0,1670.0,1.198796488888889,0.008293866666666538,1.0069666933208303,4.974177145686615e-07,1.0695377044420359e-05,0.015105044444444271,0.0006858444444446388,0.00047553562591842784,-1.5307732005943355,-0.5101058257205616,1.199020266666667,8.463129251700549e-05
hust_9-3,hust,hust,100,1.1937547444444445,median_qd_cycles_2_to_5,1703.0,1703.0,0,1516.0,1516.0,0,1516.0,1.1997926444444444,0.008460200000000029,1.0071014602510429,-1.3402464371597253e-05,9.86051744917645e-06,0.01581593333333342,0.0006476888888886645,0.0004916647376955832,-1.3588010695560317,-0.6037961694041152,1.2016820666666668,8.632857142857173e-05
hust_9-4,hust,hust,100,1.195114888888889,median_qd_cycles_2_to_5,1767.0,1767.0,0,1579.0,1579.0,0,1579.0,1.2008973555555555,0.007940999999999976,1.0066565721059442,-1.839475517074002e-05,9.592388848734376e-06,0.015306133333333305,0.0006138666666666293,0.00047243749235489267,-1.287033637863344,-0.6558755273884244,1.2030471555555555,8.103061224489771e-05
hust_9-5,hust,hust,100,1.1866638444444444,median_qd_cycles_2_to_5,1935.0,1935.0,0,1705.0,1705.0,0,1705.0,1.1911385777777777,0.005977133333333162,1.0050433072737486,-2.5140960626671017e-05,8.547392467413577e-06,0.013394288888888717,0.0006419555555556844,0.0004474288304347966,-1.0227335644678546,-0.731719190826291,1.1936704666666667,6.0991156462583286e-05
hust_9-6,hust,hust,100,1.1933857,median_qd_cycles_2_to_5,1549.0,1549.0,0,1370.0,1370.0,0,1370.0,1.1958270222222223,0.004612355555555503,1.0038719768020168,-5.2680134405269436e-05,1.1191857687228707e-05,0.01403713333333334,0.0006316444444447455,0.0004883615341156382,-0.6120598932671433,-1.0193275738726517,1.2009880222222222,4.7064852607709215e-05
hust_9-7,hust,hust,100,1.1868888444444443,median_qd_cycles_2_to_5,1807.0,1807.0,0,1608.0,1608.0,0,1608.0,1.193533688888889,0.007101733333333415,1.0059857906726795,-1.4089442451719118e-05,1.0453462616266285e-05,0.01454982222222223,0.000646066666666556,0.0004843910877437864,-1.2988441920727403,-0.6053483696309802,1.195553177777778,7.24666666666675e-05
hust_9-8,hust,hust,100,1.1768295777777777,median_qd_cycles_2_to_5,2075.0,2075.0,0,1825.0,1825.0,0,1825.0,1.187630711111111,0.01326964444444445,1.0112994587619542,2.8982567992866985e-05,1.3224320352251493e-05,0.01884706666666669,0.0006379111111112223,0.000520480752967599,-2.2895207845003815,-0.38694999918602135,1.1859810444444445,0.00013540453514739235
