cell_id,n_cycles,cycle_life,IR_delta,dQd_slope,Qd_mean,IR_slope,Tavg_mean,IR_mean,Qd_std,IR_std,dqdv_peak_delta,dqdv_peak_std,dqdv_area_delta,dqdv_peakpos_delta,stored_cycle_life,q0,eol_80pct_q0_cycle,eol_80pct_q0_label,is_censored_80pct_q0,eol_88ah_cycle,eol_88ah_label,is_censored_88ah,observed_cycle_count,gap_to_stored_cycle_life,needs_relabel,merge_status,kept_for_modeling
b1c0,25,1190.0,0.016572051,0.0097340404615384,1.050162108,0.0001477609523076,30.398941981871612,0.01604543288,0.2328620382546814,0.0033073018000786,-0.0255264214196717,0.0054121163053043,-744.9169182161999,3.0,1852.0,1.0706892,1980.0,1980.0,0.0,1966.0,1966.0,0.0,1995.0,-143.0,0.0,continued_from_b2c7,1.0
b1c0,50,1190.0,0.016621681,0.0020062379687875,1.063358666,3.530063510204082e-05,30.97851992846357,0.01632425832,0.1651866283509057,0.002355214431864,0.0,0.005045419458177,-744.8179307692484,0.0,1852.0,1.0706892,1980.0,1980.0,0.0,1966.0,1966.0,0.0,1995.0,-143.0,0.0,continued_from_b2c7,1.0
b1c0,100,1190.0,0.016667154,0.0004412743288328,1.0697906089999998,9.294473111311103e-06,31.28770985553454,0.01647688882,0.1169821094902926,0.0016728306004161,0.0,0.0050407994252651,-737.8886947968984,999.0,1852.0,1.0706892,1980.0,1980.0,0.0,1966.0,1966.0,0.0,1995.0,-143.0,0.0,continued_from_b2c7,1.0
b1c1,25,1179.0,0.016898235,0.0101951224615384,1.037350396,0.0001663935846153,30.24617377107907,0.0155371125199999,0.2117587994225439,0.0045818932255699,0.0,0.0006999561882698,-748.112101418385,0.0,2160.0,1.0753012,2099.0,2099.0,0.0,2082.0,2082.0,0.0,2125.0,35.0,1.0,continued_from_b2c8,1.0
b1c1,50,1179.0,0.016904702,0.0026079567731092,1.0596138279999998,6.19654286194479e-05,30.745152082666554,0.01622508702,0.1513821647506879,0.0033121626235516,0.0,0.0007705405623713,-742.6777838389803,897.0,2160.0,1.0753012,2099.0,2099.0,0.0,2082.0,2082.0,0.0,2125.0,35.0,1.0,continued_from_b2c8,1.0
b1c1,100,1179.0,0.01699684,0.0006476957569756,1.070434411,1.869190525052503e-05,31.017011163858175,0.0165833349799999,0.1075891664288397,0.0023695974412413,0.0,0.0011557691144689,-741.684287865397,0.0,2160.0,1.0753012,2099.0,2099.0,0.0,2082.0,2082.0,0.0,2125.0,35.0,1.0,continued_from_b2c8,1.0
b1c10,25,906.0,0.016520184,0.010202641,1.03670392,0.0001643427061538,31.937202622933142,0.01519391908,0.2116288951954699,0.0044806235651981,0.0,0.0029818087742407,-740.7991779252569,53.0,,,,,,,,,,,,,
b1c10,50,906.0,0.016550977,0.0026474762304922,1.059588522,6.079326775510199e-05,32.5264227836059,0.01586231798,0.1513839592196852,0.0032380358027849,0.0,0.0021995975802262,-745.116727400326,999.0,,,,,,,,,,,,,
b1c10,100,906.0,0.016675979,0.0006671374389438,1.070887572,1.9048915463546303e-05,32.87606916177769,0.01623268906,0.1076396041437491,0.0023198582954067,0.0,0.0029597641352622,-737.1399432676881,0.0,,,,,,,,,,,,,
b1c11,25,788.0,0.016136453,0.0099829789230769,1.0161635480000002,0.0001438379392307,31.500508991486317,0.0149578708,0.2074345104775348,0.0044140260170582,0.0,0.0062972797130567,-732.5503680696382,999.0,788.0,1.0537786,,788.0,1.0,,788.0,1.0,787.0,1.0,0.0,native,1.0
b1c11,50,788.0,0.016156863,0.0025856886674669,1.03846053,5.366209503001214e-05,32.07812027438441,0.0155508857,0.1483633933964753,0.0031770370038328,0.0,0.0047096601170091,-728.6258231110431,0.0,788.0,1.0537786,,788.0,1.0,,788.0,1.0,787.0,1.0,0.0,native,1.0
b1c11,100,788.0,0.0162715,0.0006509144020402,1.049483047,1.6853213951395083e-05,32.4317293801687,0.01587671327,0.105486571258053,0.0022706323527367,0.0,0.0044412369706859,-724.1475010018163,0.0,788.0,1.0537786,,788.0,1.0,,788.0,1.0,787.0,1.0,0.0,native,1.0
b1c12,25,902.0,0.01642056,0.0101212547692307,1.0379415,0.0001481262523076,32.04395405317677,0.0157741638,0.2118724079384552,0.0032200987600403,0.0,0.0,-738.9467874846893,39.0,,,,,,,,,,,,,
b1c12,50,902.0,0.016425503,0.0026055516206482,1.06025857,3.767969786314517e-05,32.7154514180094,0.01609379956,0.1514695367632637,0.0022992953777801,0.0,0.0,-739.389310346073,45.0,,,,,,,,,,,,,
b1c12,100,902.0,0.016531222,0.0006550641458145,1.071333671,1.059726580858083e-05,33.12344169500137,0.0162746656699999,0.1076765111558684,0.0016365674618405,0.0,0.0,-729.9560394318722,46.0,,,,,,,,,,,,,
b1c13,25,897.0,0.01700953,0.0101375451538461,1.040262164,0.0001533287146153,30.717414016852896,0.01634603724,0.2123460078364137,0.0033368523221061,0.0,0.0,-742.9991468840932,53.0,,,,,,,,,,,,,
b1c13,50,897.0,0.017027462,0.0026019620168067,1.062518092,3.94016881632654e-05,31.365260832695217,0.016681288,0.1517917745163931,0.002383222434554,0.0,0.0019337225343899,-749.752161749439,0.0,,,,,,,,,,,,,
b1c13,100,897.0,0.01714633,0.0006484489558955,1.073430505,1.112547391539149e-05,31.771244679727488,0.01686618544,0.1078869247413164,0.0016968731590132,0.0,0.0016630722381566,-731.7964996069159,34.0,,,,,,,,,,,,,
b1c14,25,880.0,0.01690465,0.010053379,1.031491084,0.0001493062953846,31.763813160997593,0.01633488456,0.2105574491956923,0.0033465110944778,0.0,0.0014217041202908,-735.5177102729981,0.0,880.0,1.0709661,,880.0,1.0,,880.0,1.0,879.0,1.0,0.0,native,1.0
b1c14,50,880.0,0.016963098,0.0026083298919567,1.053992784,3.694391255702274e-05,32.37269099210505,0.01663472034,0.1505774135627868,0.0023852966677737,0.0,0.0010157144841448,-736.0394272487337,0.0,880.0,1.0709661,,880.0,1.0,,880.0,1.0,879.0,1.0,0.0,native,1.0
b1c14,100,880.0,0.017053071,0.0006647239531953,1.065341888,1.0077067110710994e-05,32.746688171939034,0.01680525182,0.1070777780860896,0.0016967550464953,0.0,0.0021337331854378,-728.2752360391113,48.0,880.0,1.0709661,,880.0,1.0,,880.0,1.0,879.0,1.0,0.0,native,1.0
b1c15,25,719.0,0.016733406,0.0100024462307692,1.023179456,0.000139097266923,31.738493317351377,0.01619668296,0.2088628805657129,0.0033201605877401,0.0,0.0006267493916487,-730.9989859018409,0.0,719.0,1.0611236,,719.0,1.0,,719.0,1.0,718.0,1.0,0.0,native,1.0
b1c15,50,719.0,0.016804634,0.002601110722689,1.045653832,3.495914751500589e-05,32.38646720800082,0.01648352626,0.1493886462696565,0.0023652221569589,0.0,0.0004477713934572,-729.2631208353948,48.0,719.0,1.0611236,,719.0,1.0,,719.0,1.0,718.0,1.0,0.0,native,1.0
b1c15,100,719.0,0.016914751,0.0006624381236123,1.0569803169999998,1.05619611341134e-05,32.816242903351714,0.01667158657,0.106239569521882,0.0016847157786408,0.0,0.0023822456419468,-727.0428818970483,0.0,719.0,1.0611236,,719.0,1.0,,719.0,1.0,718.0,1.0,0.0,native,1.0
b1c16,25,862.0,0.016661555,0.0101411451538461,1.041531728,0.0001498199261538,31.024852740313776,0.0153423331999999,0.2126067674953373,0.0045244516875571,0.0,0.0045075805063713,-744.5956342983543,0.0,862.0,1.0811664,,862.0,1.0,,862.0,1.0,861.0,1.0,0.0,native,1.0
b1c16,50,862.0,0.016694959,0.0026297751644657,1.064214576,5.907525752701079e-05,31.651737360855915,0.01601110872,0.1520372927761614,0.003268440311967,0.0,0.0043147132105532,-740.205801015923,946.0,862.0,1.0811664,,862.0,1.0,,862.0,1.0,861.0,1.0,0.0,native,1.0
b1c16,100,862.0,0.016816031,0.0006678998049804,1.075604861,1.841120882088214e-05,32.092990921249715,0.01636357366,0.1081089186715461,0.0023393900756826,-0.0051798100483965,0.0041233944226033,-738.3697567135267,0.0,862.0,1.0811664,,862.0,1.0,,862.0,1.0,861.0,1.0,0.0,native,1.0
b1c17,25,857.0,0.016638942,0.0100859309999999,1.03281104,0.0001501336415384,30.650231581411227,0.01597914712,0.2108257514192931,0.0032619844910797,0.0,0.0,-734.3410779360665,0.0,857.0,1.072052,,857.0,1.0,,857.0,1.0,856.0,1.0,0.0,native,1.0
b1c17,50,857.0,0.016690899,0.0026006180120048,1.055136222,3.951949406962799e-05,31.308889611664902,0.01632098036,0.1507387374007813,0.0023317901420452,0.0,0.000719609787069,-735.681660121654,999.0,857.0,1.072052,,857.0,1.0,,857.0,1.0,856.0,1.0,0.0,native,1.0
b1c17,100,857.0,0.016800802,0.0006572200480048,1.0663351739999998,1.1390297953795375e-05,31.767866319949093,0.01650946526,0.1071757976488289,0.0016625835946329,0.0,0.0027949672215926,-725.0505296351163,0.0,857.0,1.072052,,857.0,1.0,,857.0,1.0,856.0,1.0,0.0,native,1.0
b1c18,25,691.0,0.019886132,0.0099909459230769,1.026469336,0.0001835642953846,30.07463772106011,0.01909068672,0.2095300757635101,0.0038968701086105,0.0,3.781281868243656e-05,-729.3758596636069,817.0,691.0,1.0661705,,691.0,1.0,,691.0,1.0,690.0,1.0,0.0,native,1.0
b1c18,50,691.0,0.019886132,0.0050609463817526,1.084283868,4.679089882352921e-05,30.712150402856373,0.01948840936,0.2975114608847232,0.0027840584799999,0.0,2.701478252326831e-05,-721.1669091236007,40.0,691.0,1.0661705,,691.0,1.0,,691.0,1.0,690.0,1.0,0.0,native,1.0
b1c18,100,691.0,0.015891589,0.000359619080108,1.0755789489999998,-4.744324481848189e-05,31.512746702861836,0.01782470687,0.2105546447291959,0.0026620532457676,-0.0014952142719703,0.0005175310181569,-716.6587008564619,0.0,691.0,1.0661705,,691.0,1.0,,691.0,1.0,690.0,1.0,0.0,native,1.0
b1c19,25,788.0,0.016303297,0.0101509153846153,1.044837548,0.0001474127699999,31.634351263283875,0.0156497106399999,0.2132789007574262,0.0031947764059463,0.0,0.0,-735.7285915672644,33.0,788.0,1.0851147,,788.0,1.0,,788.0,1.0,787.0,1.0,0.0,native,1.0
b1c19,50,788.0,0.016328191,0.0025900223337334,1.066893318,3.818243447779104e-05,32.32069655240128,0.0159782074,0.1524152443037358,0.0022828432468687,0.0,0.0,-732.7325185433637,33.0,788.0,1.0851147,,788.0,1.0,,788.0,1.0,787.0,1.0,0.0,native,1.0
b1c19,100,788.0,0.01638364,0.0006365072817281,1.0774847869999995,1.0567779219922076e-05,32.713644543106625,0.01616162039,0.1082939910784145,0.0016249009284582,0.0,0.0006519848902173,-729.7311094702185,40.0,788.0,1.0851147,,788.0,1.0,,788.0,1.0,787.0,1.0,0.0,native,1.0
b1c2,25,1177.0,0.01674987,0.0101869846923076,1.04115918,0.0001668292399999,30.398499446710098,0.0153828732399999,0.2125327233642085,0.0045364354053853,0.0,0.0025174786842259,-741.4716798421218,39.0,2237.0,1.0799223,1976.0,1976.0,0.0,1967.0,1967.0,0.0,1995.0,242.0,1.0,continued_from_b2c9,1.0
b1c2,50,1177.0,0.016749149,0.002613700542617,1.063500544,6.201866223289312e-05,30.889876226120183,0.0160714333,0.1519349173208346,0.0032808647690254,0.0,0.0022960889310315,-751.2094179871447,0.0,2237.0,1.0799223,1976.0,1976.0,0.0,1967.0,1967.0,0.0,1995.0,242.0,1.0,continued_from_b2c9,1.0
b1c2,100,1177.0,0.016854173,0.0006547647830783,1.074517485,1.88166644524452e-05,31.164788272079093,0.01643359903,0.1079978422958295,0.0023483799264254,0.0,0.0016669307208906,-744.7322102340979,999.0,2237.0,1.0799223,1976.0,1976.0,0.0,1967.0,1967.0,0.0,1995.0,242.0,1.0,continued_from_b2c9,1.0
b1c20,25,534.0,0.015240522,0.0098886274615384,1.03125774,0.0001281654938461,30.971787172882895,0.0141631219199999,0.2105095811079486,0.0041782466180476,-0.0035265814916664,0.000691066015274,-741.9796802493884,4.0,534.0,1.07263,,534.0,1.0,,534.0,1.0,533.0,1.0,0.0,native,1.0
b1c20,50,534.0,0.015167462,0.0024593392749099,1.051914956,4.654581767106839e-05,31.508742714837176,0.0146775817399999,0.1502805697939559,0.0029989609836482,0.0,0.0004937214088332,-726.3415053524782,0.0,534.0,1.07263,,534.0,1.0,,534.0,1.0,533.0,1.0,0.0,native,1.0
b1c20,100,534.0,0.015160209,0.0004999247458745,1.059142675,1.2649842466246669e-05,31.83139279736961,0.0149061587699999,0.1065284121713999,0.0021329748575357,0.0,0.000350890428014,-714.8437008973514,999.0,534.0,1.07263,,534.0,1.0,,534.0,1.0,533.0,1.0,0.0,native,1.0
b1c21,25,559.0,0.015006334,0.010020101076923,1.041071564,0.0001341839838461,31.93027410248627,0.01391447172,0.2125128215856067,0.0041039648890371,0.0,0.0,-766.1433749031853,0.0,559.0,1.0824388,,559.0,1.0,,559.0,1.0,558.0,1.0,0.0,native,1.0
b1c21,50,559.0,0.015000514,0.0025398337623049,1.06266061,4.864099908763509e-05,32.52802005315853,0.0144530258,0.1518124539218693,0.0029516595834156,0.0,0.0015418638912868,-736.7634288428003,40.0,559.0,1.0824388,,559.0,1.0,,559.0,1.0,558.0,1.0,0.0,native,1.0
b1c21,100,559.0,0.015144967,0.0005635516297629,1.071404233,1.6148156717671713e-05,32.80560397424297,0.01478843151,0.1077112610267989,0.0021141635554463,0.0,0.0027820813772376,-723.1856261720106,60.0,559.0,1.0824388,,559.0,1.0,,559.0,1.0,558.0,1.0,0.0,native,1.0
b1c22,25,891.0,0.01655459,0.0100972342307692,1.039502196,0.0001476860384615,31.421911547412897,0.0159148873999999,0.2121900148858838,0.0032490095279499,0.0,0.0025215766119877,-742.7834393544082,60.0,,,,,,,,,,,,,
b1c22,50,891.0,0.016498478,0.002581638967587,1.0615359060000005,3.80371226890756e-05,32.09658038427867,0.016238957,0.1516502305273136,0.0023201828099199,0.0,0.0018183896483843,-741.4226566620586,0.0,,,,,,,,,,,,,
b1c22,100,891.0,0.016682273,0.0006367991797179,1.072150017,1.1032426576657644e-05,32.51547371038611,0.0164260535699999,0.1077576464368743,0.0016529612459651,0.0,0.0015564332322056,-730.5754840331132,0.0,,,,,,,,,,,,,
b1c23,25,1014.0,0.016784169,0.0100693594615384,1.039110508,0.0001502247784615,30.60379118546812,0.01612978244,0.2121094098150517,0.0032928032644208,0.0,0.0,-749.0298698461172,999.0,1014.0,1.0792934,,1014.0,1.0,,1014.0,1.0,1013.0,1.0,0.0,native,1.0
b1c23,50,1014.0,0.016717058,0.0025708149579831,1.061006362,3.888141411764704e-05,31.260565441766612,0.01646239986,0.1515738563124101,0.0023520560689092,0.0,0.0038090063067144,-737.6472804433424,34.0,1014.0,1.0792934,,1014.0,1.0,,1014.0,1.0,1013.0,1.0,0.0,native,1.0
b1c23,100,1014.0,0.016928671,0.0006363017251725,1.0716364470000002,1.1342665742574274e-05,31.670866801703188,0.01665576256,0.1077053865423735,0.0016761780869325,0.0,0.0027209024769246,-731.559793242179,0.0,1014.0,1.0792934,,1014.0,1.0,,1014.0,1.0,1013.0,1.0,0.0,native,1.0
b1c24,25,1017.0,0.01655318,0.010040086076923,1.034433736,0.0001487917130769,31.97371434184674,0.0158891173599999,0.2111550342705584,0.0032436625538711,0.0,2.5648180218924476e-05,-734.738544345355,0.0,1017.0,1.0745355,,1017.0,1.0,,1017.0,1.0,1016.0,1.0,0.0,native,1.0
b1c24,50,1017.0,0.016568888,0.0025750292388955,1.056447874,3.842121402160853e-05,32.64142893697245,0.0162187302,0.1509234989538406,0.00231720331868,0.0,1.8323945023798725e-05,-736.7719736107289,0.0,1017.0,1.0745355,,1017.0,1.0,,1017.0,1.0,1016.0,1.0,0.0,native,1.0
b1c24,100,1017.0,0.016682969,0.0006423798865886,1.0672528549999998,1.1367200156015544e-05,33.04428331230595,0.0164215744,0.1072652976480878,0.0016517469026874,0.0,1.3022925069222926e-05,-731.5025298892308,0.0,1017.0,1.0745355,,1017.0,1.0,,1017.0,1.0,1016.0,1.0,0.0,native,1.0
b1c25,25,854.0,0.016558962,0.0100629187692307,1.035203368,0.0001487816161538,32.43295101332044,0.01590506256,0.2113125174541588,0.0032469139908131,0.0,0.0,-739.1834414372274,0.0,854.0,1.0752345,,854.0,1.0,,854.0,1.0,853.0,1.0,0.0,native,1.0
b1c25,50,854.0,0.016588176,0.0025833396782713,1.05730716,3.8270645330131954e-05,33.11024456360347,0.01623271666,0.1510465868182661,0.0023192001783667,0.0,0.000828436430901,-737.7240961447803,0.0,854.0,1.0752345,,854.0,1.0,,854.0,1.0,853.0,1.0,0.0,native,1.0
b1c25,100,854.0,0.016688013,0.0006413974311431,1.0680594090000002,1.120358279027897e-05,33.5100715032098,0.0164301803799999,0.1073464494034591,0.0016525277155489,0.0,0.0005887741722771,-733.2753734893039,0.0,854.0,1.0752345,,854.0,1.0,,854.0,1.0,853.0,1.0,0.0,native,1.0
b1c26,25,870.0,0.016244587,0.0101531276923076,1.047132112,0.000146052016923,31.74028399964375,0.0155969040799999,0.2137468879481772,0.0031839685659217,-0.0037385512133683,0.0013986957694694,-756.8293757114502,2.0,870.0,1.0876514,,870.0,1.0,,870.0,1.0,869.0,1.0,0.0,native,1.0
b1c26,50,870.0,0.016289866,0.0025891676110444,1.069164686,3.787191366146462e-05,32.41946839789173,0.01592001932,0.1527395398246858,0.0022745105753282,0.0,0.0032220562860786,-749.3481855163,999.0,870.0,1.0876514,,870.0,1.0,,870.0,1.0,869.0,1.0,0.0,native,1.0
b1c26,100,870.0,0.016389275,0.0006331072481248,1.0796685450000003,1.125821116111614e-05,32.82484992054074,0.01612263692,0.1085141614914112,0.0016216205706471,0.0,0.003189062123027,-741.0475950183597,0.0,870.0,1.0876514,,870.0,1.0,,870.0,1.0,869.0,1.0,0.0,native,1.0
b1c27,25,842.0,0.016052196,0.0100794745384615,1.038770428,0.0001448019953846,32.44214417273616,0.01540748352,0.2120401315330105,0.0031452746336892,0.0,0.0023885118243152,-759.5068559624004,0.0,842.0,1.0790461,,842.0,1.0,,842.0,1.0,841.0,1.0,0.0,native,1.0
b1c27,50,842.0,0.016091034,0.0025728483793517,1.060704798,3.778889354141659e-05,33.14170698269336,0.01573166144,0.1515310718545665,0.0022475819594919,0.0,0.0023273907789343,-737.4929766628738,0.0,842.0,1.0790461,,842.0,1.0,,842.0,1.0,841.0,1.0,0.0,native,1.0
b1c27,100,842.0,0.016206481,0.0006323544560455,1.071215679,1.1359463654365424e-05,33.55602030368522,0.0159379176,0.107663818293713,0.0016031871859637,0.0,0.0017401906354994,-733.2442608296251,0.0,842.0,1.0790461,,842.0,1.0,,842.0,1.0,841.0,1.0,0.0,native,1.0
b1c28,25,860.0,0.01662422,0.0100515014615384,1.037469012,0.0001498664061538,32.313259257852636,0.015958006,0.2117739341672762,0.0032576674794647,0.0,0.0024493065049419,-749.5608342353479,12.0,860.0,1.0777475,,860.0,1.0,,860.0,1.0,859.0,1.0,0.0,native,1.0
b1c28,50,860.0,0.016682675,0.0025626793373349,1.05927852,3.953739913565416e-05,33.00609001291069,0.0162986929,0.1513266590125427,0.0023286418189023,0.0,0.001749869088563,-736.5791993818017,0.0,860.0,1.0777475,,860.0,1.0,,860.0,1.0,859.0,1.0,0.0,native,1.0
b1c28,100,860.0,0.016805848,0.0006345002286228,1.0698886730000003,1.192117870387039e-05,33.43606251979158,0.0165132371699999,0.1075293948806779,0.0016614474417592,0.0,0.0012436412569295,-730.41963499276,0.0,860.0,1.0777475,,860.0,1.0,,860.0,1.0,859.0,1.0,0.0,native,1.0
b1c29,25,917.0,0.016502012,0.0100907442307692,1.039316388,0.0001490035538461,31.298331686632327,0.01583759216,0.2121515717799108,0.003233072538368,0.0,0.0013009162638785,-741.4358495501069,0.0,917.0,1.0794537,,917.0,1.0,,917.0,1.0,916.0,1.0,0.0,native,1.0
b1c29,50,917.0,0.01654968,0.0025770401968787,1.061278934,3.89574998799519e-05,31.96731983475179,0.01617223662,0.151612996989842,0.00231052702672,0.0,0.0009294194713388,-742.031423506323,0.0,917.0,1.0794537,,917.0,1.0,,917.0,1.0,916.0,1.0,0.0,native,1.0
b1c29,100,917.0,0.016644154,0.0006381794329432,1.0719549930000003,1.1670330279027812e-05,32.377114457540216,0.01638006839,0.1077374262103789,0.0016480121119397,0.0,0.0007082697651442,-730.8160370415761,19.0,917.0,1.0794537,,917.0,1.0,,917.0,1.0,916.0,1.0,0.0,native,1.0
b1c3,25,1226.0,0.016273182,0.0101475562307692,1.040303088,0.000163156626923,28.871106283504897,0.0149921374399999,0.2123562026596865,0.0044211827185308,0.0,0.0,-745.0173382828945,801.0,1434.0,1.0797229,1626.0,1626.0,0.0,1621.0,1621.0,0.0,1639.0,-205.0,0.0,continued_from_b2c15,1.0
b1c3,50,1226.0,0.016290145,0.0026247005138055,1.062904148,5.982806756302518e-05,29.351317976229144,0.01564514358,0.1518498994356443,0.0031937628912231,0.0,0.0020132016812965,-744.3515652642011,0.0,1434.0,1.0797229,1626.0,1626.0,0.0,1621.0,1621.0,0.0,1639.0,-205.0,0.0,continued_from_b2c15,1.0
b1c3,100,1226.0,0.016408285,0.0006611514875487,1.07409948,1.8023054761476153e-05,29.64277681987686,0.01598469448,0.1079565152276471,0.0022842758272481,0.0,0.0041314451775598,-737.1094620839966,60.0,1434.0,1.0797229,1626.0,1626.0,0.0,1621.0,1621.0,0.0,1639.0,-205.0,0.0,continued_from_b2c15,1.0
b1c30,25,709.0,0.015959136,0.0100921353846153,1.039786284,0.0001441161123076,32.09160414519974,0.01531835992,0.2122475118237793,0.003127061121193,0.0,0.0,-743.8743584151101,39.0,709.0,1.0798637,,709.0,1.0,,709.0,1.0,708.0,1.0,0.0,native,1.0
b1c30,50,709.0,0.015999014,0.0025703860936374,1.061613092,3.7979846386554664e-05,32.78813372218215,0.01564662086,0.1516606926636758,0.002235438255321,-0.0013297857925784,0.0001861700109609,-744.9767816586029,1.0,709.0,1.0798637,,709.0,1.0,,709.0,1.0,708.0,1.0,0.0,native,1.0
b1c30,100,709.0,0.016130757,0.0006273795799579,1.07199548,1.130977768376833e-05,33.20468742385532,0.01584933199,0.1077427040825252,0.0015943233808727,0.0,0.0001323120157658,-728.7273220996201,40.0,709.0,1.0798637,,709.0,1.0,,709.0,1.0,708.0,1.0,0.0,native,1.0
b1c31,25,876.0,0.016814314,0.0102092039230769,1.0539024,0.0001517418992307,29.109745154599064,0.01615949912,0.2151286350645473,0.0032987523870693,0.0,0.0,-750.6574859188172,0.0,876.0,1.0946392,,876.0,1.0,,876.0,1.0,875.0,1.0,0.0,native,1.0
b1c31,50,876.0,0.016858719,0.0025861864249699,1.07579711,3.9554269291716856e-05,29.7282477119383,0.01649848484,0.1536867249498371,0.0023571053665432,0.0,0.0031633145982948,-770.092419991766,54.0,876.0,1.0946392,,876.0,1.0,,876.0,1.0,875.0,1.0,0.0,native,1.0
b1c31,100,876.0,0.016962912,0.0006263009726972,1.0860977210000002,1.1356745478547866e-05,30.07164277769906,0.01669691048,0.109161257869302,0.0016791301168238,0.0,0.0040518068594923,-738.2761580881902,0.0,876.0,1.0946392,,876.0,1.0,,876.0,1.0,875.0,1.0,0.0,native,1.0
b1c32,25,731.0,0.016110394,0.0100603217692307,1.037585608,0.0001456693723076,31.655439773500376,0.01547039128,0.2117979607011019,0.0031580918645687,0.0,0.0,-737.8137101209592,5.0,731.0,1.0778366,,731.0,1.0,,731.0,1.0,730.0,1.0,0.0,native,1.0
b1c32,50,731.0,0.016168348,0.0025633296518607,1.05938912,3.843932979591834e-05,32.332196455725914,0.01580242858,0.1513426109167302,0.0022577004270361,0.0,0.0002398251643403,-738.5002637800623,33.0,731.0,1.0778366,,731.0,1.0,,731.0,1.0,730.0,1.0,0.0,native,1.0
b1c32,100,731.0,0.016290806,0.000629586260426,1.069864735,1.1446698475847604e-05,32.74969801527699,0.01600539361,0.1075277218345989,0.0016103836818425,0.0,0.0013553588808139,-722.6997145781113,39.0,731.0,1.0778366,,731.0,1.0,,731.0,1.0,730.0,1.0,0.0,native,1.0
b1c33,25,757.0,0.01644394,0.0102058046153846,1.052094508,0.0001484600630769,32.169419660664445,0.0158069206,0.2147600085215363,0.0032267887622813,0.0,0.0,-746.6206229819388,0.0,757.0,1.0924908,,757.0,1.0,,757.0,1.0,756.0,1.0,0.0,native,1.0
b1c33,50,757.0,0.016485181,0.0025951490132052,1.0741381120000002,3.82467532292917e-05,32.868695591784274,0.01613148756,0.1534498624813129,0.0023046866751573,0.0,0.0,-746.8831916090965,0.0,757.0,1.0924908,,757.0,1.0,,757.0,1.0,756.0,1.0,0.0,native,1.0
b1c33,100,757.0,0.016574621,0.0006296228370837,1.0845367300000002,1.0910296693669413e-05,33.33498063827802,0.0163189379,0.1090040674825224,0.0016415297235409,0.0,0.0,-739.4188382862073,999.0,757.0,1.0924908,,757.0,1.0,,757.0,1.0,756.0,1.0,0.0,native,1.0
b1c34,25,742.0,0.016811647,0.0100747421538461,1.0365096960000002,0.0001498194846153,31.201092762267457,0.0161540933199999,0.2115789961926249,0.003297849968613,0.0,0.0047958447389565,-732.5246454583466,0.0,742.0,1.0766174,,742.0,1.0,,742.0,1.0,741.0,1.0,0.0,native,1.0
b1c34,50,742.0,0.016857415,0.0025775459927971,1.058506154,3.9062501752701216e-05,31.89415546228037,0.01648810382,0.1512174993182776,0.002355769131855,0.0,0.0036086877427074,-731.1502350650438,31.0,742.0,1.0766174,,742.0,1.0,,742.0,1.0,741.0,1.0,0.0,native,1.0
b1c34,100,742.0,0.016954124,0.0006413220672067,1.069269289,1.1400728754875569e-05,32.33790615832239,0.01668664511,0.1074680187705774,0.0016788518891837,0.0,0.0025730792466824,-723.2388337138797,0.0,742.0,1.0766174,,742.0,1.0,,742.0,1.0,741.0,1.0,0.0,native,1.0
b1c35,25,703.0,0.016902851,0.0100126495384615,1.031018636,0.0001513194415384,30.679976320844126,0.01624141024,0.2104579912921889,0.0033155855595844,0.0,0.0,-736.5505106285864,52.0,703.0,1.0707464,,703.0,1.0,,703.0,1.0,702.0,1.0,0.0,native,1.0
b1c35,50,703.0,0.016969973,0.002567547452581,1.0529629859999998,3.9809353709483826e-05,31.35139809882697,0.01658380214,0.1504256087838544,0.0023693937803143,0.0,0.0,-730.5906728718367,5.0,703.0,1.0707464,,703.0,1.0,,703.0,1.0,702.0,1.0,0.0,native,1.0
b1c35,100,703.0,0.017091474,0.00064142180078,1.0637625969999998,1.2065483294329358e-05,31.77636103475647,0.01679742137,0.106914426839723,0.001690698034066,0.0,0.0,-743.679877557039,28.0,703.0,1.0707464,,703.0,1.0,,703.0,1.0,702.0,1.0,0.0,native,1.0
b1c36,25,704.0,0.016371395,0.0100763386923076,1.0379525200000002,0.0001482369307692,30.666952571119456,0.01571039532,0.2118734098711416,0.0032070807422425,0.0,0.004465331386573,-740.3893179379027,0.0,704.0,1.0778315,,704.0,1.0,,704.0,1.0,703.0,1.0,0.0,native,1.0
b1c36,50,704.0,0.01642707,0.0025713483457382,1.059851318,3.951379111644649e-05,31.331599055463617,0.0160540157999999,0.1514093245775275,0.0022936903952392,0.0,0.0053545059342417,-740.4657175353017,0.0,704.0,1.0778315,,704.0,1.0,,704.0,1.0,703.0,1.0,0.0,native,1.0
b1c36,100,704.0,0.016568536,0.0006353728244824,1.070463794,1.2119076579658044e-05,31.726413236361513,0.0162733688,0.1075879580483056,0.0016377415154229,0.0,0.0046412404228995,-727.5070638525616,33.0,704.0,1.0778315,,704.0,1.0,,704.0,1.0,703.0,1.0,0.0,native,1.0
b1c37,25,648.0,0.016482977,0.0100475232307692,1.0348823720000002,0.0001480094361538,31.51916010503286,0.015827721,0.2112466070075929,0.0032310940987296,0.0,0.0,-730.1671095778453,0.0,648.0,1.0748194,,648.0,1.0,,648.0,1.0,647.0,1.0,0.0,native,1.0
b1c37,50,648.0,0.016512562,0.0025650628715486,1.05673067,3.918278396158462e-05,32.20864614152815,0.01616717772,0.1509634730188177,0.0023098527662985,0.0,0.0,-736.1819440287118,5.0,648.0,1.0748194,,648.0,1.0,,648.0,1.0,647.0,1.0,0.0,native,1.0
b1c37,100,648.0,0.016675115,0.0006310204812481,1.067249742,1.1920555211521168e-05,32.630101883575946,0.0163809578,0.1072652775250362,0.0016483748983184,0.0,0.0002336243476493,-725.8073446391168,0.0,648.0,1.0748194,,648.0,1.0,,648.0,1.0,647.0,1.0,0.0,native,1.0
b1c38,25,617.0,0.01612119,0.0100250376923076,1.032820248,0.0001457048684615,32.20446313381911,0.01548927524,0.2108254724137804,0.0031619620162085,0.0,0.000227242034873,-757.1047803253216,819.0,617.0,1.0729513,,617.0,1.0,,617.0,1.0,616.0,1.0,0.0,native,1.0
b1c38,50,617.0,0.016196873,0.0025552949771908,1.054569062,3.886603524609837e-05,32.90934040876986,0.01582715712,0.1506542677404565,0.002261305786061,0.0,0.0001623495514523,-742.1867479229073,0.0,617.0,1.0729513,,617.0,1.0,,617.0,1.0,616.0,1.0,0.0,native,1.0
b1c38,100,617.0,0.016349318,0.0006299331899189,1.0650434910000002,1.2052409972997244e-05,33.35779909779967,0.0160499364,0.1070428109676339,0.0016151653137285,0.0,0.0005947994117616,-736.8619821746368,0.0,617.0,1.0729513,,617.0,1.0,,617.0,1.0,616.0,1.0,0.0,native,1.0
b1c39,25,625.0,0.016588327,0.0101259617692307,1.041947732,0.0001499302007692,32.044738228357936,0.01594625372,0.2126891815043571,0.0032552835498922,0.0,0.0036078459234067,-793.5364999822245,0.0,625.0,1.0817773,,625.0,1.0,,625.0,1.0,624.0,1.0,0.0,native,1.0
b1c39,50,625.0,0.016679151,0.0025920660024009,1.064080898,3.9952539975990326e-05,32.74027050754124,0.01629287678,0.1520138954279897,0.0023278655222234,0.0,0.0030030872245108,-756.4184910680242,27.0,625.0,1.0817773,,625.0,1.0,,625.0,1.0,624.0,1.0,0.0,native,1.0
b1c39,100,625.0,0.01683517,0.0006417493183318,1.0748024090000003,1.2460845202520102e-05,33.17136883985134,0.01652419351,0.1080239127127545,0.0016630530405551,0.0,0.0034136825016795,-751.2971864606607,0.0,625.0,1.0817773,,625.0,1.0,,625.0,1.0,624.0,1.0,0.0,native,1.0
b1c4,25,1227.0,0.01665174,0.0101263337692307,1.0382155839999998,0.0001647700099999,30.22974462393443,0.01534638436,0.2119295613955442,0.0045255668914212,0.0,0.0031461955233455,-743.4424513832928,0.0,1709.0,1.0784167,1708.0,1708.0,0.0,1698.0,1698.0,0.0,1725.0,-16.0,0.0,continued_from_b2c16,1.0
b1c4,50,1227.0,0.016651692,0.0026206560912364,1.060791694,6.005387202881153e-05,30.782857720867405,0.01600107214,0.1515478595654804,0.0032663609306334,0.0,0.0022535583890403,-735.2233037126568,39.0,1709.0,1.0784167,1708.0,1708.0,0.0,1698.0,1698.0,0.0,1725.0,-16.0,0.0,continued_from_b2c16,1.0
b1c4,100,1227.0,0.016734114,0.0006617035151515,1.072015096,1.7867592115211493e-05,31.134394995823985,0.01633550844,0.107747024218523,0.0023345582599426,0.0,0.0016036133498199,-743.460774350281,0.0,1709.0,1.0784167,1708.0,1708.0,0.0,1698.0,1698.0,0.0,1725.0,-16.0,0.0,continued_from_b2c16,1.0
b1c40,25,966.0,0.016622819,0.0101319895384615,1.043347156,0.0001506253738461,32.05238248064489,0.0159614734,0.2129746971898494,0.0032584060923107,0.0,1.3537502745276542e-05,-769.2674286915769,0.0,966.0,1.0833029,,966.0,1.0,,966.0,1.0,965.0,1.0,0.0,native,1.0
b1c40,50,966.0,0.016654251,0.002588597027611,1.065427626,3.960981925570224e-05,32.73480344720467,0.01630214476,0.1522059992163605,0.0023291778102479,0.0,9.671659117590749e-06,-766.1800304054348,0.0,966.0,1.0833029,,966.0,1.0,,966.0,1.0,965.0,1.0,0.0,native,1.0
b1c40,100,966.0,0.016823037,0.0006377398223822,1.0760606780000002,1.178886144614466e-05,33.125087322118084,0.0165124804799999,0.1081505844896305,0.0016611575759854,0.0,0.0002200117097991,-754.4165264435221,11.0,966.0,1.0833029,,966.0,1.0,,966.0,1.0,965.0,1.0,0.0,native,1.0
b1c41,25,1051.0,0.016694009,0.0100918416923076,1.039208048,0.0001507058584615,31.681423755946348,0.01603733796,0.2121298444768489,0.0032739683208052,0.0,0.0014808903213965,-770.9652768572112,0.0,1051.0,1.0789614,,1051.0,1.0,,1051.0,1.0,1050.0,1.0,0.0,native,1.0
b1c41,50,1051.0,0.01669799,0.002583544902761,1.061260692,3.914251961584643e-05,32.356441498266356,0.01637272418,0.1516108818208783,0.002339271699829,0.0,0.0013448486333041,-748.3013287976341,0.0,1051.0,1.0789614,,1051.0,1.0,,1051.0,1.0,1050.0,1.0,0.0,native,1.0
b1c41,100,1051.0,0.016855884,0.0006431646438643,1.072057919,1.1474905478547882e-05,32.742589307130864,0.0165774416,0.1077478642943215,0.0016673839117444,0.0,0.0020644614219035,-757.459854050996,5.0,1051.0,1.0789614,,1051.0,1.0,,1051.0,1.0,1050.0,1.0,0.0,native,1.0
b1c42,25,702.0,0.016670227,0.0101028741538461,1.040131892,0.0001506827584615,32.10303230431781,0.0159694807599999,0.2123184077241027,0.0032600691130005,0.0,6.433551565569126e-05,-770.8879033546037,0.0,702.0,1.0798725,,702.0,1.0,,702.0,1.0,701.0,1.0,0.0,native,1.0
b1c42,50,702.0,0.016721185,0.0025843073949579,1.062173754,4.038072292917152e-05,32.80991963129927,0.0163208729,0.1517412226967902,0.0023319371039595,0.0,4.5963512494457334e-05,-777.101778801888,44.0,702.0,1.0798725,,702.0,1.0,,702.0,1.0,701.0,1.0,0.0,native,1.0
b1c42,100,702.0,0.016871214,0.0006459453825382,1.073050292,1.2499834821482168e-05,33.249216571477724,0.01654846661,0.1078474705168338,0.0016656529517135,0.0,0.0027689008277642,-743.3675242412044,999.0,702.0,1.0798725,,702.0,1.0,,702.0,1.0,701.0,1.0,0.0,native,1.0
b1c43,25,651.0,0.016023984,0.0099584079230768,1.028307184,0.0001457182507692,31.916299324245283,0.0153766065999999,0.2099038295806223,0.003138936838874,0.0,0.0013367124807571,-761.6424470279898,12.0,651.0,1.0682389,,651.0,1.0,,651.0,1.0,650.0,1.0,0.0,native,1.0
b1c43,50,651.0,0.016097821,0.0025251948235294,1.049716032,3.9479808739495944e-05,32.58594311525214,0.0157232207799999,0.1499605448763886,0.0022465629447985,0.0,0.0009549199823065,-748.1786131354484,0.0,651.0,1.0682389,,651.0,1.0,,651.0,1.0,650.0,1.0,0.0,native,1.0
b1c43,100,651.0,0.016239306,0.000612652280228,1.059816973,1.2091447674767458e-05,33.006384832094625,0.0159438070099999,0.1065192717438331,0.0016047512811971,0.0,0.0006786642075333,-726.1868056027033,0.0,651.0,1.0682389,,651.0,1.0,,651.0,1.0,650.0,1.0,0.0,native,1.0
b1c44,25,616.0,0.017335681,0.0101109346923076,1.044332276,0.0001571505246153,31.09578580973521,0.0166349038,0.2131750088645463,0.0033957598765101,0.0,0.0,-750.5905620038881,41.0,616.0,1.0847682,,616.0,1.0,,616.0,1.0,615.0,1.0,0.0,native,1.0
b1c44,50,616.0,0.017420786,0.0025553977430972,1.065953996,4.1964744153661435e-05,31.77636180264725,0.01699946514,0.1522804312187747,0.0024287833209488,0.0,0.0015198806084709,-773.2814388753748,0.0,616.0,1.0847682,,616.0,1.0,,616.0,1.0,615.0,1.0,0.0,native,1.0
b1c44,100,616.0,0.017589169,0.0006130317737773,1.075973651,1.318409732373244e-05,32.22779884798965,0.01723971147,0.1081452316659569,0.0017357892670864,0.0,0.0010850616827181,-748.0577317556455,42.0,616.0,1.0847682,,616.0,1.0,,616.0,1.0,615.0,1.0,0.0,native,1.0
b1c45,25,599.0,0.016596124,0.0101290805384615,1.043779304,0.0001507635792307,31.48454949841796,0.01591634712,0.213062603976235,0.0032490830527229,0.0,0.0036391161488088,-764.3717307076037,0.0,599.0,1.0839558,,599.0,1.0,,599.0,1.0,598.0,1.0,0.0,native,1.0
b1c45,50,599.0,0.016682232,0.0025811274045618,1.0657453359999998,4.0850375078031104e-05,32.18256165197349,0.01627446142,0.1522509461099401,0.0023253043765686,0.0,0.0041024912517534,-754.6869505079142,0.0,599.0,1.0839558,,599.0,1.0,,599.0,1.0,598.0,1.0,0.0,native,1.0
b1c45,100,599.0,0.016836088,0.0006333010081008,1.076287856,1.28295648544854e-05,32.67054191718554,0.01650750907,0.1081736798635114,0.0016623970328909,0.0,0.0044135804151748,-724.4721724501396,0.0,599.0,1.0839558,,599.0,1.0,,599.0,1.0,598.0,1.0,0.0,native,1.0
b1c5,25,1074.0,0.016243413,0.0100758459999999,1.036100924,0.00014551303,29.66764972359868,0.01564406228,0.2114982357686934,0.003195639103123,-0.0037160246684168,0.003435090308861,-756.5974829241986,3.0,1074.0,1.0761266,,1074.0,1.0,,1074.0,1.0,1073.0,1.0,0.0,native,1.0
b1c5,50,1074.0,0.016270632,0.0026027682593037,1.058480472,3.6952917166866815e-05,30.22937725021016,0.015954728,0.1512170658169904,0.0022809287767157,0.0,0.0031114387872361,-731.7248505284722,0.0,1074.0,1.0761266,,1074.0,1.0,,1074.0,1.0,1073.0,1.0,0.0,native,1.0
b1c5,100,1074.0,0.016325712,0.0006526735631563,1.069524169,9.486525670567065e-06,30.61228273652725,0.01610768469,0.1074962249365052,0.0016215831803739,0.0,0.0045585738675144,-734.0062174703446,0.0,1074.0,1.0761266,,1074.0,1.0,,1074.0,1.0,1073.0,1.0,0.0,native,1.0
b1c6,25,636.0,0.016668456,0.0101232253076922,1.037080256,0.0001430726707692,31.063482836652295,0.01539968928,0.2116991171052918,0.0045423213462631,0.0,0.0005606147740216,-737.026433093318,34.0,636.0,1.0758358,,636.0,1.0,,636.0,1.0,635.0,1.0,0.0,native,1.0
b1c6,50,636.0,0.016660525,0.0026080716638655,1.0595033879999998,5.585201358943569e-05,31.62482021085935,0.01603176114,0.151364000532829,0.0032735192919698,0.0,0.0004005225404304,-738.3238055261777,0.0,636.0,1.0758358,,636.0,1.0,,636.0,1.0,635.0,1.0,0.0,native,1.0
b1c6,100,636.0,0.016668631,0.0006374599969997,1.070102667,1.6376682112211187e-05,31.951106767261077,0.01634219586,0.1075554045927874,0.0023355612014281,0.0,0.0012039865926511,-734.3958202310284,45.0,636.0,1.0758358,,636.0,1.0,,636.0,1.0,635.0,1.0,0.0,native,1.0
b1c7,25,870.0,0.016162112,0.0101708292307692,1.052740328,0.0001467235299999,30.76108668943505,0.01489624916,0.2148927828917342,0.0043927924912707,0.0,0.0,-749.9965673010377,0.0,870.0,1.0938644,,870.0,1.0,,870.0,1.0,869.0,1.0,0.0,native,1.0
b1c7,50,870.0,0.016213996,0.0026154764369747,1.075190516,5.759535500600247e-05,31.338674178021236,0.0155476094,0.1536016749116641,0.0031737514329117,0.0,0.0008459456926105,-749.8300336706851,858.0,870.0,1.0938644,,870.0,1.0,,870.0,1.0,869.0,1.0,0.0,native,1.0
b1c7,100,870.0,0.01627275,0.0006454022130213,1.085957168,1.768278918691864e-05,31.670183664124867,0.0158896400399999,0.1091457913605484,0.0022703133185751,0.0,0.001814072521301,-743.1234988143951,39.0,870.0,1.0938644,,870.0,1.0,,870.0,1.0,869.0,1.0,0.0,native,1.0
b1c8,25,879.0,0.016652953,0.0102490932307692,1.050290556,0.0001494063492307,30.751876473924217,0.01601818404,0.2143937277697984,0.0032699501258333,0.0,0.0,-749.1140671247315,0.0,,,,,,,,,,,,,
b1c8,50,879.0,0.016710438,0.0026289689267707,1.072789118,3.849188259303725e-05,31.40718439134904,0.01634312654,0.153259665493586,0.0023350249222053,0.0,0.0,-744.8379876865022,31.0,,,,,,,,,,,,,
b1c8,100,879.0,0.016829027,0.0006556275559555,1.083824218,1.12703899009901e-05,31.75574120745971,0.01654458865,0.1089318591954147,0.0016639418368041,0.0,0.0013920810641123,-739.0944255104779,0.0,,,,,,,,,,,,,
b1c9,25,1054.0,0.016779982,0.0101852001538461,1.0430695040000002,0.0001481503753846,31.27049372894612,0.01615771428,0.2129198551383547,0.0032987112211827,0.0,0.0,-741.3615291561164,0.0,1054.0,1.0829742,,1054.0,1.0,,1054.0,1.0,1053.0,1.0,0.0,native,1.0
b1c9,50,1054.0,0.016837686,0.0026210885186074,1.06552868,3.804210444177675e-05,31.9383416350966,0.01647783338,0.1522230321773666,0.0023544970361229,0.0,0.0,-742.7782473072884,33.0,1054.0,1.0829742,,1054.0,1.0,,1054.0,1.0,1053.0,1.0,0.0,native,1.0
b1c9,100,1054.0,0.016944561,0.0006638219873987,1.07682285,1.0895100354035428e-05,32.31511827515521,0.01666701158,0.1082290919021226,0.0016763966754851,0.0,0.0,-734.3325338852059,0.0,1054.0,1.0829742,,1054.0,1.0,,1054.0,1.0,1053.0,1.0,0.0,native,1.0
b2c0,25,477.0,-0.000338379,0.0001612389999999,1.104835152,-1.084739461538474e-05,31.82214543177047,0.01726566684,0.001730063559785,0.0001276897577833,,,,,,,,,,,,,,,,,
b2c0,50,477.0,-0.00023211,2.2021022809123373e-05,1.10517512,1.1063859783912204e-06,31.80407192327212,0.01728931304,0.0029640238408622,0.0001178688598159,,,,,,,,,,,,,,,,,
b2c0,100,477.0,-9.584600000000013e-05,1.6304494449441347e-05,1.105038492,2.085062718271645e-06,31.807497385473816,0.01733813236,0.0031193638971328,0.0001215043828051,,,,,,,,,,,,,,,,,
b2c1,25,491.0,-0.0007276179999999,3.0378307692289873e-05,1.107000248,-2.7467569230769267e-05,33.54214171912384,0.0177636857599999,0.0011079513924789,0.000210905555248,,,,,,,,,,,,,,,,,
b2c1,50,491.0,-0.0006751979999999,1.648895558223039e-05,1.1069323379999998,-1.0251199039616227e-05,33.605174005963015,0.0176454237599999,0.0012090109972849,0.0001948701609361,,,,,,,,,,,,,,,,,
b2c1,100,491.0,-0.0007560669999999,-3.328610021002073e-05,1.10494644,-3.933053003300376e-06,33.59830289682961,0.01755915909,0.0034091388150968,0.0001785442174607,,,,,,,,,,,,,,,,,
b2c10,25,492.0,-0.0003016669999999,0.0001073343846153,1.110786812,-1.34708861538465e-05,31.742842113325796,0.0170754844,0.0010882564941483,0.0001289339670578,,,,,,,,,,,,,,,,,
b2c10,50,492.0,-0.0002894589999999,-0.0001949324715486,1.1092380512,-2.6827535174068534e-06,31.745366576850344,0.017052218,0.0158760285230044,0.0001043766890973,,,,,,,,,,,,,,,,,
b2c10,100,492.0,-0.0002910549999999,5.46512720071918e-05,1.1111485095999998,4.9320534053388214e-08,31.720671317513244,0.01706057563,0.0115463645755468,8.554261212806823e-05,,,,,,,,,,,,,,,,,
b2c11,25,449.0,-4.3048999999999865e-05,0.0001762162307692,1.098690784,-2.7640676923076877e-06,33.211141113018044,0.01713032064,0.0014117469177384,0.0001340347775577,,,,,,,,,,,,,,,,,
b2c11,50,449.0,0.000196425,-0.0001720391404561,1.0970766780000003,1.5233850660263331e-06,33.24119155022623,0.01714097476,0.0191929783288815,0.0001569463585011,,,,,,,,,,,,,,,,,
b2c11,100,449.0,0.0001483949999999,0.0001156470915091,1.101019946,3.3017054125410773e-06,33.14963101101539,0.01721904361,0.0142315892240636,0.0001849327032886,,,,,,,,,,,,,,,,,
b2c12,25,466.0,-0.0007436519999999,7.772007692305408e-05,1.10320544,-2.3371053846153756e-05,31.42061343643937,0.01676318508,0.0010417145547605,0.0002086087619747,,,,,,,,,,,,,,,,,
b2c12,50,466.0,-0.000407582,2.71850852341028e-05,1.1037090800000002,-1.151657123649468e-05,31.428749840492355,0.01663496868,0.001978438643274,0.0002135088164524,,,,,,,,,,,,,,,,,
b2c12,100,466.0,-0.0009415019999999,3.221619081907467e-05,1.1041123279999998,-4.774210723072317e-06,31.316793895936517,0.0165294125499999,0.0021074684527688,0.0002036116694144,,,,,,,,,,,,,,,,,
b2c13,25,460.0,-0.000815439,3.658153846131712e-06,1.095977404,-3.113426230769226e-05,31.9968634999549,0.01638661012,0.0005394871308789,0.0002460221517898,,,,,,,,,,,,,,,,,
b2c13,50,460.0,-0.000832802,-5.308797599039492e-05,1.095382174,-1.5661212340936336e-05,32.01926858092736,0.0162003023799999,0.0014321397685714,0.000266274692649,,,,,,,,,,,,,,,,,
b2c13,100,460.0,-0.001021624,-1.1630218421841492e-05,1.094944933,-5.745258247824774e-06,31.948019425910115,0.01607549433,0.0014534818269971,0.000234930723406,,,,,,,,,,,,,,,,,
b2c14,25,426.0,-0.001028534,-7.341384615385091e-05,1.083535872,-3.781039615384635e-05,32.139630216659185,0.01654523744,0.0007592286203878,0.0002986379873728,,,,,,,,,,,,,,,,,
b2c14,50,426.0,-0.0004908609999999,-9.468531092436344e-05,1.082449972,-1.4300205570227895e-05,32.16997280531448,0.0163756241,0.0019643024306903,0.000286693530594,,,,,,,,,,,,,,,,,
b2c14,100,426.0,-0.0010097869999999,-0.0001013684056405,1.079302612,-4.640707698769939e-06,32.124753255414234,0.0162701026,0.0035302892922614,0.0002337629866602,,,,,,,,,,,,,,,,,
b2c15,25,396.0,-0.001058601,8.688276923076327e-05,1.071211528,-3.986618153846169e-05,32.8989080086458,0.01657617628,0.0011102453492881,0.0003142306472151,,,,,,,,,,,,,,,,,
b2c15,50,396.0,-0.0010469929999999,8.164383673469372e-05,1.072196154,-1.4317027274909848e-05,32.90355062627872,0.01641600054,0.0016818043098065,0.0002779187128773,,,,,,,,,,,,,,,,,
b2c15,100,396.0,-0.001061855,9.309728292828652e-05,1.0749797360000002,-4.761042442244251e-06,32.862312590345454,0.0163139075299999,0.0030771573711956,0.0002232841179658,,,,,,,,,,,,,,,,,
b2c16,25,472.0,-0.0004176649999999,0.0001178023076922,1.097373724,-1.3301563846153636e-05,32.71694947501164,0.01754221648,0.0011707663562914,0.0001145025554073,,,,,,,,,,,,,,,,,
b2c16,50,472.0,-0.0003616939999999,1.9246631452583268e-05,1.097697706,-3.1970341896758805e-06,32.744438541746334,0.0175099581,0.0020648668078508,8.975542471254841e-05,,,,,,,,,,,,,,,,,
b2c16,100,472.0,-0.000359286,-1.3775005100517212e-05,1.097015996,-7.291041824183376e-07,32.76618715423966,0.01749419094,0.0019786278076444,6.897116378209356e-05,,,,,,,,,,,,,,,,,
b2c17,25,471.0,-0.0005552749999999,4.171146153844995e-05,1.092251752,-1.802021153846152e-05,32.985589241211045,0.01721895288,0.0009812252337236,0.0001422445054607,,,,,,,,,,,,,,,,,
b2c17,50,471.0,-0.0005523899999999,2.809585594237454e-05,1.092483812,-7.959720624249593e-06,33.018430769505905,0.01713063728,0.0009868979839152,0.0001365585147042,,,,,,,,,,,,,,,,,
b2c17,100,471.0,-0.0005147069999999,4.064148874887151e-05,1.093877117,-2.2564457785780567e-06,32.98821355652246,0.01709369671,0.0022624687570463,0.0001202253980951,,,,,,,,,,,,,,,,,
b2c18,25,449.0,-0.0002313939999999,0.0001456773846153,1.077952812,-9.208444615384734e-06,32.84477016980397,0.0165971356,0.0013470741426721,9.24167213571221e-05,,,,,,,,,,,,,,,,,
b2c18,50,449.0,-0.0002101699999999,0.0001077861656662,1.079177378,-1.753650612244801e-06,32.90842047231035,0.0165878388,0.0017593895719015,7.035745856780198e-05,,,,,,,,,,,,,,,,,
b2c18,100,449.0,-3.877299999999889e-05,0.0001141627014701,1.082437682,1.5997929672967166e-06,32.88628935898336,0.01664831154,0.00357455536906,0.00010233657654,,,,,,,,,,,,,,,,,
b2c19,25,392.0,-0.000124624,0.000194130076923,1.093718064,-3.5872700000001537e-06,32.72529673293396,0.0166457642,0.0016389696873047,5.34160988339658e-05,,,,,,,,,,,,,,,,,
b2c19,50,392.0,6.639599999999982e-05,8.617763265304758e-05,1.0948389960000002,9.913796878750971e-07,32.76710331137886,0.01666356636,0.0030012859666456,5.3951143795756714e-05,,,,,,,,,,,,,,,,,
b2c19,100,392.0,4.549400000000009e-05,2.339227722771863e-05,1.09472128,2.358059357935723e-06,32.76991201802439,0.01671897276,0.0028459078538842,8.861668601387908e-05,,,,,,,,,,,,,,,,,
b2c2,25,424.0,-0.000283735,0.0001309708461538,1.076175716,-1.6133793846153824e-05,33.22750945604809,0.01647014196,0.0014446736654843,0.0001568150905589,,,,,,,,,,,,,,,,,
b2c2,50,424.0,-0.000146816,-0.0002014024028811,1.0744259304,-3.690501320528097e-06,33.22374063594966,0.0164338666,0.0155284484511133,0.0001253982262222,,,,,,,,,,,,,,,,,
b2c2,100,424.0,-0.000121888,-4.8203872787311074e-06,1.0746560542,7.267782538252667e-07,33.17756576063981,0.01646341462,0.0111806101869632,0.000102799943761,,,,,,,,,,,,,,,,,
b2c20,25,489.0,-3.35930000000019e-05,8.457746153846635e-05,1.099262008,-7.675148461538629e-06,33.635153623772105,0.01653009284,0.0009507645807117,0.0001442501247052,,,,,,,,,,,,,,,,,
b2c20,50,489.0,0.000350203,5.711530372148944e-05,1.100007224,6.325658103240753e-07,33.70298565093207,0.01654097362,0.0016378243477931,0.0001419975880507,,,,,,,,,,,,,,,,,
b2c20,100,489.0,0.0001159939999999,2.917883588357911e-05,1.10005656,2.564961962196148e-06,33.62225921545461,0.0166120606699999,0.0021174309890525,0.0001633046090483,,,,,,,,,,,,,,,,,
b2c21,25,408.0,-0.000248952,0.0001088056153846,1.100832304,-5.964094615384653e-06,33.43254249547409,0.01713917824,0.0012500066446159,6.294328272232375e-05,,,,,,,,,,,,,,,,,
b2c21,50,408.0,-0.000134636,-0.0001468769267707,1.0997905144,4.05523841536812e-07,33.512077765286584,0.01714938184,0.0152193395344476,5.3271935426210875e-05,,,,,,,,,,,,,,,,,
b2c21,100,408.0,6.518499999999885e-05,3.593870867086347e-05,1.1010897552,2.266505364536405e-06,33.59820005445401,0.01720174435,0.0109958958606826,8.556272203236352e-05,,,,,,,,,,,,,,,,,
b2c22,25,,0.0,0.0001033396153846,1.093542548,0.0,34.568841385242166,0.021770682,0.0013736741436366,0.0,,,,,,,,,,,,,,,,,
b2c22,50,,0.0,-0.0001855133018007,1.0908409886,0.0,34.55561085522356,0.021770682,0.0147164402401371,3.469446951953614e-18,,,,,,,,,,,,,,,,,
b2c22,100,,0.0,0.0006138897035103,1.1020667873,0.0,34.502712698156095,0.021770682,0.1076667423361266,0.0,,,,,,,,,,,,,,,,,
b2c23,25,,0.0,-1.6285769230788283e-05,1.090814808,0.0,34.14491801952115,0.021160889,0.0008955347126359,0.0,,,,,,,,,,,,,,,,,
b2c23,50,,0.0,9.551058823542776e-06,1.090917984,0.0,34.18586394726831,0.0211608889999999,0.0009155900978844,3.469446951953614e-18,,,,,,,,,,,,,,,,,
b2c23,100,,0.0,0.0005048515975397,1.0961362059,0.0,34.14729364226761,0.0211608889999999,0.107179044367782,1.0408340855860844e-17,,,,,,,,,,,,,,,,,
b2c24,25,514.0,-0.000255903,0.000143604076923,1.095028468,-9.064416923077076e-06,33.194963554681266,0.0165035146,0.0013419016520505,8.100354828919546e-05,,,,,,,,,,,,,,,,,
b2c24,50,514.0,-0.000150423,3.416000960384573e-05,1.095580264,2.7220285234094085e-06,33.203303326347935,0.01652817248,0.0021258355980423,0.0002588680195857,,,,,,,,,,,,,,,,,
b2c24,100,514.0,-0.000188745,4.449777617762247e-05,1.096261652,1.9915860186008705e-07,33.205124014909316,0.01651723855,0.0024365102837246,0.0001848271299057,,,,,,,,,,,,,,,,,
b2c25,25,493.0,-0.0002678129999999,0.0001301746923076,1.1009593359999998,-7.927548461538817e-06,32.27736083481919,0.01666728452,0.0012707353281875,8.255898807525188e-05,,,,,,,,,,,,,,,,,
b2c25,50,493.0,0.001636491,6.0369555822337745e-05,1.101835616,4.039831980792422e-06,32.312564824199484,0.01670833486,0.0019872429805496,0.0002722741118574,,,,,,,,,,,,,,,,,
b2c25,100,493.0,-7.652799999999932e-05,3.9885030303023296e-05,1.102206125,1.867537347734756e-06,32.23892710270436,0.01674229199,0.0024546887234586,0.0001990966399388,,,,,,,,,,,,,,,,,
b2c26,25,450.0,-0.000678547,9.01692307710389e-07,1.1054544080000002,-2.774979923076899e-05,34.49331548554302,0.01797883472,0.0006390088568525,0.0002169546320133,,,,,,,,,,,,,,,,,
b2c26,50,450.0,-0.000836805,-1.3468720288116924e-05,1.1052044739999998,-1.4096733925570344e-05,34.49001447604738,0.0178131056399999,0.0007337742736864,0.0002308220268204,,,,,,,,,,,,,,,,,
b2c26,100,450.0,-0.000904836,-1.2259041104112988e-05,1.1041737820000002,-4.942493279328046e-06,33.76445582326918,0.01770844381,0.0021427216162805,0.0002009305515905,,,,,,,,,,,,,,,,,
b2c27,25,474.0,-0.000145892,0.0001373834615384,1.095653,-5.2680130769233606e-06,33.28040579705276,0.01752595344,0.0013147347899861,6.514423400552348e-05,,,,,,,,,,,,,,,,,
b2c27,50,474.0,6.329999999999877e-05,7.657505402161391e-05,1.096627078,3.007928451380293e-07,33.308501785269776,0.0175340551,0.0016466254603023,6.169306037092018e-05,,,,,,,,,,,,,,,,,
b2c27,100,474.0,0.000118803,8.466147434742943e-05,1.098470285,2.1585500630061954e-06,33.303981946117254,0.01758962648,0.0027749507547116,8.78313687803487e-05,,,,,,,,,,,,,,,,,
b2c28,25,437.0,-0.000669568,0.0002031711538461,1.0926889480000002,-2.2182856153846313e-05,32.1679893464027,0.01643137868,0.0018815587257633,0.0001830515918645,,,,,,,,,,,,,,,,,
b2c28,50,437.0,-0.000569626,8.489820408163153e-05,1.09390771,-6.799604321728646e-06,32.198152278120936,0.0163524922,0.0023775969781483,0.0001993193630885,,,,,,,,,,,,,,,,,
b2c28,100,437.0,-0.000745851,6.027750555055002e-05,1.094977019,-2.9791777677769004e-06,32.14418070388791,0.01628117509,0.0025718002322768,0.0001599366126346,,,,,,,,,,,,,,,,,
b2c29,25,452.0,-0.000219671,0.0002271545384615,1.105525636,-6.04301307692283e-06,31.84383127105484,0.01666781496,0.0018086169066731,6.033058955288293e-05,,,,,,,,,,,,,,,,,
b2c29,50,452.0,-9.868500000000112e-05,0.0001280772629051,1.107157692,5.685667707082777e-07,31.840452359539405,0.01667899774,0.0023325147442912,5.3211427618063466e-05,,,,,,,,,,,,,,,,,
b2c29,100,452.0,4.043199999999997e-05,0.0001213819867986,1.109943851,2.247268580858102e-06,31.797456695109688,0.01673359061,0.0037636375067876,8.06337829446063e-05,,,,,,,,,,,,,,,,,
b2c3,25,499.0,-0.000208018,4.105830769229431e-05,1.098256448,-6.182317692307608e-06,33.951362231203504,0.0158941487599999,0.0012537388398291,7.807337154204627e-05,,,,,,,,,,,,,,,,,
b2c3,50,499.0,-8.311999999999903e-05,8.235854021609694e-05,1.099197896,-6.285809363746051e-07,33.97547928646919,0.0158838630399999,0.0019130019992629,9.797681777195276e-05,,,,,,,,,,,,,,,,,
b2c3,100,499.0,-4.298800000000075e-05,7.682116951694971e-05,1.101432267,1.2561278907891502e-06,33.93958543884461,0.01591692555,0.0030594973402523,9.28327921904082e-05,,,,,,,,,,,,,,,,,
b2c30,25,412.0,-0.001011317,3.259292307693274e-05,1.0965566480000002,-3.710015307692341e-05,33.76672194275549,0.01726214956,0.0012340216575473,0.0002830979725566,,,,,,,,,,,,,,,,,
b2c30,50,412.0,-0.00116126,-4.30640912364901e-05,1.095936766,-1.7564552509003606e-05,33.822203971433225,0.01705838204,0.00130535654924,0.0002874119862603,,,,,,,,,,,,,,,,,
b2c30,100,412.0,-0.0011972609999999,-8.347699429943344e-05,1.092999151,-7.169706504650558e-06,33.81003990939852,0.0168940669499999,0.0034405479344573,0.0002637950676077,,,,,,,,,,,,,,,,,
b2c31,25,425.0,-0.00038911,-2.2748461538471348e-05,1.098856588,-2.030833692307717e-05,33.41851784291195,0.01655820632,0.0006938799777021,0.0001985324581711,,,,,,,,,,,,,,,,,
b2c31,50,425.0,-0.000635438,-3.461532292917007e-05,1.09839093,-1.3637317887154796e-05,33.503596031688886,0.01639723342,0.0009472769977678,0.0002461778337782,,,,,,,,,,,,,,,,,
b2c31,100,425.0,-0.000608914,3.973058565856783e-05,1.099834485,-3.839234551455273e-06,33.375923495204454,0.01633070732,0.0017779966301641,0.0002279527078577,,,,,,,,,,,,,,,,,
b2c32,25,809.0,1.971699999999896e-05,0.0001656392307692,1.090987992,-5.150861538462789e-07,32.15753820045761,0.01483351728,0.0016075901417762,9.92415090784076e-06,,,,,,,,,,,,,,,,,
b2c32,50,809.0,-3.399700000000089e-05,5.8249498199287574e-05,1.091623256,-1.472498823529231e-06,32.182595837103804,0.01481335484,0.0014241071468341,2.3345161878522025e-05,,,,,,,,,,,,,,,,,
b2c32,100,809.0,-4.088100000000129e-05,-5.306763036304331e-05,1.090031214,-2.8013340534060865e-07,32.16783240841186,0.01481114372,0.0030250901663593,0.0001563620142223,,,,,,,,,,,,,,,,,
b2c33,25,1140.0,-0.000196939,3.857723076921282e-05,1.07423548,-5.420576923077383e-06,32.6703210661894,0.01500468516,0.0005063151192686,5.1606953084002325e-05,,,,,,,,,,,,,,,,,
b2c33,50,1140.0,-0.000192469,-8.814156062414892e-06,1.0740470359999998,-1.3847740696278106e-06,32.713470788593575,0.01499033876,0.0004185384521211,4.165329924822766e-05,,,,,,,,,,,,,,,,,
b2c33,100,1140.0,-0.000175144,-0.0001226232955295,1.0706076800000002,-7.703606960698067e-08,32.73895611525105,0.01499290727,0.0148780239807173,3.2987437380268e-05,,,,,,,,,,,,,,,,,
b2c34,25,1186.0,-0.0001630379999999,6.337369230765264e-05,1.06839924,-4.610329230769052e-06,35.55545420251856,0.0149657452799999,0.0006142205955518,4.677699835305371e-05,,,,,,,,,,,,,,,,,
b2c34,50,1186.0,-0.0001482599999999,7.459529411760712e-06,1.06842457,-1.6609672028809972e-06,35.60210777408805,0.01494729024,0.0004486020281942,4.136039162027357e-05,,,,,,,,,,,,,,,,,
b2c34,100,1186.0,-0.0001560629999999,-5.24991857185747e-05,1.0671250090000002,1.3299653765379246e-07,35.66583614425341,0.01495435383,0.0020783332726054,4.501649777716049e-05,,,,,,,,,,,,,,,,,
b2c35,25,,0.0,-0.0004951909230769,1.06395276,0.0,36.346964743615,0.020666521,0.003582312814035,3.469446951953614e-18,,,,,,,,,,,,,,,,,
b2c35,50,,0.0,-0.0004660297382953,1.0581148180000002,0.0,36.476134297873216,0.020666521,0.0067325748580075,3.469446951953614e-18,,,,,,,,,,,,,,,,,
b2c35,100,,0.0,0.0001690759119111,1.0565366316,0.0,36.50175433149703,0.0206665209999999,0.1028965472097934,6.938893903907228e-18,,,,,,,,,,,,,,,,,
b2c36,25,,0.0,-0.0007655196153846,1.06399724,0.0,38.240775035798336,0.02033557,0.0055253871514673,0.0,,,,,,,,,,,,,,,,,
b2c36,50,,0.0,-0.0008142832941176,1.05384636,0.0,38.463679646250625,0.02033557,0.0117596652728553,0.0,,,,,,,,,,,,,,,,,
b2c36,100,,0.0,-0.0001852188586258,1.0434052236999998,0.0,38.55935886221206,0.02033557,0.1006437729653582,0.0,,,,,,,,,,,,,,,,,
b2c37,25,,-0.0001767529999999,9.029523076924986e-05,1.084831084,-6.151359230769123e-06,32.92009929839579,0.0171331326,0.0007182096260452,7.106981598625416e-05,,,,,,,,,,,,,,,,,
b2c37,50,,-8.516700000000058e-05,-0.0001556093219687,1.0834210218,-1.1161755582231623e-06,32.95935689483589,0.01711913724,0.0121350600212824,7.535482959241847e-05,,,,,,,,,,,,,,,,,
b2c37,100,,0.0100060969999999,0.000647340230843,1.0950189059000002,6.76307104710463e-06,32.929452048618025,0.01724251618,0.1081211308412178,0.0010143770566711,,,,,,,,,,,,,,,,,
b2c38,25,,-0.0004503259999999,8.844476923074594e-05,1.08582128,-1.391544769230797e-05,29.01064213226894,0.01659402832,0.000742424136461,0.0001200416667544,,,,,,,,,,,,,,,,,
b2c38,50,,-0.0003016779999999,-1.439845378151735e-05,1.0857774,-5.911131716686813e-06,32.568763443799156,0.01653014072,0.0020576705328113,0.0001125967115915,,,,,,,,,,,,,,,,,
b2c38,100,,0.008995147,0.000591571690369,1.09488241,3.8136108370835742e-06,33.448461595697054,0.01658825556,0.1073002836553552,0.0009410929362083,,,,,,,,,,,,,,,,,
b2c39,25,,-0.000594896,7.598646153844223e-05,1.073595364,-1.8872524615384745e-05,32.776867343529624,0.0169045176799999,0.0007311530728267,0.0001520015533112,,,,,,,,,,,,,,,,,
b2c39,50,,-0.000644293,4.232292917158777e-06,1.073579338,-8.620208547418928e-06,32.83664569207544,0.0168093779,0.0005515502613144,0.0001461095992403,,,,,,,,,,,,,,,,,
b2c39,100,,0.0079209779999999,0.0005612439513951,1.0818235189999998,1.4233595499550363e-06,32.88418677825157,0.01681359783,0.1050746160091186,0.0008601099835556,,,,,,,,,,,,,,,,,
b2c4,25,444.0,-0.0009832699999999,-2.7135000000016775e-05,1.089150536,-3.328904769230752e-05,33.15056081034469,0.01648194748,0.0011343517760836,0.0002622823895284,,,,,,,,,,,,,,,,,
b2c4,50,444.0,-0.000975994,-9.37607490996301e-05,1.087969088,-1.4704174837935173e-05,33.17285419809613,0.01631193278,0.0025289075601642,0.0002565838158228,,,,,,,,,,,,,,,,,
b2c4,100,444.0,-0.000971809,-6.734896969697812e-05,1.0859578399999998,-5.299308418841878e-06,33.05027186948681,0.01619582082,0.0032142988765825,0.0002211496982848,,,,,,,,,,,,,,,,,
b2c40,25,,0.0,0.0001262587692307,1.085880296,0.0,32.416325439324176,0.0,0.0010032326061208,0.0,,,,,,,,,,,,,,,,,
b2c40,50,,0.0,2.6729325330127496e-05,1.0862969399999998,0.0,32.45776681041167,0.0,0.0016160535609935,0.0,,,,,,,,,,,,,,,,,
b2c40,100,,0.0,0.0006258123330332,1.096316141,0.0,32.467598204820945,0.0,0.1070772450569672,0.0,,,,,,,,,,,,,,,,,
b2c41,25,442.0,0.0,6.451307692302946e-06,1.105410184,0.0,30.329867305024333,0.0,0.00051760067595,0.0,,,,,,,,,,,,,,,,,
b2c41,50,442.0,0.0,3.875703241296587e-05,1.105907408,0.0,30.362798003772212,0.0,0.0008199475497469,0.0,,,,,,,,,,,,,,,,,
b2c41,100,442.0,0.0,2.4216604860478557e-05,1.105940476,0.0,30.20099354305731,0.0,0.0017621338266499,0.0,,,,,,,,,,,,,,,,,
b2c42,25,474.0,0.0,0.0001355062307692,1.104423496,0.0,31.73095658480804,0.0,0.0012040479105018,0.0,,,,,,,,,,,,,,,,,
b2c42,50,474.0,0.0,5.0475961584638914e-05,1.105335402,0.0,31.747728336065297,0.0,0.0026046259466948,0.0,,,,,,,,,,,,,,,,,
b2c42,100,474.0,0.0,8.59611647164606e-05,1.1070860530000002,0.0,31.71041325336692,0.0,0.0034265238646901,0.0,,,,,,,,,,,,,,,,,
b2c43,25,1029.0,0.0,6.149307692307621e-05,1.10063484,0.0,33.26145909974273,0.0,0.0010935730578246,0.0,,,,,,,,,,,,,,,,,
b2c43,50,1029.0,0.0,4.538386554616469e-06,1.1005700900000002,0.0,33.677570022179474,0.0,0.0008616575111376,0.0,,,,,,,,,,,,,,,,,
b2c43,100,1029.0,0.0,-6.995087428743559e-05,1.098649702,0.0,33.91860336356293,0.0,0.0031991475799024,0.0,,,,,,,,,,,,,,,,,
b2c44,25,841.0,0.0,3.305338461538119e-05,1.098271284,0.0,33.69284669067485,0.0,0.00059464014441,0.0,,,,,,,,,,,,,,,,,
b2c44,50,841.0,0.0,7.988355342139186e-06,1.098306286,0.0,33.89385006082362,0.0,0.0006038369273272,0.0,,,,,,,,,,,,,,,,,
b2c44,100,841.0,0.0,-2.382094089409263e-05,1.09763018,0.0,33.956934554468496,0.0,0.0012777387114742,0.0,,,,,,,,,,,,,,,,,
b2c45,25,997.0,0.0,3.173038461536586e-05,1.103739632,0.0,35.311343961911156,0.0,0.0006462668363578,0.0,,,,,,,,,,,,,,,,,
b2c45,50,997.0,0.0,-1.0132297719100413e-05,1.103506834,0.0,35.32200359513868,0.0,0.0007181355144009,0.0,,,,,,,,,,,,,,,,,
b2c45,100,997.0,0.0,-7.502379357936687e-05,1.10123867,0.0,35.27071288818467,0.0,0.0082739547290579,0.0,,,,,,,,,,,,,,,,,
b2c46,25,503.0,0.0,3.939484615383169e-05,1.101800564,0.0,29.905086378954607,0.0,0.0011433119430426,0.0,,,,,,,,,,,,,,,,,
b2c46,50,503.0,0.0,3.0288528211293327e-05,1.102311524,0.0,29.865094085772903,0.0,0.0019817215148007,0.0,,,,,,,,,,,,,,,,,
b2c46,100,503.0,0.0,2.099462886287763e-05,1.1025293669999998,0.0,29.88032329687331,0.0,0.0023163918414661,0.0,,,,,,,,,,,,,,,,,
b2c5,25,416.0,-0.000883298,-0.000141437076923,1.097200732,-3.082356153846155e-05,33.010269143235156,0.01555455272,0.0014813732530918,0.0002378921789331,,,,,,,,,,,,,,,,,
b2c5,50,416.0,-0.0009161059999999,-0.0004471069483793,1.0924392040000002,-1.3280237022809149e-05,32.980509040500095,0.01540071616,0.0168053809652618,0.0002291293653567,,,,,,,,,,,,,,,,,
b2c5,100,416.0,-0.0008993049999999,-0.0001942805022502,1.088025367,-4.1628307950795374e-06,33.01550370431462,0.0153065824999999,0.0128688671101465,0.0001899563786044,,,,,,,,,,,,,,,,,
b2c6,25,393.0,-0.0004776299999999,9.361653846153856e-05,1.090016708,-2.1079739230768927e-05,33.86684580277278,0.01611553936,0.0012973294332342,0.0001828375863787,,,,,,,,,,,,,,,,,
b2c6,50,393.0,-0.000378294,8.154797599040131e-05,1.090895448,-5.200828859543827e-06,33.70322197599617,0.0160632359399999,0.0016546548636183,0.0001556688529212,,,,,,,,,,,,,,,,,
b2c6,100,393.0,-0.000407766,6.429282688268197e-05,1.092913134,-1.1416844284429e-06,33.81745006948466,0.01604186506,0.0029479534904818,0.0001160607965585,,,,,,,,,,,,,,,,,
b2c7,25,777.0,-3.446999999999999e-05,8.574484615385399e-05,1.0915334359999995,-1.3301892307694372e-06,33.72187731226627,0.01480294512,0.0011131158045342,2.355229858900401e-05,,,,,,,,,,,,,,,,,
b2c7,50,777.0,5.14870000000011e-05,1.989691716686959e-05,1.091776494,-1.2389901080432351e-06,33.82010899284961,0.01478808882,0.0010646375951299,3.55371747918656e-05,,,,,,,,,,,,,,,,,
b2c7,100,777.0,3.4095000000001346e-05,5.500103270326389e-05,1.092982529,-2.6019795979704047e-08,33.766912217149354,0.0147906000699999,0.0025002040032883,4.190373961647218e-05,,,,,,,,,,,,,,,,,
b2c8,25,904.0,-3.610899999999945e-05,3.9767307692284894e-05,1.091681268,-3.2769500000001123e-06,33.60448512426425,0.01646246952,0.0009828867221485,6.056445311178504e-05,,,,,,,,,,,,,,,,,
b2c8,50,904.0,-8.250699999999903e-05,1.883054981993395e-05,1.091902292,-1.1445224489794148e-06,33.66944726159009,0.01644785148,0.0008683183498786,5.104878710184612e-05,,,,,,,,,,,,,,,,,
b2c8,100,904.0,1.0794000000001467e-05,-4.689287998799892e-05,1.0901623493,5.509126852684681e-07,33.59821236744562,0.01646674221,0.0120963831896413,5.336290928431378e-05,,,,,,,,,,,,,,,,,
b2c9,25,791.0,-8.893400000000058e-05,8.971015384613728e-05,1.098139104,-2.6541592307694105e-06,32.435087646537575,0.01538869424,0.0010604151207824,7.388260601266291e-05,,,,,,,,,,,,,,,,,
b2c9,50,791.0,-0.000109875,2.4429522208886833e-05,1.098416984,-1.1569896278511515e-06,32.41774524082191,0.01537661302,0.0009089501452466,8.105000660715325e-05,,,,,,,,,,,,,,,,,
b2c9,100,791.0,-7.755499999999999e-05,-2.9646877887793463e-05,1.097482268,6.905356735673049e-07,32.35755295299843,0.01539659944,0.001870474549406,8.863621508833952e-05,,,,,,,,,,,,,,,,,
