Qdis_N,Qdis_cycle10,cell_id,cycle_life,dataset_prefix,delta_Qdis,eol_80pct_q0_cycle,eol_80pct_q0_label,eol_85pct_q0_cycle,eol_85pct_q0_label,eol_88ah_cycle,eol_88ah_label,gap_to_stored_cycle_life,is_censored_80pct_q0,is_censored_85pct_q0,is_censored_88ah,kept_for_modeling,last_valid_qd,max_drop,mean_diff,merge_status,n_cycles,needs_relabel,observed_cycle_count,q0,q0_source,range_Qdis,retention_ratio,skewness_Qdis,slope_linear,slope_ratio,source_batch,std_diff,stored_cycle_life,variance_Qdis
1.0759126,1.0745373,b1c0,1946.0,matr,0.005223400000000211,1980.0,1980.0,1946.0,1946.0,1966.0,1966.0,-143.0,0,0,0.0,1.0,0.8264814,0.4652274999999999,5.3300000000002156e-05,continued_from_b2c7,100,0.0,1995.0,1.072205,median_qd_cycles_2_to_5,0.46836520000000004,1.0048785399161588,9.939728970853363,-0.00020680701298699973,0.033162075871176366,b1,0.06639872259249803,1852.0,0.002146154811085523
1.0806297,1.0797766,b1c1,2053.0,matr,0.005328500000000069,2098.0,2098.0,2053.0,2053.0,2082.0,2082.0,35.0,0,0,0.0,1.0,0.8255862,0.002288600000000196,5.4372448979592546e-05,continued_from_b2c8,100,1.0,2125.0,1.0769552999999998,median_qd_cycles_2_to_5,0.009288300000000138,1.004955355764506,-2.459801446985826,5.535292517018203e-06,-0.33621505477628977,b1,0.0005547671347807154,2160.0,1.4041046779757487e-06
1.0816405,1.0795403,b1c10,906.0,matr,0.006364800000000059,,906.0,,906.0,,906.0,1.0,1,1,1.0,0.0,0.96101874,0.009142300000000159,6.49469387755108e-05,native,100,0.0,905.0,1.07650055,median_qd_cycles_2_to_5,0.009695600000000137,1.0059192261110337,-2.420437396866081,2.5291880024744434e-05,-0.19681362910147102,b1,0.001151115953414319,906.0,2.4687458220936956e-06
1.0599719,1.0581003,b1c11,771.0,matr,0.006193300000000068,,788.0,771.0,771.0,,788.0,1.0,1,0,1.0,1.0,0.88054359,0.008566500000000143,6.31969387755109e-05,native,100,0.0,787.0,1.0554555,median_qd_cycles_2_to_5,0.009460400000000035,1.00587723075796,-2.4595065516083543,2.180940259741822e-05,-0.2370950298683098,b1,0.0010867777356126263,788.0,2.036413854143478e-06
1.0819131,1.081143,b1c12,897.0,matr,0.004347099999999937,,902.0,897.0,897.0,,902.0,1.0,1,0,1.0,0.0,0.91311944,0.00041439999999992594,4.435816326530548e-05,native,100,0.0,901.0,1.0790143,median_qd_cycles_2_to_5,0.005827599999999933,1.0040341844490268,-2.9171483531581233,1.2573115646275923e-05,-0.3542960444170459,b1,0.00016711051697107128,902.0,7.452280068339932e-07
1.0836461,1.0836941,b1c13,897.0,matr,0.0038567999999998825,,897.0,,897.0,,897.0,1.0,1,1,1.0,0.0,0.92313582,0.0007201999999999487,3.935510204081513e-05,native,100,0.0,896.0,1.0814757,median_qd_cycles_2_to_5,0.005983599999999978,1.0035718079443832,-2.5236616354831773,4.45867656154544e-06,-0.6072674114150012,b1,0.00020024286535861828,897.0,6.755986037547209e-07
1.0762016,1.0752021,b1c14,845.0,matr,0.005235500000000171,,880.0,845.0,845.0,,880.0,1.0,1,0,1.0,1.0,0.8800649,0.0047607999999998984,5.342346938775684e-05,native,100,0.0,879.0,1.0722955,median_qd_cycles_2_to_5,0.007016599999999817,1.0048885767719447,-2.471348521136312,2.623412492270825e-05,-0.16729180678542832,b1,0.000588352303315386,880.0,1.4903285187960418e-06
1.0677497,1.0666022,b1c15,699.0,matr,0.006626100000000079,,719.0,699.0,699.0,,719.0,1.0,1,0,1.0,1.0,0.88298881,0.005100199999999999,6.761326530612325e-05,native,100,0.0,718.0,1.063235,median_qd_cycles_2_to_5,0.008215100000000142,1.006244418652078,-2.6678396113563276,2.9049360544229132e-05,-0.20228958106019024,b1,0.0006440616183979763,719.0,1.9424197721232598e-06
1.0863206,1.0857847,b1c16,824.0,matr,0.005154199999999998,,862.0,824.0,824.0,,862.0,1.0,1,0,1.0,1.0,0.88096577,0.004464299999999977,5.2593877551020386e-05,native,100,0.0,861.0,1.08287165,median_qd_cycles_2_to_5,0.007425499999999863,1.004767258767938,-2.288481188260199,2.316027458256776e-05,-0.24886102709906935,b1,0.0005537052306159779,862.0,1.4332652784164748e-06
1.0769763,1.0757509,b1c17,825.0,matr,0.004924300000000104,,857.0,825.0,825.0,,857.0,1.0,1,0,1.0,1.0,0.8832469,0.001229099999999983,5.0247959183674526e-05,native,100,0.0,856.0,1.07360355,median_qd_cycles_2_to_5,0.007173799999999897,1.004593340621537,-2.1236927405368013,1.788623129253169e-05,-0.4211329388110845,b1,0.00028404568841663974,857.0,1.0999413835261732e-06
1.0645274,1.0695512,b1c18,665.0,matr,-0.0016430999999998974,,691.0,665.0,665.0,,691.0,1.0,1,0,1.0,1.0,0.88114411,1.8146027000000002,-1.67663265306112e-05,native,100,0.0,690.0,1.06710325,median_qd_cycles_2_to_5,1.8202613,0.998458876886952,9.948558171818377,-0.00029454159059986984,-0.03565902363854221,b1,0.25923116980720284,691.0,0.032977476867205466
1.0870851,1.0886388,b1c19,740.0,matr,0.0019703999999998167,,788.0,740.0,740.0,,788.0,1.0,1,0,1.0,1.0,0.88093972,0.0012825999999999116,2.0106122448977722e-05,native,100,0.0,787.0,1.0866477,median_qd_cycles_2_to_5,0.004190699999999881,1.001815844905612,-1.4393363633250276,-1.0355845392692226e-05,-1.3034356323102492,b1,0.00035207015935091203,788.0,5.896913482909867e-07
1.0849404,1.0837817,b1c2,1945.0,matr,0.005018100000000025,1976.0,1976.0,1945.0,1945.0,1967.0,1967.0,242.0,0,0,0.0,1.0,0.82610458,0.002243299999999948,5.120510204081659e-05,continued_from_b2c9,100,1.0,1995.0,1.0817747,median_qd_cycles_2_to_5,0.008131200000000005,1.0046467231948077,-2.7983597010464507,1.0295625231922212e-05,-0.29875920250369525,b1,0.0005118544755666834,2237.0,1.0410625875665818e-06
1.0612478,1.0757242,b1c20,504.0,matr,-0.011382199999999898,,534.0,504.0,504.0,,534.0,1.0,1,0,1.0,1.0,0.88078493,0.007362599999999997,-0.00011614489795918263,native,100,0.0,533.0,1.07410775,median_qd_cycles_2_to_5,0.014476399999999945,0.9893885123481537,-0.44710859106812084,-0.0001397761818181655,2.7565932319089526,b1,0.0009212969790998221,534.0,1.7332429038385893e-05
1.0767291,1.0858023,b1c21,535.0,matr,-0.005709699999999929,,559.0,535.0,535.0,,559.0,1.0,1,0,1.0,1.0,0.88016534,0.007470199999999982,-5.826224489795846e-05,native,100,0.0,558.0,1.08404015,median_qd_cycles_2_to_5,0.009197099999999958,0.9947251521286932,-0.5467964310311131,-8.178444155842871e-05,10.522270802378548,b1,0.0009193974983112937,559.0,6.7628706868646e-06
1.0820541,1.0830258,b1c22,891.0,matr,0.002750199999999925,,891.0,,891.0,,891.0,1.0,1,1,1.0,0.0,0.96327895,0.0012465999999999866,2.8063265306121682e-05,native,100,0.0,890.0,1.08099815,median_qd_cycles_2_to_5,0.005003300000000044,1.0025481238416722,-1.6899357920544598,-6.755834260962709e-06,-0.9751643493954022,b1,0.000337470001505122,891.0,5.475690513865873e-07
1.0816909,1.0826545,b1c23,974.0,matr,0.0023974999999998303,,1014.0,974.0,974.0,,1014.0,1.0,1,0,1.0,1.0,0.88066453,0.0012772999999999257,2.4464285714283983e-05,native,100,0.0,1013.0,1.0809316,median_qd_cycles_2_to_5,0.004492999999999858,1.0022213607532482,-1.581867013954768,-6.950910327758102e-06,-1.2525040297283323,b1,0.0003315286718446808,1014.0,4.071441198163376e-07
1.0776314,1.077704,b1c24,979.0,matr,0.0030958999999999293,,1017.0,979.0,979.0,,1017.0,1.0,1,0,1.0,1.0,0.88046598,0.0013752999999998572,3.159081632652989e-05,native,100,0.0,1016.0,1.0758532500000002,median_qd_cycles_2_to_5,0.004539499999999919,1.0028811519023801,-2.115720754801827,2.024258503414278e-06,-0.7004155237559676,b1,0.00045990668598491064,1017.0,5.092068983124051e-07
1.0780438,1.0783457,b1c25,817.0,matr,0.0028093000000000146,,854.0,817.0,817.0,,854.0,1.0,1,0,1.0,1.0,0.88019997,0.0012472999999999512,2.8666326530612394e-05,native,100,0.0,853.0,1.0765048,median_qd_cycles_2_to_5,0.004678599999999866,1.0026127323853542,-2.026198120347755,5.12931354370892e-07,-0.6765113431831381,b1,0.00023563110824383597,854.0,5.29115396216692e-07
1.0893713,1.0910354,b1c26,826.0,matr,0.0017199000000001075,,870.0,826.0,826.0,,870.0,1.0,1,0,1.0,1.0,0.88105017,0.0024927999999999617,1.7550000000001097e-05,native,100,0.0,869.0,1.0891754,median_qd_cycles_2_to_5,0.004499100000000089,1.0015812970957423,-1.3229781043678328,-1.5210461348164644e-05,-1.900771527802796,b1,0.0005801074992303319,870.0,7.43129392984391e-07
1.0810226,1.0822893,b1c27,809.0,matr,0.0019765000000000477,,842.0,809.0,809.0,,842.0,1.0,1,0,1.0,1.0,0.88130057,0.0012744000000000089,2.0168367346939262e-05,native,100,0.0,841.0,1.0804401499999998,median_qd_cycles_2_to_5,0.003953399999999885,1.001831710433873,-1.0897857372540374,-1.0758799010503696e-05,-1.300432097055417,b1,0.00041766020037701217,842.0,5.637001648117731e-07
1.0796947,1.0809715,b1c28,815.0,matr,0.0019471999999998157,,860.0,815.0,815.0,,860.0,1.0,1,0,1.0,1.0,0.88058227,0.0005214000000000052,1.986938775510016e-05,native,100,0.0,859.0,1.07937775,median_qd_cycles_2_to_5,0.003846999999999934,1.0018067311684786,-1.8046065545499517,-7.726680272098095e-06,-1.5825641791682252,b1,0.00017414241380944476,860.0,3.3397575116211916e-07
1.0818107,1.0827931,b1c29,872.0,matr,0.0023569999999999425,,917.0,872.0,872.0,,917.0,1.0,1,0,1.0,1.0,0.88035375,0.0006383999999999279,2.405102040816268e-05,native,100,0.0,916.0,1.0809752,median_qd_cycles_2_to_5,0.004349200000000053,1.0021835119005105,-1.9403106663068832,-5.2127198515624496e-06,-1.0842291423626462,b1,0.00017412258539275104,917.0,4.126172800551001e-07
1.0847498,1.0843078,b1c3,1606.0,matr,0.005026900000000056,1626.0,1626.0,1606.0,1606.0,1621.0,1621.0,-205.0,0,0,0.0,1.0,0.82608759,0.003996600000000017,5.129489795918425e-05,continued_from_b2c15,100,0.0,1639.0,1.08161105,median_qd_cycles_2_to_5,0.006530099999999983,1.0046557315770557,-2.7823052832227857,1.71363475572103e-05,-0.28291146333548856,b1,0.0005434444620578241,1434.0,1.1898366835261534e-06
1.0814074,1.0833608,b1c30,679.0,matr,0.0015437000000000367,,709.0,679.0,679.0,,709.0,1.0,1,0,1.0,1.0,0.88054287,0.0012190000000000811,1.5752040816326906e-05,native,100,0.0,708.0,1.08151455,median_qd_cycles_2_to_5,0.003954500000000083,1.0014295322641182,-0.7652602281218502,-1.6368218923923603e-05,-1.8658517114352622,b1,0.00034751279031803044,709.0,6.757359250586671e-07
1.0953494,1.0981392,b1c31,827.0,matr,0.0007101999999998831,,876.0,827.0,827.0,,876.0,1.0,1,0,1.0,1.0,0.88099223,0.0013121000000000382,7.2469387755090115e-06,native,100,0.0,875.0,1.0963314,median_qd_cycles_2_to_5,0.003694199999999981,1.0006487982524286,-0.4647006063197892,-2.6201082251071004e-05,-13.771428890274306,b1,0.0003985744375728918,876.0,9.54822771388661e-07
1.0793804,1.0810486,b1c32,694.0,matr,0.001543800000000095,,731.0,694.0,694.0,,731.0,1.0,1,0,1.0,1.0,0.88080907,0.0006247999999999809,1.5753061224490765e-05,native,100,0.0,730.0,1.0792755,median_qd_cycles_2_to_5,0.003820099999999993,1.0014323135807413,-1.082839587552643,-1.277627210883155e-05,-1.9168496898336127,b1,0.00017024989508468023,731.0,4.931551303785259e-07
1.0937657,1.0961914,b1c33,708.0,matr,0.0012749000000000787,,757.0,708.0,708.0,,757.0,1.0,1,0,1.0,1.0,0.88011229,0.0009082000000000257,1.3009183673470192e-05,native,100,0.0,756.0,1.0942233,median_qd_cycles_2_to_5,0.004335399999999989,1.0011669663488243,-0.6539179476133509,-2.1812165739008744e-05,-3.1005291895411746,b1,0.0002097360975844291,757.0,8.863108519824446e-07
1.0794187,1.0798281,b1c34,714.0,matr,0.0028013000000000066,,742.0,714.0,714.0,,742.0,1.0,1,0,1.0,1.0,0.88205445,0.0012524000000000424,2.858469387755109e-05,native,100,0.0,741.0,1.07806275,median_qd_cycles_2_to_5,0.004865000000000119,1.002601945686555,-1.5905728173297435,-3.129647495232311e-07,-0.7718097169093195,b1,0.0004598976881234039,742.0,5.236036147250373e-07
1.0739936,1.0741303,b1c35,676.0,matr,0.0032472000000001167,,703.0,676.0,676.0,,703.0,1.0,1,0,1.0,1.0,0.8802399,0.0012404999999999777,3.313469387755221e-05,native,100,0.0,702.0,1.07233895,median_qd_cycles_2_to_5,0.00507919999999995,1.0030326508685905,-2.2121586361421497,3.195320964756719e-06,-0.658329593872638,b1,0.00039551701557916997,703.0,4.888195490072439e-07
1.0802411,1.081539,b1c36,670.0,matr,0.0024096000000000117,,704.0,670.0,670.0,,704.0,1.0,1,0,1.0,1.0,0.88231802,0.001249100000000114,2.4587755102040937e-05,native,100,0.0,703.0,1.0795122,median_qd_cycles_2_to_5,0.004527799999999971,1.0022355999059223,-1.5761880547750438,-7.183043908470364e-06,-1.229178332743726,b1,0.00038981792093580357,704.0,4.996298185695343e-07
1.0768065,1.0783199,b1c37,622.0,matr,0.0019871000000000194,,648.0,622.0,622.0,,648.0,1.0,1,0,1.0,1.0,0.88336319,0.0012495999999999619,2.0276530612245094e-05,native,100,0.0,647.0,1.0763613,median_qd_cycles_2_to_5,0.004472400000000043,1.0018487757105985,-1.0730106192984303,-9.680958565230538e-06,-1.3824064888434928,b1,0.0003864089519183867,648.0,5.726424927456485e-07
1.0749754,1.0760679,b1c38,592.0,matr,0.002024100000000084,,617.0,592.0,592.0,,617.0,1.0,1,0,1.0,1.0,0.88110942,0.00034559999999994595,2.065408163265392e-05,native,100,0.0,616.0,1.074173,median_qd_cycles_2_to_5,0.003646500000000108,1.0018864789110187,-1.2843512163486013,-9.437124304253403e-06,-1.1781003216440156,b1,0.0001614048649902646,617.0,4.135994688521607e-07
1.0847629,1.0856049,b1c39,592.0,matr,0.0029856000000001437,,625.0,592.0,592.0,,625.0,1.0,1,0,1.0,1.0,0.88011074,0.00044900000000014373,3.0465306122450445e-05,native,100,0.0,624.0,1.08353305,median_qd_cycles_2_to_5,0.004689399999999955,1.0027599026158158,-2.452356447628806,-3.29447742732208e-06,-0.776262729268755,b1,0.0001886974811930043,625.0,4.81457680908073e-07
1.0826457,1.0819536,b1c4,1681.0,matr,0.004229000000000038,1708.0,1708.0,1681.0,1681.0,1698.0,1698.0,-16.0,0,0,0.0,1.0,0.82648873,0.0036754000000001064,4.3153061224490184e-05,continued_from_b2c16,100,0.0,1725.0,1.0793795,median_qd_cycles_2_to_5,0.006298499999999985,1.0039214897172866,-2.495682679576637,1.8994317872615252e-05,-0.2569837106944206,b1,0.0005013539191893871,1709.0,1.1869759704336124e-06
1.0857353,1.0871686,b1c40,919.0,matr,0.0024324000000000012,,966.0,919.0,919.0,,966.0,1.0,1,0,1.0,1.0,0.88060951,0.0004383000000001136,2.4820408163265318e-05,native,100,0.0,965.0,1.0850124,median_qd_cycles_2_to_5,0.004503299999999877,1.0022453553849067,-1.830768443301099,-8.204863327142272e-06,-1.173899170902736,b1,0.00018826819827434232,966.0,5.281183716273831e-07
1.0821686,1.0827476,b1c41,1005.0,matr,0.0032071999999998546,,1051.0,1005.0,1005.0,,1051.0,1.0,1,0,1.0,1.0,0.88106161,0.0005109999999999282,3.272653061224341e-05,native,100,0.0,1050.0,1.0806673,median_qd_cycles_2_to_5,0.0049074999999998425,1.002972488172422,-3.0063340154749048,-1.3855287568735692e-07,-0.7703051648422786,b1,0.00018828419658558656,1051.0,4.33037936494228e-07
1.0832821,1.0837516,b1c42,661.0,matr,0.0034095999999999016,,702.0,661.0,661.0,,702.0,1.0,1,0,1.0,1.0,0.88035142,0.000501600000000213,3.479183673469287e-05,native,100,0.0,701.0,1.08175435,median_qd_cycles_2_to_5,0.004959500000000006,1.0031574097868035,-3.458085734885571,2.1135980210352072e-06,-0.7350100374455398,b1,0.00019576288222186494,702.0,4.048936819610244e-07
1.0688359,1.0714344,b1c43,626.0,matr,0.0005969999999999587,,651.0,626.0,626.0,,651.0,1.0,1,0,1.0,1.0,0.88044435,0.0005279999999998619,6.091836734693456e-06,native,100,0.0,650.0,1.069749,median_qd_cycles_2_to_5,0.003432099999999938,1.0005588637522935,-0.5467643481333773,-2.4014810142235067e-05,-9.222181619401832,b1,0.00017006101526496458,651.0,7.872030602775073e-07
1.0847102,1.0882163,b1c44,575.0,matr,-5.8000000000113516e-05,,616.0,575.0,575.0,,616.0,1.0,1,0,1.0,1.0,0.88048309,0.0006517999999999802,-5.918367346950359e-07,native,100,0.0,615.0,1.08643345,median_qd_cycles_2_to_5,0.003620399999999968,0.9999465323559447,-0.3601374165795634,-3.361546072973778e-05,13.304620813041293,b1,0.00018856363764937242,616.0,1.2695074992000909e-06
1.0858277,1.0875177,b1c45,563.0,matr,0.0018719000000000374,,599.0,563.0,563.0,,599.0,1.0,1,0,1.0,1.0,0.88104212,0.0007681000000001603,1.9101020408163646e-05,native,100,0.0,598.0,1.08563255,median_qd_cycles_2_to_5,0.004482499999999945,1.0017269154332678,-1.0637084392301424,-1.2920053184893674e-05,-1.8733249977362356,b1,0.00019333962847211728,599.0,5.857313851260048e-07
1.0797794,1.080176,b1c5,909.0,matr,0.0036528000000000116,,1074.0,909.0,909.0,,1074.0,1.0,1,0,1.0,1.0,0.88053626,0.005331100000000033,3.727346938775522e-05,native,100,0.0,1073.0,1.07712635,median_qd_cycles_2_to_5,0.0069014000000000575,1.003394396161195,-2.5420627255894535,1.1228400742129884e-05,-0.48072559245361823,b1,0.0006581213436514532,1074.0,1.0861249794265882e-06
1.0792426,1.0811012,b1c6,613.0,matr,0.003406800000000043,,636.0,613.0,613.0,,636.0,1.0,1,0,1.0,1.0,0.8800565,0.003816599999999948,3.476326530612289e-05,native,100,0.0,635.0,1.0778327,median_qd_cycles_2_to_5,0.006303200000000064,1.003166654242218,-1.6663669364500382,-4.808646876924093e-06,-0.7574718161702586,b1,0.0004847523919566621,636.0,1.3123429669421754e-06
1.0957625,1.097587,b1c7,818.0,matr,0.0018981000000000137,,870.0,818.0,818.0,,870.0,1.0,1,0,1.0,1.0,0.88110596,0.003628599999999871,1.9368367346938914e-05,native,100,0.0,869.0,1.09553235,median_qd_cycles_2_to_5,0.004104200000000002,1.001735224219748,-1.3157317079880955,-6.4281880024581415e-06,-0.9897225814235697,b1,0.0006031309237157408,870.0,6.59143656126923e-07
1.0941359,1.0941397,b1c8,879.0,matr,0.004161099999999918,,879.0,,879.0,,879.0,1.0,1,1,1.0,0.0,0.96902454,0.0006089999999998597,4.246020408163181e-05,native,100,0.0,878.0,1.0916926999999998,median_qd_cycles_2_to_5,0.005939099999999975,1.0038176111961488,-2.897496968019916,5.429254174399952e-06,-0.5631377104288707,b1,0.00019619004569173902,879.0,7.540996417345025e-07
1.0876312,1.0866315,b1c9,1012.0,matr,0.004656999999999911,,1054.0,1012.0,1012.0,,1054.0,1.0,1,0,1.0,1.0,0.8809284,0.000579499999999955,4.75204081632644e-05,native,100,0.0,1053.0,1.08395785,median_qd_cycles_2_to_5,0.005975700000000028,1.0043001947784167,-2.8865962774213463,1.8204385899829277e-05,-0.30881190625651556,b1,0.0001601561438091958,1054.0,9.452788463360952e-07
1.1052729,1.1037184,b2c0,453.0,matr,0.003267799999999932,475.0,475.0,453.0,453.0,477.0,477.0,-19.0,0,0,0.0,1.0,0.82661337,0.01415080000000013,3.334489795918298e-05,native,100,0.0,496.0,1.1032914,median_qd_cycles_2_to_5,0.016458400000000095,1.0029653220298163,-1.2760435115773936,1.373756833643947e-05,13.5807068490703,b2,0.002035227830957147,477.0,9.577930615606554e-06
1.1015422,1.1083114,b2c1,461.0,matr,-0.004240400000000033,489.0,489.0,461.0,461.0,491.0,491.0,-22.0,0,0,0.0,1.0,0.82848173,0.01244999999999985,-4.3269387755102375e-05,native,100,0.0,513.0,1.1060249999999998,median_qd_cycles_2_to_5,0.015046600000000021,0.9961652498420576,-1.3179309109256272,-3.290422139763861e-05,10.637858436994586,b2,0.00191043608171752,491.0,1.1687272408670543e-05
1.1162933,1.1099281,b2c10,461.0,matr,0.00701509999999983,489.0,489.0,461.0,461.0,492.0,492.0,-27.0,0,0,0.0,1.0,0.82791102,0.11510614000000008,7.158265306122276e-05,native,100,0.0,519.0,1.1097726,median_qd_cycles_2_to_5,0.11804643999999997,1.0063240222335568,-9.2720790862096,5.4494455906012585e-05,-0.827400131080166,b2,0.01584637874014759,492.0,0.00013457586370762048
1.1086942,1.0982223,b2c11,430.0,matr,0.012777099999999875,450.0,450.0,430.0,430.0,449.0,449.0,-19.0,0,0,0.0,1.0,0.82524824,0.13904320000000003,0.00013037857142857016,native,100,0.0,468.0,1.0970887,median_qd_cycles_2_to_5,0.14617939999999996,1.0116588198140168,-9.161893642889892,0.00011636928385901053,-0.817603093253815,b2,0.019736691734055962,449.0,0.00020437211629729005
1.1065857,1.1027151,b2c12,435.0,matr,0.0049399999999999444,465.0,465.0,435.0,435.0,466.0,466.0,-27.0,0,0,0.0,1.0,0.82528538,0.010587799999999925,5.0408163265305554e-05,native,100,0.0,493.0,1.1030378,median_qd_cycles_2_to_5,0.01353749999999998,1.0044842003195764,-1.0019988475355557,3.124443661101217e-05,6.1275894478567885,b2,0.0016316729148189491,466.0,4.384013583975092e-06
1.0951428,1.0968143,b2c13,436.0,matr,-0.0002936999999998413,462.0,462.0,436.0,436.0,460.0,460.0,-23.0,0,0,0.0,1.0,0.82574999,0.006237800000000071,-2.9969387755085846e-06,native,100,0.0,483.0,1.0957949,median_qd_cycles_2_to_5,0.007968500000000045,0.999731887699561,-1.0230823700240308,-1.144594434136377e-05,-1.1755295731235618,b2,0.001457158501978628,460.0,2.1261609906417674e-06
1.0776343,1.0849262,b2c14,403.0,matr,-0.006854300000000091,433.0,433.0,403.0,403.0,426.0,426.0,-35.0,0,0,0.0,1.0,0.82618046,0.008760600000000007,-6.994183673469481e-05,native,100,0.0,461.0,1.0845337000000002,median_qd_cycles_2_to_5,0.013525899999999869,0.9936796938206635,-0.002987059890558667,-0.0001016570562770468,-0.40365243336643614,b2,0.001403928282656039,426.0,1.2377510605472932e-05
1.0770745,1.0711806,b2c15,385.0,matr,0.007325099999999862,404.0,404.0,385.0,385.0,396.0,396.0,-18.0,0,0,0.0,1.0,0.82608759,0.0033047999999999966,7.474591836734554e-05,native,100,0.0,414.0,1.070032,median_qd_cycles_2_to_5,0.01032529999999987,1.0068474915713903,-0.24398261766998236,9.204142609773131e-05,-0.06392207242948479,b2,0.0012037564269155299,396.0,9.157571606354403e-06
1.0940695,1.0965556,b2c16,447.0,matr,-0.0004667999999998784,475.0,475.0,447.0,447.0,472.0,472.0,-27.0,0,0,0.0,1.0,0.82648873,0.01050949999999995,-4.763265306121209e-06,native,100,0.0,499.0,1.0960515,median_qd_cycles_2_to_5,0.01050949999999995,0.9995735180276799,-0.4945734143885305,-1.5038863327142703e-05,2.244352643115156,b2,0.0016375676848692652,472.0,3.935591712800728e-06
1.0944375,1.09258,b2c17,447.0,matr,0.002719799999999939,474.0,474.0,447.0,447.0,471.0,471.0,-23.0,0,0,0.0,1.0,0.8272146,0.016055000000000152,2.7753061224489173e-05,native,100,0.0,494.0,1.0918908,median_qd_cycles_2_to_5,0.01921750000000011,1.0024913033836493,3.788075580786117,3.904175881262371e-05,-1.7251619491521468,b2,0.0026059574114412993,471.0,4.954712418989918e-06
1.0858426,1.0786648,b2c18,437.0,matr,0.010213400000000039,456.0,456.0,437.0,437.0,449.0,449.0,-18.0,0,0,0.0,1.0,0.82719898,0.003798799999999991,0.00010421836734693917,native,100,0.0,467.0,1.07619675,median_qd_cycles_2_to_5,0.012947500000000112,1.0094952796000705,-0.2199628970244673,0.00011339298701299902,0.21856263291324707,b2,0.0010506319815630357,449.0,1.2421352232588503e-05
1.0930592,1.0924506,b2c19,375.0,matr,0.0028185999999998934,396.0,396.0,375.0,375.0,392.0,392.0,-19.0,0,0,0.0,1.0,0.82597393,0.01644369999999995,2.876122448979483e-05,native,100,0.0,411.0,1.09146485,median_qd_cycles_2_to_5,0.01644369999999995,1.0025853008959673,-0.9275394888781431,2.1983457019182867e-05,1.5670635231126788,b2,0.0021166172543843754,392.0,8.06054485467608e-06
1.0728362,1.078596,b2c2,415.0,matr,-0.0025500999999998886,430.0,430.0,415.0,415.0,424.0,424.0,-15.0,0,0,0.0,1.0,0.82700932,0.11198607999999988,-2.6021428571427435e-05,native,100,0.0,439.0,1.0751113499999998,median_qd_cycles_2_to_5,0.11325008000000003,0.9976286660895718,-8.943731571079322,-5.3960603586805125e-06,-0.4999602163611181,b2,0.015325015297556631,424.0,0.0001262638420084928
1.1038647,1.1000065,b2c20,471.0,matr,0.0061388,490.0,490.0,471.0,471.0,489.0,489.0,-17.0,0,0,0.0,1.0,0.82856864,0.009011000000000102,6.264081632653061e-05,native,100,0.0,506.0,1.09799415,median_qd_cycles_2_to_5,0.011342100000000022,1.0055922885667543,-0.5587952878350927,2.8384829931985655e-05,3.0554678663069144,b2,0.0014209790993477103,489.0,4.452856675022953e-06
1.1000447,1.102361,b2c21,386.0,matr,0.0014510999999999274,408.0,408.0,386.0,386.0,408.0,408.0,-18.0,0,0,0.0,1.0,0.82783753,0.11237377999999998,1.4807142857142117e-05,native,100,0.0,426.0,1.0992943,median_qd_cycles_2_to_5,0.11263568000000013,1.001320870611298,-9.250066596310592,3.546821447124778e-05,-0.7695597580388355,b2,0.015412656480449604,408.0,0.00012206522289197837
1.0839342,1.0933094,b2c22,921.0,matr,-0.0073848999999999165,,921.0,,921.0,,921.0,,1,1,1.0,1.0,1.0556005,1.0843060999999998,-7.535612244897875e-05,native,100,0.0,920.0,1.09217965,median_qd_cycles_2_to_5,1.17854457,0.9932330516344854,9.79712459854777,0.0006255910350031046,-12.152600419239173,b2,0.15520760051146337,,0.011707878102143798
1.0753278,1.0919091,b2c23,1153.0,matr,-0.015132400000000157,,1153.0,,1153.0,,1153.0,,1,1,1.0,1.0,0.97824305,1.075023,-0.00015441224489796078,native,100,0.0,1152.0,1.09050145,median_qd_cycles_2_to_5,1.21898871,0.986122923147493,9.575435573642253,0.0005160051214595007,485.7910306068963,b2,0.15445208832572271,,0.01160288783686797
1.1019264,1.0956398,b2c24,490.0,matr,0.009624700000000042,518.0,518.0,490.0,490.0,514.0,514.0,-22.0,0,0,0.0,1.0,0.82615805,0.011801799999999973,9.821122448979634e-05,native,100,0.0,536.0,1.09316,median_qd_cycles_2_to_5,0.014937100000000036,1.0088113934089822,-0.5268753226730308,4.3255097093394744e-05,5.802156056580594,b2,0.0018353306138734202,514.0,5.815531801410113e-06
1.1063702,1.1010141,b2c25,475.0,matr,0.007532199999999989,493.0,493.0,475.0,475.0,493.0,493.0,-18.0,0,0,0.0,1.0,0.82751423,0.011566299999999918,7.685918367346927e-05,native,100,0.0,511.0,1.0991886,median_qd_cycles_2_to_5,0.013614299999999968,1.006854695596621,-0.8825331119273143,3.860060482376233e-05,3.102085443807673,b2,0.0018685310363609606,493.0,5.918903705517772e-06
1.1065354,1.1064944,b2c26,423.0,matr,0.002183200000000163,449.0,449.0,423.0,423.0,450.0,450.0,-26.0,0,0,0.0,1.0,0.82529837,0.008816799999999958,2.2277551020409826e-05,native,100,0.0,476.0,1.1053247,median_qd_cycles_2_to_5,0.010781900000000011,1.0019769055560357,-1.356876010029341,-1.2231956709943128e-05,-10.656482025721173,b2,0.0013970910736482,450.0,4.633313261716172e-06
1.1031471,1.0961983,b2c27,455.0,matr,0.010578899999999836,476.0,476.0,455.0,455.0,474.0,474.0,-19.0,0,0,0.0,1.0,0.8266983,0.004038999999999904,0.0001079479591836718,native,100,0.0,493.0,1.0944814,median_qd_cycles_2_to_5,0.01260059999999985,1.0096825992189777,0.5148003867739894,8.3227929499087e-05,2.280097433854126,b2,0.0012492464751029328,474.0,7.345888534233239e-06
1.0995919,1.0936617,b2c28,416.0,matr,0.009143300000000076,440.0,440.0,416.0,416.0,437.0,437.0,-19.0,0,0,0.0,1.0,0.82741743,0.00957129999999995,9.329897959183751e-05,native,100,0.0,456.0,1.09018045,median_qd_cycles_2_to_5,0.011847799999999964,1.008384897738417,-0.3701132987542816,5.740212987013656e-05,1.915741015952488,b2,0.001707095290400963,437.0,6.086475407991037e-06
1.1159806,1.1057531,b2c29,432.0,matr,0.012774400000000075,451.0,451.0,432.0,432.0,452.0,452.0,-18.0,0,0,0.0,1.0,0.82541627,0.004469799999999857,0.00013035102040816402,native,100,0.0,470.0,1.1030163000000002,median_qd_cycles_2_to_5,0.015419300000000025,1.0115793402901472,0.15627185390667123,0.0001200828880643241,1.4230175583795144,b2,0.0014849858400510188,452.0,1.3637129403599683e-05
1.1003293,1.0984287,b2c3,473.0,matr,0.004372700000000007,500.0,500.0,473.0,473.0,499.0,499.0,-18.0,0,0,0.0,1.0,0.82550967,0.00762839999999998,4.4619387755102116e-05,native,100,0.0,517.0,1.0970362,median_qd_cycles_2_to_5,0.012060699999999924,1.003989847773169,0.3478559513888546,7.592857884973753e-05,-0.05096713157609941,b2,0.0017475720316623832,499.0,9.174285315386098e-06
1.092545,1.0984639,b2c30,396.0,matr,-0.0020923999999999943,414.0,414.0,396.0,396.0,412.0,412.0,-17.0,0,0,0.0,1.0,0.82665932,0.013076000000000088,-2.1351020408163206e-05,native,100,0.0,429.0,1.0955093,median_qd_cycles_2_to_5,0.015487800000000052,0.9980884994428292,-0.39922684473667647,-8.503881385279777e-05,-1.6349121937809212,b2,0.001955018238771088,412.0,1.1930602161324409e-05
1.1006228,1.09855,b2c31,404.0,matr,0.0016135999999999928,426.0,426.0,404.0,404.0,425.0,425.0,-21.0,0,0,0.0,1.0,0.82528561,0.0032833000000001,1.6465306122448905e-05,native,100,0.0,446.0,1.0990029,median_qd_cycles_2_to_5,0.0075009000000001436,1.0014682315671242,0.02263591792657153,3.979185899816047e-05,-0.15751415413127104,b2,0.0014608849056554254,425.0,3.1576171404795604e-06
1.0874337,1.09124,b2c32,778.0,matr,-0.0007219999999998894,811.0,811.0,778.0,778.0,809.0,809.0,-25.0,0,0,0.0,1.0,0.82744044,0.012288100000000135,-7.367346938774382e-06,native,100,0.0,834.0,1.088943,median_qd_cycles_2_to_5,0.014750900000000122,0.9993364920112077,-1.495515669278531,-5.5682572665417575e-05,-1.873257544316437,b2,0.0017265723996342378,809.0,9.217437341634588e-06
1.0686773,1.0744437,b2c33,1100.0,matr,-0.004597399999999974,1161.0,1161.0,1100.0,1100.0,1140.0,1140.0,-50.0,0,0,0.0,1.0,0.82506907,0.1468545,-4.6912244897958914e-05,native,100,0.0,1190.0,1.0737388,median_qd_cycles_2_to_5,0.14895000000000003,0.9957164740769535,-9.323471062095107,-0.00012531416326529325,10.66499997534177,b2,0.020114672592359276,1140.0,0.000223561372932056
1.0644548,1.0688004,b2c34,1147.0,matr,-0.0027188999999998575,1220.0,1220.0,1147.0,1147.0,1186.0,1186.0,-66.0,0,0,0.0,1.0,0.82562441,0.007659900000000164,-2.7743877551018955e-05,native,100,0.0,1252.0,1.0675536499999998,median_qd_cycles_2_to_5,0.009229900000000013,0.9974522423106943,-1.4439554932170489,-5.4562957328379686e-05,-42.3784753749223,b2,0.0008113441243867079,1186.0,4.357537008046111e-06
1.0296415,1.0655857,b2c35,64.0,matr,-0.03934709999999986,,424.0,64.0,64.0,,424.0,,1,0,1.0,1.0,0.88112044,1.0315074,-0.00040150102040816183,native,100,0.0,423.0,1.0688482499999998,median_qd_cycles_2_to_5,1.17418464,0.96319221739128,9.360064337036967,0.00018185626196661893,-4.698363639105382,b2,0.14878278222888347,,0.01069310312975832
1.0034419,1.0663357,b2c36,67.0,matr,-0.06879329999999984,,281.0,67.0,67.0,,281.0,,1,0,1.0,1.0,0.88107425,1.0098554,-0.0007019724489795902,native,100,0.0,280.0,1.07167425,median_qd_cycles_2_to_5,1.1062013300000002,0.9358412221497673,9.026663529301183,-0.00017304703252936864,-2.2475328180763263,b2,0.14501399375321233,,0.010222991551484678
2.1673884,1.0849046,b2c37,102.0,matr,1.0839698000000002,,102.0,,102.0,,102.0,,1,1,1.0,1.0,2.1693008,0.0873105099999999,0.011060916326530614,native,100,0.0,101.0,1.0837548,median_qd_cycles_2_to_5,1.1686954100000002,2.000508759956678,9.848288176771469,0.0006596153919604316,-15.290247491879098,b2,0.10948009955103992,,0.011806744321688982
2.1622672,1.0860128,b2c38,102.0,matr,1.0779008,,102.0,,102.0,,102.0,,1,1,1.0,1.0,2.1653843,0.011930100000000055,0.010998987755102042,native,100,0.0,101.0,1.08479165,median_qd_cycles_2_to_5,1.0877691,1.9940374397436145,9.943036135999538,0.0006026548002473899,-121.69930275491808,b2,0.10856640469053601,,0.011628330320806677
2.1270139,1.0737677,b2c39,417.0,matr,1.0549509000000001,,435.0,417.0,417.0,,435.0,,1,0,1.0,1.0,0.88120419,0.009313399999999916,0.010764805102040817,native,100,0.0,434.0,1.0726831,median_qd_cycles_2_to_5,1.0632264,1.9840381582052549,9.941455087336479,0.0005717653840445366,-1290.9031852146763,b2,0.1064025922774617,,0.011151013765627497
1.0813601,1.0907151,b2c4,421.0,matr,-0.008614400000000133,446.0,446.0,421.0,421.0,444.0,444.0,-20.0,0,0,0.0,1.0,0.82712674,0.007846999999999937,-8.790204081632788e-05,native,100,0.0,464.0,1.0897706500000002,median_qd_cycles_2_to_5,0.012412300000000043,0.9920966958401319,-0.5429139523785788,-6.742782807667963e-05,-0.3903807611493392,b2,0.0017444973944318526,444.0,1.0331189739255245e-05
2.1616216,1.0857954,b2c40,436.0,matr,1.0776549000000002,,460.0,436.0,436.0,,460.0,,1,0,1.0,1.0,0.88021344,0.008405400000000007,0.010996478571428573,native,100,0.0,459.0,1.08460085,median_qd_cycles_2_to_5,1.0825988000000002,1.994177127396995,9.947117562798216,0.0006366557897340908,130.98841652997416,b2,0.10816280728359266,,0.011579505842558506
1.108752,1.1056466,b2c41,416.0,matr,0.00383319999999987,440.0,440.0,416.0,416.0,442.0,442.0,-21.0,0,0,0.0,1.0,0.82606894,0.007218000000000169,3.911428571428439e-05,native,100,0.0,463.0,1.10515715,median_qd_cycles_2_to_5,0.009534399999999943,1.00346921420832,-0.3604992524669887,2.3998204081643843e-05,3.9430397411376417,b2,0.001363304565145649,442.0,3.1119082497704328e-06
1.1133598,1.1048694,b2c42,447.0,matr,0.010915500000000078,472.0,472.0,447.0,447.0,474.0,474.0,-23.0,0,0,0.0,1.0,0.82577723,0.012632600000000105,0.00011138265306122528,native,100,0.0,497.0,1.1028723,median_qd_cycles_2_to_5,0.01729360000000013,1.0099011804950146,-0.08564016871538803,8.583347433519664e-05,4.647216351542415,b2,0.001680755765684821,474.0,1.1656566254076148e-05
1.0966223,1.0997281,b2c43,984.0,matr,-0.0008110999999999535,1028.0,1028.0,984.0,984.0,1029.0,1029.0,-32.0,0,0,0.0,1.0,0.82532436,0.01342500000000002,-8.276530612244423e-06,native,100,0.0,1061.0,1.1005713,median_qd_cycles_2_to_5,0.01560539999999988,0.9992609118694583,-1.6542823476482549,-7.295969944339816e-05,28.24326965497031,b2,0.00166549843668869,1029.0,1.0317849256818649e-05
1.0974951,1.098514,b2c44,808.0,matr,0.000905099999999992,842.0,842.0,808.0,808.0,841.0,841.0,-33.0,0,0,0.0,1.0,0.82503617,0.007298600000000155,9.235714285714205e-06,native,100,0.0,874.0,1.09780235,median_qd_cycles_2_to_5,0.0073977000000000626,1.0008253768500532,-1.4467871306132825,-2.4462076685204973e-05,-5.091463417713112,b2,0.0012286656110287034,841.0,1.64890033474951e-06
1.0995457,1.1031003,b2c45,947.0,matr,-0.003489400000000087,996.0,996.0,947.0,947.0,997.0,997.0,-30.0,0,0,0.0,1.0,0.82734823,0.08191780000000004,-3.560612244898048e-05,native,100,0.0,1027.0,1.1029977,median_qd_cycles_2_to_5,0.08328089999999988,0.9968365467245783,-8.924045850212059,-7.610656895484532e-05,3.9552228259774083,b2,0.011261542350894164,997.0,6.911051583902255e-05
1.0998453,1.1016624,b2c46,475.0,matr,-0.0010977000000000903,503.0,503.0,475.0,475.0,503.0,503.0,-20.0,0,0,0.0,1.0,0.82638663,0.00796730000000001,-1.1201020408164186e-05,native,100,0.0,523.0,1.1016553,median_qd_cycles_2_to_5,0.011432699999999851,0.9990029456565871,-0.4286114405644448,1.9638269635137816e-05,3.4876073863328627,b2,0.0015207627044895354,503.0,5.3132598944168885e-06
1.0760076,1.0987128,b2c5,375.0,matr,-0.02290649999999994,416.0,416.0,375.0,375.0,416.0,416.0,-29.0,0,0,0.0,1.0,0.8261537,0.11450389999999988,-0.00023373979591836676,native,100,0.0,445.0,1.0989053,median_qd_cycles_2_to_5,0.12146649999999992,0.9791553316132717,-6.354383689741809,-0.0001948491799628852,0.10311633805560323,b2,0.015608060019927556,416.0,0.00016650875143199258
1.090597,1.0903428,b2c6,374.0,matr,0.002035299999999962,398.0,398.0,374.0,374.0,393.0,393.0,-16.0,0,0,0.0,1.0,0.82940364,0.00462779999999996,2.076836734693839e-05,native,100,0.0,409.0,1.08936235,median_qd_cycles_2_to_5,0.012502800000000036,1.001869714872386,0.48178520681855175,6.243813358071642e-05,-0.6772902915150459,b2,0.0015749920350687332,393.0,8.388339820724391e-06
1.09727,1.0903423,b2c7,747.0,matr,0.006792399999999921,782.0,782.0,747.0,747.0,777.0,777.0,-29.0,0,0,0.0,1.0,0.8264814,0.011762300000000003,6.931020408163184e-05,native,100,0.0,806.0,1.09111585,median_qd_cycles_2_to_5,0.017952599999999874,1.0062288303767082,1.500282249178367,5.346993939394844e-05,11.927579912345635,b2,0.0021921182543184693,777.0,6.0384487435526636e-06
1.0909338,1.0917038,b2c8,863.0,matr,0.00030090000000004835,910.0,910.0,863.0,863.0,904.0,904.0,-43.0,0,0,0.0,1.0,0.8255862,0.12183536999999989,3.0704081632657993e-06,native,100,0.0,947.0,1.09091235,median_qd_cycles_2_to_5,0.12315096999999997,1.0002758948496786,-9.728774116855625,-4.81292107606561e-05,1.443966550535919,b2,0.017045528613472017,904.0,0.00014779943295724758
1.0975486,1.0985823,b2c9,761.0,matr,0.00257710000000011,792.0,792.0,761.0,761.0,791.0,791.0,-28.0,0,0,0.0,1.0,0.82610458,0.004258699999999838,2.6296938775511324e-05,native,100,0.0,819.0,1.09725765,median_qd_cycles_2_to_5,0.009695099999999846,1.0023535772392251,-1.582821938469956,-3.1789604205310855e-05,-2.0162628122011723,b2,0.0010655347788742567,791.0,3.493314452543568e-06
1.0510046,1.0534712,b3c0,814.0,matr,-0.0015944999999999432,,814.0,,814.0,,814.0,,1,1,1.0,1.0,1.0255854,0.0015519999999999978,-1.6270408163264728e-05,native,100,0.0,813.0,1.0531094,median_qd_cycles_2_to_5,0.006453900000000123,0.9984851782601752,-0.6980074029814262,-9.04169202224734e-06,-0.09495912762531925,b3,0.000579688236091708,,4.417451669429668e-06
0.9329316,0.96610409,b3c1,241.0,matr,-0.031750500000000015,,241.0,,241.0,,241.0,,1,1,1.0,1.0,0.88019198,0.0009334699999999918,-0.00032398469387755115,native,100,0.0,240.0,0.96712121,median_qd_cycles_2_to_5,0.0344913,0.9670870849578322,0.046864114053886595,-0.0003835172445268905,0.9096976345746962,b3,0.00037293749188500446,,0.00012163018966782937
1.1588485777777777,1.1700476666666666,hust_1-1,1192.0,hust,-0.014270377777777954,1352.0,1352.0,1192.0,1192.0,,,,0,0,,,,0.0006533777777777416,-0.00014561609977324443,,100,,,1.1722035333333334,median_qd_cycles_2_to_5,0.014270377777777954,0.9878355236609233,0.3655284694829404,-0.00012807639744381066,0.6635213456902752,hust,0.00025924988310011606,,1.368754113345365e-05
1.1883092444444443,1.2007264222222223,hust_1-2,1953.0,hust,-0.016085333333333285,2255.0,2255.0,1953.0,1953.0,,,,0,0,,,,0.0012167555555553378,-0.0001641360544217682,,100,,,1.2028930222222223,median_qd_cycles_2_to_5,0.016085333333333285,0.9866444655014869,0.4340801458587613,-0.00014423181172266368,0.6012338371066309,hust,0.0002829471154407016,,1.745451792217472e-05
1.182811111111111,1.1749889333333332,hust_1-3,1506.0,hust,0.02004028888888887,1691.0,1691.0,1506.0,1506.0,,,,0,0,,,,0.0006257777777778362,0.00020449274376417212,,100,,,1.1646102,median_qd_cycles_2_to_5,0.024941800000000125,1.0172349430394108,-2.2961906191232897,9.346328262215026e-05,-0.23464316881487698,hust,0.0005515128807077404,,2.8677913897838564e-05
1.1819802888888888,1.1741720888888887,hust_1-4,1206.0,hust,0.018496155555555394,1355.0,1355.0,1206.0,1206.0,,,,0,0,,,,0.0006145555555556736,0.00018873628117913667,,100,,,1.1647094777777778,median_qd_cycles_2_to_5,0.024006177777777804,1.0158972134003794,-2.1918105460483264,9.391025245654719e-05,-0.24632471757891,hust,0.0005185767582396402,,2.7646652505286445e-05
1.1754158888888888,1.1675902666666667,hust_1-5,1521.0,hust,0.01882684444444438,1796.0,1796.0,1521.0,1521.0,,,,0,0,,,,0.0006221555555556701,0.0001921106575963712,,100,,,1.1578154,median_qd_cycles_2_to_5,0.02428986666666666,1.0162779031453542,-2.289556196951993,9.338644925445692e-05,-0.22578571685278706,hust,0.000548201431559538,,2.815938581162242e-05
1.172507111111111,1.194616,hust_1-6,822.0,hust,-0.028838911111111365,970.0,970.0,822.0,822.0,,,,0,0,,,,0.001820133333333418,-0.00029427460317460577,,100,,,1.1992192777777777,median_qd_cycles_2_to_5,0.028838911111111365,0.9759945006870162,0.43102810535352737,-0.00025416359266129066,0.6011410980376215,hust,0.000349452662889257,,5.4102501915882206e-05
1.1699844000000001,1.1817271333333332,hust_1-7,1313.0,hust,-0.014799533333333281,1486.0,1486.0,1313.0,1313.0,,,,0,0,,,,0.0006450222222220692,-0.00015101564625850288,,100,,,1.1838741333333334,median_qd_cycles_2_to_5,0.014815444444444381,0.9875086647303737,0.45724124742789723,-0.0001307819443413654,0.6020302499029063,hust,0.0002615888639999612,,1.4394557646531587e-05
1.176328888888889,1.186275777777778,hust_1-8,1722.0,hust,-0.013622311111110896,1981.0,1981.0,1722.0,1722.0,,,,0,0,,,,0.0006242000000000747,-0.0001390031746031724,,100,,,1.1890426888888888,median_qd_cycles_2_to_5,0.013622311111110896,0.988552210282984,0.5761243226498481,-0.00011767728633270163,0.5442975310588797,hust,0.00025241214675943813,,1.1826593493988624e-05
1.1605730888888888,1.1710861333333333,hust_10-1,1370.0,hust,-0.013566311111111284,1541.0,1541.0,1370.0,1370.0,,,,0,0,,,,0.0006263111111111108,-0.0001384317460317478,,100,,,1.1732270777777778,median_qd_cycles_2_to_5,0.013566311111111284,0.9884457406751607,0.457129030665099,-0.0001209945341853774,0.6054460031792801,hust,0.0002533095750883504,,1.2326494081915858e-05
1.1910953555555557,1.197222377777778,hust_10-2,1363.0,hust,0.004267044444444812,1533.0,1533.0,1363.0,1363.0,,,,0,0,,,,0.0006204000000000764,4.354126984127359e-05,,100,,,1.1892812666666666,median_qd_cycles_2_to_5,0.014062133333333726,1.0035953342235744,-0.5521577716637784,-5.8207437641713525e-05,-1.0776097807003733,hust,0.0004880724409723324,,1.11303129405355e-05
1.1665861333333332,1.1783396666666668,hust_10-3,1467.0,hust,-0.014801066666666918,1665.0,1665.0,1467.0,1467.0,,,,0,0,,,,0.0006326000000000942,-0.00015103129251700935,,100,,,1.1804824222222223,median_qd_cycles_2_to_5,0.014801066666666918,0.9874714516403539,0.4777418931700341,-0.00012856869209096458,0.5977213566602582,hust,0.00026317002548030305,,1.3949372410880059e-05
1.1919649555555556,1.1901346444444443,hust_10-4,1483.0,hust,0.012823511111111241,1646.0,1646.0,1483.0,1483.0,,,,0,0,,,,0.0006195111111111373,0.00013085215419501267,,100,,,1.1818925555555555,median_qd_cycles_2_to_5,0.01953117777777802,1.0108752950475361,-1.9675773106950507,2.9696945509529386e-05,-0.3899514933466723,hust,0.0005669753577513552,,1.4758006732680855e-05
1.1943139333333332,1.1915105333333333,hust_10-5,1648.0,hust,0.01441031111111113,1842.0,1842.0,1648.0,1648.0,,,,0,0,,,,0.0006318888888885432,0.0001470439909297054,,100,,,1.1820678,median_qd_cycles_2_to_5,0.020529777777777758,1.0122131255805207,-2.238976119570259,3.996149302550364e-05,-0.3735611016665724,hust,0.0005416961858388866,,1.67573716304644e-05
1.2155815777777774,1.2279354444444444,hust_10-6,1649.0,hust,-0.015407755555556069,1886.0,1886.0,1649.0,1649.0,,,,0,0,,,,0.0006314888888889758,-0.00015722199546485785,,100,,,1.2300951555555555,median_qd_cycles_2_to_5,0.015407755555556069,0.9874834369897957,0.42856555212415265,-0.00014064359898301195,0.6269558203774237,hust,0.00026557225451523695,,1.660041590932879e-05
1.1928049111111112,1.1916521111111111,hust_10-7,1426.0,hust,0.013372244444444625,1607.0,1607.0,1426.0,1426.0,,,,0,0,,,,0.0006205777777776866,0.00013645147392290434,,100,,,1.1821859555555554,median_qd_cycles_2_to_5,0.02068804444444461,1.0113378616875497,-1.9820042866187515,2.3685277537288345e-05,-0.4044728211932923,hust,0.0005601377982172234,,1.6348917056449957e-05
1.1694775333333334,1.1816884,hust_10-8,1087.0,hust,-0.01587868888888888,1244.0,1244.0,1087.0,1087.0,,,,0,0,,,,0.0006206666666666028,-0.0001620274376417233,,100,,,1.184438388888889,median_qd_cycles_2_to_5,0.015880155555555664,0.9866042894184833,0.37092398292943757,-0.00014448253116194836,0.667524813446654,hust,0.00026908791445779843,,1.7426398635144092e-05
1.2015045333333332,1.216536311111111,hust_2-2,2003.0,hust,-0.0187008888888891,2292.0,2292.0,2003.0,2003.0,,,,0,0,,,,0.00064328888888876,-0.00019082539682539897,,100,,,1.2193418333333332,median_qd_cycles_2_to_5,0.0187008888888891,0.9846739831275039,0.44435164985652414,-0.0001672657544148918,0.5979409350180597,hust,0.00027971502881400114,,2.3479714566109252e-05
1.1845719777777777,1.176199111111111,hust_2-3,1406.0,hust,0.018126155555555412,1580.0,1580.0,1406.0,1406.0,,,,0,0,,,,0.0006187999999998084,0.00018496077097505522,,100,,,1.1676695555555556,median_qd_cycles_2_to_5,0.023073022222222184,1.0155396463429591,-2.243215893454226,8.921480189653023e-05,-0.22579655523700676,hust,0.0005037374923832402,,2.5331762960090168e-05
1.1672882444444443,1.1799994000000003,hust_2-4,1155.0,hust,-0.015775799999999895,1326.0,1326.0,1155.0,1155.0,,,,0,0,,,,0.0006439111111113949,-0.0001609775510204071,,100,,,1.1821715555555556,median_qd_cycles_2_to_5,0.015780866666666338,0.986665303476949,0.4179050152875465,-0.00014149299773241332,0.6229356368696379,hust,0.0002666427212131978,,1.677292429413603e-05
1.1737769333333332,1.1686909333333333,hust_2-5,1083.0,hust,0.015487800000000052,1251.0,1251.0,1083.0,1083.0,,,,0,0,,,,0.0006297333333331601,0.0001580387755102046,,100,,,1.1601525555555554,median_qd_cycles_2_to_5,0.021821066666666722,1.0133712728146116,-2.136039486073621,5.223342760944082e-05,-0.31193498175808076,hust,0.0005401218721997338,,2.1418112901743273e-05
1.1898830666666667,1.1842264,hust_2-6,1289.0,hust,0.016061311111110976,1432.0,1432.0,1289.0,1289.0,,,,0,0,,,,0.0006186222222219762,0.00016389092970521405,,100,,,1.1753827444444445,median_qd_cycles_2_to_5,0.021783688888888708,1.0136829216489598,-2.2037651270326033,5.541312059370143e-05,-0.296652660572899,hust,0.0005141142727772478,,2.1814109968469364e-05
1.1944844666666665,1.191876311111111,hust_2-7,1774.0,hust,0.013011466666666527,1996.0,1996.0,1774.0,1774.0,,,,0,0,,,,0.0006327777777779264,0.00013277006802720945,,100,,,1.1830270666666667,median_qd_cycles_2_to_5,0.019561777777777678,1.0110129191836517,-2.096025230097467,2.9507697656850964e-05,-0.3679993706137253,hust,0.0005375611103334402,,1.571995303712983e-05
1.1632860222222223,1.1745423555555556,hust_2-8,1186.0,hust,-0.014311222222222142,1332.0,1332.0,1186.0,1186.0,,,,0,0,,,,0.0006344222222223195,-0.0001460328798185933,,100,,,1.1767125333333333,median_qd_cycles_2_to_5,0.014353533333333335,0.9878470994308638,0.3955985829370229,-0.00013064359156186774,0.6296779064391886,hust,0.00025674632022222674,,1.4266930878377082e-05
1.1940708,1.1919072666666666,hust_3-1,1560.0,hust,0.01254557777777765,1747.0,1747.0,1560.0,1560.0,,,,0,0,,,,0.0006214444444443412,0.00012801609977324132,,100,,,1.1836808555555556,median_qd_cycles_2_to_5,0.01877659999999981,1.0106181210031062,-1.976135302894423,2.548682388512315e-05,-0.3883901411319796,hust,0.0005010414320006928,,1.434987946828376e-05
1.194298288888889,1.1945814222222222,hust_3-2,1757.0,hust,0.008872288888889024,2018.0,2018.0,1757.0,1757.0,,,,0,0,,,,0.0006171999999997624,9.053356009070432e-05,,100,,,1.1872680555555555,median_qd_cycles_2_to_5,0.015863333333333562,1.0074844729986427,-1.4941765290086488,1.7176417233679366e-06,-0.5105387859561052,hust,0.00045372890651762884,,1.0746246614724715e-05
1.1835836888888889,1.1832882444444444,hust_3-3,1350.0,hust,0.010070177777777856,1507.0,1507.0,1350.0,1350.0,,,,0,0,,,,0.0006223111111112178,0.00010275691609977403,,100,,,1.1750501444444446,median_qd_cycles_2_to_5,0.017052888888889006,1.0085812201414224,-1.6573778658871412,8.341851164724784e-06,-0.506341917428328,hust,0.0004759725251573087,,1.3180438602328746e-05
1.1565370888888888,1.169627488888889,hust_3-4,1381.0,hust,-0.016139000000000125,1597.0,1597.0,1381.0,1381.0,,,,0,0,,,,0.0006520222222221594,-0.00016468367346938903,,100,,,1.1717724777777778,median_qd_cycles_2_to_5,0.016139000000000125,0.9862374613476669,0.4523899533488268,-0.00014488971785884717,0.586614655413145,hust,0.0002692372224323207,,1.7639856872890532e-05
1.210358888888889,1.2240836666666666,hust_3-5,1863.0,hust,-0.0174080666666665,2151.0,2151.0,1863.0,1863.0,,,,0,0,,,,0.000621266666666731,-0.00017763333333333162,,100,,,1.2268752777777778,median_qd_cycles_2_to_5,0.017412866666666638,0.9858213591855554,0.39762594624443137,-0.00016001528839413367,0.632180574724443,hust,0.00027301115330452937,,2.1403185177922365e-05
1.1906575777777777,1.1885067111111112,hust_3-6,1961.0,hust,0.011920022222222215,2226.0,2226.0,1961.0,1961.0,,,,0,0,,,,0.0006266888888888378,0.00012163287981859403,,100,,,1.1805980222222223,median_qd_cycles_2_to_5,0.01758017777777776,1.010112532824666,-2.070782384020525,2.8479039923053896e-05,-0.39474578191520937,hust,0.00045841382559581325,,1.3332538025973163e-05
1.1578659555555555,1.1673544444444446,hust_3-7,1860.0,hust,-0.012536444444444461,2162.0,2162.0,1860.0,1860.0,,,,0,0,,,,0.0006267777777777539,-0.00012792290249433123,,100,,,1.1695147444444443,median_qd_cycles_2_to_5,0.012547555555555423,0.9892887741477252,0.4186026205690734,-0.00011053588895759648,0.6315374287574462,hust,0.00024281259236988802,,1.0255819904493944e-05
1.2066593777777777,1.2069582,hust_3-8,1837.0,hust,0.008249888888888668,2081.0,2081.0,1837.0,1837.0,,,,0,0,,,,0.0006314000000002817,8.418253968253743e-05,,100,,,1.1999461222222223,median_qd_cycles_2_to_5,0.015868622222222184,1.0068840316814727,-1.247622032922287,-9.587340891901013e-06,-0.5886950855868449,hust,0.0004708634400450702,,1.120393079100499e-05
1.1664406222222221,1.1784068444444444,hust_4-1,1744.0,hust,-0.0149982888888891,2000.0,2000.0,1744.0,1744.0,,,,0,0,,,,0.0006577555555558057,-0.00015304376417233775,,100,,,1.1805513222222221,median_qd_cycles_2_to_5,0.01499997777777784,0.9873050660953907,0.43180023164698605,-0.0001337458673812868,0.6031778817061864,hust,0.0002611838101227962,,1.5005050840317783e-05
1.1909534000000002,1.1899650444444445,hust_4-2,1446.0,hust,0.01075360000000014,1616.0,1616.0,1446.0,1446.0,,,,0,0,,,,0.0012506666666667332,0.0001097306122448994,,100,,,1.1805207666666666,median_qd_cycles_2_to_5,0.017469422222222253,1.0091116775312114,-1.9471724979127627,1.910763856250662e-05,-0.4006466199075085,hust,0.000614408714729326,,1.3955402783276477e-05
1.1591494444444443,1.1715677111111111,hust_4-3,927.0,hust,-0.015448155555555676,1042.0,1042.0,927.0,927.0,,,,0,0,,,,0.0006345111111110135,-0.00015763424036281302,,100,,,1.1736735777777778,median_qd_cycles_2_to_5,0.015448155555555676,0.9868481294738252,0.37637590432537726,-0.00014227257362741863,0.6418307201928555,hust,0.0002629665212996818,,1.688551831825648e-05
1.1562549777777777,1.167478088888889,hust_4-4,1195.0,hust,-0.014257066666666596,1355.0,1355.0,1195.0,1195.0,,,,0,0,,,,0.0006289555555554216,-0.0001454802721088428,,100,,,1.1696305,median_qd_cycles_2_to_5,0.014269622222222056,0.9878198035344152,0.4255651221347647,-0.00013042476602760723,0.6009280331540842,hust,0.0002555413786195256,,1.4261985156617724e-05
1.1776060222222222,1.1905387555555556,hust_4-5,1212.0,hust,-0.01595219999999986,1376.0,1376.0,1212.0,1212.0,,,,0,0,,,,0.0006411555555554393,-0.00016277755102040676,,100,,,1.1926497444444444,median_qd_cycles_2_to_5,0.01595219999999986,0.9866347533760864,0.45099467718172204,-0.00014354281728852289,0.5947072015419592,hust,0.00026870806926895975,,1.7313528811111784e-05
1.1535134444444444,1.1664662666666668,hust_4-6,1081.0,hust,-0.01598208888888908,1247.0,1247.0,1081.0,1081.0,,,,0,0,,,,0.0006431333333332123,-0.00016308253968254162,,100,,,1.1686031444444445,median_qd_cycles_2_to_5,0.01598208888888908,0.9863342027110301,0.3906787144204269,-0.0001424901551569971,0.6426490070502353,hust,0.0002638466985440526,,1.69646245263981e-05
1.2110443111111113,1.2236761111111112,hust_4-7,1572.0,hust,-0.015673377777777553,1811.0,1811.0,1572.0,1572.0,,,,0,0,,,,0.00064564444444426,-0.00015993242630385257,,100,,,1.2258499999999999,median_qd_cycles_2_to_5,0.015673377777777553,0.9872233212908392,0.4247121750867458,-0.00014664873744243587,0.5977575255088563,hust,0.00026351854802677914,,1.802380904051963e-05
1.1974852444444446,1.1909160222222221,hust_4-8,1383.0,hust,0.016972755555555885,1539.0,1539.0,1383.0,1383.0,,,,0,0,,,,0.0006322666666667143,0.00017319138321995802,,100,,,1.1820632111111111,median_qd_cycles_2_to_5,0.021954711111111358,1.0143774468422022,-2.3352035786889345,6.497658159831502e-05,-0.2643969151023362,hust,0.0005649420428973546,,2.093764452327009e-05
1.1882996444444442,1.2003732222222223,hust_5-1,1817.0,hust,-0.01635651111111147,2114.0,2114.0,1817.0,1817.0,,,,0,0,,,,0.0012270222222223737,-0.00016690317460317828,,100,,,1.2031253666666668,median_qd_cycles_2_to_5,0.01635651111111147,0.9864222574751479,0.5039210058397494,-0.00013416469126639911,0.5987744875714536,hust,0.00030126371590021657,,1.5250383370383466e-05
1.1875263777777778,1.1795732666666667,hust_5-2,1566.0,hust,0.019565066666666686,1753.0,1753.0,1566.0,1566.0,,,,0,0,,,,0.0006235111111110303,0.00019964353741496618,,100,,,1.1688792222222222,median_qd_cycles_2_to_5,0.025081222222222088,1.016751468118455,-2.307925466790488,0.00010637181749468116,-0.2131687315159402,hust,0.0005835547349015545,,3.064182025894868e-05
1.1849304222222221,1.1971561111111109,hust_5-3,2005.0,hust,-0.015887644444444682,2316.0,2316.0,2005.0,2005.0,,,,0,0,,,,0.0012164444444446865,-0.00016211882086168044,,100,,,1.1992980111111111,median_qd_cycles_2_to_5,0.015888466666666767,0.9867693159476298,0.45553705307190084,-0.00013697524221808883,0.6091757622695512,hust,0.0002794231847600289,,1.5791503518774518e-05
1.1663641555555555,1.1760178222222224,hust_5-4,1515.0,hust,-0.012720488888889214,1722.0,1722.0,1515.0,1515.0,,,,0,0,,,,0.0012257777777782142,-0.00012980090702948178,,100,,,1.1778548666666666,median_qd_cycles_2_to_5,0.012721488888889132,0.9892115558040511,0.5352330861910535,-0.00010674214223869804,0.5893791003643607,hust,0.0002667236755940142,,9.707876914805514e-06
1.1857369777777775,1.1802673333333336,hust_5-5,1237.0,hust,0.015245733333333122,1417.0,1417.0,1237.0,1237.0,,,,0,0,,,,0.0006199999999998429,0.00015556870748299105,,100,,,1.1712627555555555,median_qd_cycles_2_to_5,0.02132562222222245,1.0130250725118146,-2.0893849540650304,7.63308554937298e-05,-0.29207939526152416,hust,0.0005303055554773831,,2.1786661112261907e-05
1.1868605555555556,1.1986432,hust_5-6,1794.0,hust,-0.015462000000000087,2077.0,2077.0,1794.0,1794.0,,,,0,0,,,,0.0012158666666666207,-0.00015777551020408251,,100,,,1.2008194222222224,median_qd_cycles_2_to_5,0.015480266666666687,0.9871398902660895,0.4679403477058026,-0.00013623793499621195,0.5962582432729614,hust,0.00027826761021059387,,1.563966737292319e-05
1.1613152222222223,1.1729489555555557,hust_5-7,1162.0,hust,-0.014687688888888717,1315.0,1315.0,1162.0,1162.0,,,,0,0,,,,0.0006345333333332981,-0.0001498743764172318,,100,,,1.1750904444444443,median_qd_cycles_2_to_5,0.014697755555555192,0.9875104995488392,0.43847883417210026,-0.00013638853899538482,0.605378565675875,hust,0.0002618998302008415,,1.561767272667234e-05
1.1583715555555556,1.170501488888889,hust_6-1,1248.0,hust,-0.015192933333333158,1429.0,1429.0,1248.0,1248.0,,,,0,0,,,,0.0012298888888888637,-0.00015502993197278732,,100,,,1.1720305888888887,median_qd_cycles_2_to_5,0.015195888888888787,0.9870540277273406,0.37458598472217286,-0.00013039362110903491,0.6627453468295821,hust,0.00028079549755065364,,1.4202329760482267e-05
1.2004493555555555,1.192070711111111,hust_6-2,1485.0,hust,0.01937399999999978,1694.0,1694.0,1485.0,1485.0,,,,0,0,,,,0.0006193999999997146,0.00019769387755101816,,100,,,1.1820076,median_qd_cycles_2_to_5,0.024249066666666375,1.0164036950808162,-2.1181349826315974,0.00010971955610528682,-0.21004133300968808,hust,0.0005481020769598843,,3.099947696951024e-05
1.1919808444444444,1.1874820444444445,hust_6-3,1428.0,hust,0.013668622222221982,1604.0,1604.0,1428.0,1428.0,,,,0,0,,,,0.0012051555555556703,0.0001394757369614488,,100,,,1.1795421555555556,median_qd_cycles_2_to_5,0.019807044444444255,1.011600170111487,-2.032464749207138,5.272021328936511e-05,-0.3480462075634091,hust,0.0005695024569340399,,1.761417006528858e-05
1.1614153999999999,1.1737976222222224,hust_6-4,1322.0,hust,-0.015433377777777757,1526.0,1526.0,1322.0,1322.0,,,,0,0,,,,0.0006234888888889678,-0.00015748344671201792,,100,,,1.175936388888889,median_qd_cycles_2_to_5,0.015433377777777757,0.9868858445798615,0.4780201903242101,-0.00013555675943103065,0.5872927838757327,hust,0.00026553742286806667,,1.549579681310242e-05
1.1705514666666668,1.1813215777777777,hust_6-5,1671.0,hust,-0.013830733333333178,1921.0,1921.0,1671.0,1671.0,,,,0,0,,,,0.0006187333333331768,-0.00014112993197278753,,100,,,1.183467088888889,median_qd_cycles_2_to_5,0.013836933333333246,0.9883224069617619,0.5559709064661429,-0.00012433906575962258,0.5342740323733621,hust,0.0002769559808749727,,1.3164904619165037e-05
1.1877953333333335,1.1775236666666666,hust_6-6,1908.0,hust,0.01910824444444459,2204.0,2204.0,1908.0,1908.0,,,,0,0,,,,0.0012002666666666162,0.00019498208616780194,,100,,,1.1696192333333333,median_qd_cycles_2_to_5,0.024616422222222267,1.0163501801518244,-1.9163473528249166,0.00012754017563390137,-0.1786981244865846,hust,0.000560136447200646,,3.162506148592984e-05
1.1868554,1.2023624,hust_6-8,1688.0,hust,-0.018572333333333413,1998.0,1998.0,1688.0,1688.0,,,,0,0,,,,0.0006326666666662817,-0.0001895136054421777,,100,,,1.2045327333333333,median_qd_cycles_2_to_5,0.018572333333333413,0.9845927442850714,0.40353418998332147,-0.00017352826523739538,0.6104816107438812,hust,0.00028021124016888477,,2.515663910933526e-05
1.1666304,1.1789252444444445,hust_7-1,1295.0,hust,-0.015359066666666532,1498.0,1498.0,1295.0,1295.0,,,,0,0,,,,0.0006541333333334176,-0.00015672517006802583,,100,,,1.1810763777777777,median_qd_cycles_2_to_5,0.015360622222222231,0.9870057499666383,0.46262572537798735,-0.00013712388126158178,0.5868362514912694,hust,0.00026254069634531145,,1.582249116490362e-05
1.1899213333333332,1.198596111111111,hust_7-2,1624.0,hust,-0.0007002666666666713,1841.0,1841.0,1624.0,1624.0,,,,0,0,,,,0.0006490888888890378,-7.145578231292564e-06,,100,,,1.1927971555555557,median_qd_cycles_2_to_5,0.010507044444444391,0.9994118478392575,-0.27569586629693027,-8.820889356145667e-05,-2.7558387379750666,hust,0.0004605833953124254,,1.0948847092919372e-05
1.1575208666666668,1.1673119777777778,hust_7-3,1058.0,hust,-0.012208711111110881,1179.0,1179.0,1058.0,1058.0,,,,0,0,,,,0.0006329555555555366,-0.0001245786848072539,,100,,,1.1691378444444447,median_qd_cycles_2_to_5,0.012208711111110881,0.989562791825522,0.3085274655056411,-0.00011126612189924806,0.7069727200131081,hust,0.00024605584273019744,,1.0297068205230768e-05
1.1590791555555557,1.1692259777777776,hust_7-4,1143.0,hust,-0.012566911111110857,1274.0,1274.0,1143.0,1143.0,,,,0,0,,,,0.0006304222222222045,-0.00012823378684806997,,100,,,1.1707626,median_qd_cycles_2_to_5,0.012566911111110857,0.9892741404860739,0.31702287972228477,-0.00011375769724454517,0.7058455361468917,hust,0.0002520222836898929,,1.0768582094076607e-05
1.1918399777777777,1.1926043555555554,hust_7-5,1531.0,hust,0.01083771111111087,1708.0,1708.0,1531.0,1531.0,,,,0,0,,,,0.0006400666666663835,0.00011058888888888644,,100,,,1.1840834888888887,median_qd_cycles_2_to_5,0.018130422222222053,1.0091767064441797,-1.6334085803476612,-5.264124785255437e-06,-0.5407252075654603,hust,0.0005434750476238925,,1.1311689899840571e-05
1.1593520000000002,1.1710747555555556,hust_7-6,1155.0,hust,-0.01420526666666655,1296.0,1296.0,1155.0,1155.0,,,,0,0,,,,0.0006411777777777239,-0.0001449517006802709,,100,,,1.172648388888889,median_qd_cycles_2_to_5,0.01420526666666655,0.9878955487983857,0.3445170403433832,-0.0001252272988387159,0.6816114591296875,hust,0.0002574791269042682,,1.3063928871853102e-05
1.1605124444444443,1.170923288888889,hust_7-7,1358.0,hust,-0.012870333333333539,1530.0,1530.0,1358.0,1358.0,,,,0,0,,,,0.0006230444444441652,-0.00013132993197279122,,100,,,1.1727752555555555,median_qd_cycles_2_to_5,0.012902599999999875,0.9890314281263713,0.4052497668667538,-0.00011906805772004992,0.6285545118886618,hust,0.0002484894819483784,,1.1870494489780384e-05
1.1950589333333335,1.1914318222222222,hust_7-8,1559.0,hust,0.0140281555555557,1748.0,1748.0,1559.0,1559.0,,,,0,0,,,,0.0006384666666665595,0.0001431444444444459,,100,,,1.1828818,median_qd_cycles_2_to_5,0.019463488888888936,1.0118778916007176,-2.1352707360476395,4.1945880299608516e-05,-0.3392796797289498,hust,0.0005061641811648514,,1.5755860391774077e-05
1.1618150888888887,1.1728242,hust_8-1,1056.0,hust,-0.013483155555555681,1184.0,1184.0,1056.0,1056.0,,,,0,0,,,,0.0006412000000000084,-0.0001375832199546498,,100,,,1.1743849111111113,median_qd_cycles_2_to_5,0.013483155555555681,0.9885278859053098,0.3555944902187017,-0.00011826435539062918,0.6789503993933995,hust,0.00025676143948394966,,1.1672506194842333e-05
1.1842074,1.1971169555555554,hust_8-2,1555.0,hust,-0.015361777777777919,1764.0,1764.0,1555.0,1555.0,,,,0,0,,,,0.0006389777777775496,-0.00015675283446712162,,100,,,1.1991273777777778,median_qd_cycles_2_to_5,0.015361777777777919,0.9871939208989715,0.36389451731091194,-0.0001382319395313627,0.6715758190856674,hust,0.00027557372844884566,,1.5943758040073024e-05
1.192523911111111,1.1913177777777777,hust_8-3,1835.0,hust,0.012201444444444265,2069.0,2069.0,1835.0,1835.0,,,,0,0,,,,0.0006439111111109508,0.00012450453514739046,,100,,,1.1824835777777778,median_qd_cycles_2_to_5,0.01839215555555551,1.0103373821892099,-2.0095729273154896,2.3866173847330284e-05,-0.3860680333091862,hust,0.0005005494282994532,,1.325315925355283e-05
1.165767311111111,1.1756496,hust_8-4,1508.0,hust,-0.012358711111111198,1694.0,1694.0,1508.0,1508.0,,,,0,0,,,,0.0006708000000001935,-0.00012610929705215507,,100,,,1.1772110555555555,median_qd_cycles_2_to_5,0.012369533333333571,0.9895098564347133,0.421763977872296,-0.00010864117748916398,0.6341817449299745,hust,0.00024673907939323883,,9.913740406468257e-06
1.1579617111111111,1.1685505555555555,hust_8-5,1085.0,hust,-0.013048666666666708,1219.0,1219.0,1085.0,1085.0,,,,0,0,,,,0.000676422222222417,-0.000133149659863946,,100,,,1.1704404444444445,median_qd_cycles_2_to_5,0.013048666666666708,0.9888569162884542,0.3678935574958407,-0.00011784813165669298,0.6485961238954251,hust,0.0002503250279688389,,1.1588394032257116e-05
1.2038268888888888,1.2161549777777778,hust_8-6,1739.0,hust,-0.016016466666666673,1976.0,1976.0,1739.0,1739.0,,,,0,0,,,,0.0012392222222221694,-0.0001634333333333334,,100,,,1.2186259555555554,median_qd_cycles_2_to_5,0.016016466666666673,0.9868700627882075,0.4521199341258798,-0.0001392022689479667,0.5893953313025421,hust,0.0003008746078807992,,1.628763820670945e-05
1.169028688888889,1.1778229111111111,hust_8-7,1583.0,hust,-0.011254088888888791,1796.0,1796.0,1583.0,1583.0,,,,0,0,,,,0.000663622222222271,-0.00011483764172335501,,100,,,1.179392088888889,median_qd_cycles_2_to_5,0.011254088888888791,0.9904649215418716,0.5319395250651617,-9.577385583727069e-05,0.5502468652229742,hust,0.00023143985944576277,,7.803347492917936e-06
1.1976055777777779,1.195250222222222,hust_8-8,1343.0,hust,0.013324133333333599,1508.0,1508.0,1343.0,1343.0,,,,0,0,,,,0.0006321999999996386,0.00013596054421768979,,100,,,1.1860977222222222,median_qd_cycles_2_to_5,0.019503488888888976,1.011250816599245,-2.175599464085619,3.4733703016571065e-05,-0.3769039594250371,hust,0.0005418632746556683,,1.5022340716000043e-05
1.202262311111111,1.2065740444444446,hust_9-1,1635.0,hust,0.005127044444444451,1842.0,1842.0,1635.0,1635.0,,,,0,0,,,,0.0006468888888890856,5.231678004535154e-05,,100,,,1.1987863,median_qd_cycles_2_to_5,0.014315755555555754,1.004282761177624,-0.7394215869217601,-4.4630081220359056e-05,-0.8844713563338157,hust,0.0004865034987167751,,1.0053272904371297e-05
1.198796488888889,1.199020266666667,hust_9-2,1670.0,hust,0.008293866666666538,1901.0,1901.0,1670.0,1670.0,,,,0,0,,,,0.0006858444444446388,8.463129251700549e-05,,100,,,1.191414388888889,median_qd_cycles_2_to_5,0.015105044444444271,1.0069666933208303,-1.5307732005943355,4.974177145686615e-07,-0.5101058257205616,hust,0.00047553562591842784,,1.0695377044420359e-05
1.1997926444444444,1.2016820666666668,hust_9-3,1516.0,hust,0.008460200000000029,1703.0,1703.0,1516.0,1516.0,,,,0,0,,,,0.0006476888888886645,8.632857142857173e-05,,100,,,1.1937547444444445,median_qd_cycles_2_to_5,0.01581593333333342,1.0071014602510429,-1.3588010695560317,-1.3402464371597253e-05,-0.6037961694041152,hust,0.0004916647376955832,,9.86051744917645e-06
1.2008973555555555,1.2030471555555555,hust_9-4,1579.0,hust,0.007940999999999976,1767.0,1767.0,1579.0,1579.0,,,,0,0,,,,0.0006138666666666293,8.103061224489771e-05,,100,,,1.195114888888889,median_qd_cycles_2_to_5,0.015306133333333305,1.0066565721059442,-1.287033637863344,-1.839475517074002e-05,-0.6558755273884244,hust,0.00047243749235489267,,9.592388848734376e-06
1.1911385777777777,1.1936704666666667,hust_9-5,1705.0,hust,0.005977133333333162,1935.0,1935.0,1705.0,1705.0,,,,0,0,,,,0.0006419555555556844,6.0991156462583286e-05,,100,,,1.1866638444444444,median_qd_cycles_2_to_5,0.013394288888888717,1.0050433072737486,-1.0227335644678546,-2.5140960626671017e-05,-0.731719190826291,hust,0.0004474288304347966,,8.547392467413577e-06
1.1958270222222223,1.2009880222222222,hust_9-6,1370.0,hust,0.004612355555555503,1549.0,1549.0,1370.0,1370.0,,,,0,0,,,,0.0006316444444447455,4.7064852607709215e-05,,100,,,1.1933857,median_qd_cycles_2_to_5,0.01403713333333334,1.0038719768020168,-0.6120598932671433,-5.2680134405269436e-05,-1.0193275738726517,hust,0.0004883615341156382,,1.1191857687228707e-05
1.193533688888889,1.195553177777778,hust_9-7,1608.0,hust,0.007101733333333415,1807.0,1807.0,1608.0,1608.0,,,,0,0,,,,0.000646066666666556,7.24666666666675e-05,,100,,,1.1868888444444443,median_qd_cycles_2_to_5,0.01454982222222223,1.0059857906726795,-1.2988441920727403,-1.4089442451719118e-05,-0.6053483696309802,hust,0.0004843910877437864,,1.0453462616266285e-05
1.187630711111111,1.1859810444444445,hust_9-8,1825.0,hust,0.01326964444444445,2075.0,2075.0,1825.0,1825.0,,,,0,0,,,,0.0006379111111112223,0.00013540453514739235,,100,,,1.1768295777777777,median_qd_cycles_2_to_5,0.01884706666666669,1.0112994587619542,-2.2895207845003815,2.8982567992866985e-05,-0.38694999918602135,hust,0.000520480752967599,,1.3224320352251493e-05
