cell_id,dataset_prefix,source_batch,n_cycles,Qdis_N,delta_Qdis,retention_ratio,slope_linear,variance_Qdis,range_Qdis,max_drop,std_diff,skewness_Qdis,slope_ratio,Qdis_cycle10,mean_diff,stored_cycle_life,q0,q0_source,eol_80pct_q0_cycle,eol_80pct_q0_label,is_censored_80pct_q0,eol_85pct_q0_cycle,eol_85pct_q0_label,is_censored_85pct_q0,eol_88ah_cycle,eol_88ah_label,is_censored_88ah,observed_cycle_count,gap_to_stored_cycle_life,needs_relabel,last_valid_qd,merge_status,kept_for_modeling,cycle_life
b1c0,matr,b1,100,1.0759126,0.005223400000000211,1.0048785399161588,-0.00020680701298699973,0.002146154811085523,0.46836520000000004,0.4652274999999999,0.06639872259249803,9.939728970853363,0.033162075871176366,1.0745373,5.3300000000002156e-05,1852.0,1.072205,median_qd_cycles_2_to_5,1980.0,1980.0,0,1946.0,1946.0,0,1966.0,1966.0,0,1995,-143.0,0,0.8264814,continued_from_b2c7,1,1946.0
b1c1,matr,b1,100,1.0806297,0.005328500000000069,1.004955355764506,5.535292517018203e-06,1.4041046779757487e-06,0.009288300000000138,0.002288600000000196,0.0005547671347807154,-2.459801446985826,-0.33621505477628977,1.0797766,5.4372448979592546e-05,2160.0,1.0769552999999998,median_qd_cycles_2_to_5,2098.0,2098.0,0,2053.0,2053.0,0,2082.0,2082.0,0,2125,35.0,1,0.8255862,continued_from_b2c8,1,2053.0
b1c10,matr,b1,100,1.0816405,0.006364800000000059,1.0059192261110337,2.5291880024744434e-05,2.4687458220936956e-06,0.009695600000000137,0.009142300000000159,0.001151115953414319,-2.420437396866081,-0.19681362910147102,1.0795403,6.49469387755108e-05,906.0,1.07650055,median_qd_cycles_2_to_5,,906.0,1,,906.0,1,,906.0,1,905,1.0,0,0.96101874,native,0,906.0
b1c11,matr,b1,100,1.0599719,0.006193300000000068,1.00587723075796,2.180940259741822e-05,2.036413854143478e-06,0.009460400000000035,0.008566500000000143,0.0010867777356126263,-2.4595065516083543,-0.2370950298683098,1.0581003,6.31969387755109e-05,788.0,1.0554555,median_qd_cycles_2_to_5,,788.0,1,771.0,771.0,0,,788.0,1,787,1.0,0,0.88054359,native,1,771.0
b1c12,matr,b1,100,1.0819131,0.004347099999999937,1.0040341844490268,1.2573115646275923e-05,7.452280068339932e-07,0.005827599999999933,0.00041439999999992594,0.00016711051697107128,-2.9171483531581233,-0.3542960444170459,1.081143,4.435816326530548e-05,902.0,1.0790143,median_qd_cycles_2_to_5,,902.0,1,897.0,897.0,0,,902.0,1,901,1.0,0,0.91311944,native,0,897.0
b1c13,matr,b1,100,1.0836461,0.0038567999999998825,1.0035718079443832,4.45867656154544e-06,6.755986037547209e-07,0.005983599999999978,0.0007201999999999487,0.00020024286535861828,-2.5236616354831773,-0.6072674114150012,1.0836941,3.935510204081513e-05,897.0,1.0814757,median_qd_cycles_2_to_5,,897.0,1,,897.0,1,,897.0,1,896,1.0,0,0.92313582,native,0,897.0
b1c14,matr,b1,100,1.0762016,0.005235500000000171,1.0048885767719447,2.623412492270825e-05,1.4903285187960418e-06,0.007016599999999817,0.0047607999999998984,0.000588352303315386,-2.471348521136312,-0.16729180678542832,1.0752021,5.342346938775684e-05,880.0,1.0722955,median_qd_cycles_2_to_5,,880.0,1,845.0,845.0,0,,880.0,1,879,1.0,0,0.8800649,native,1,845.0
b1c15,matr,b1,100,1.0677497,0.006626100000000079,1.006244418652078,2.9049360544229132e-05,1.9424197721232598e-06,0.008215100000000142,0.005100199999999999,0.0006440616183979763,-2.6678396113563276,-0.20228958106019024,1.0666022,6.761326530612325e-05,719.0,1.063235,median_qd_cycles_2_to_5,,719.0,1,699.0,699.0,0,,719.0,1,718,1.0,0,0.88298881,native,1,699.0
b1c16,matr,b1,100,1.0863206,0.005154199999999998,1.004767258767938,2.316027458256776e-05,1.4332652784164748e-06,0.007425499999999863,0.004464299999999977,0.0005537052306159779,-2.288481188260199,-0.24886102709906935,1.0857847,5.2593877551020386e-05,862.0,1.08287165,median_qd_cycles_2_to_5,,862.0,1,824.0,824.0,0,,862.0,1,861,1.0,0,0.88096577,native,1,824.0
b1c17,matr,b1,100,1.0769763,0.004924300000000104,1.004593340621537,1.788623129253169e-05,1.0999413835261732e-06,0.007173799999999897,0.001229099999999983,0.00028404568841663974,-2.1236927405368013,-0.4211329388110845,1.0757509,5.0247959183674526e-05,857.0,1.07360355,median_qd_cycles_2_to_5,,857.0,1,825.0,825.0,0,,857.0,1,856,1.0,0,0.8832469,native,1,825.0
b1c18,matr,b1,100,1.0645274,-0.0016430999999998974,0.998458876886952,-0.00029454159059986984,0.032977476867205466,1.8202613,1.8146027000000002,0.25923116980720284,9.948558171818377,-0.03565902363854221,1.0695512,-1.67663265306112e-05,691.0,1.06710325,median_qd_cycles_2_to_5,,691.0,1,665.0,665.0,0,,691.0,1,690,1.0,0,0.88114411,native,1,665.0
b1c19,matr,b1,100,1.0870851,0.0019703999999998167,1.001815844905612,-1.0355845392692226e-05,5.896913482909867e-07,0.004190699999999881,0.0012825999999999116,0.00035207015935091203,-1.4393363633250276,-1.3034356323102492,1.0886388,2.0106122448977722e-05,788.0,1.0866477,median_qd_cycles_2_to_5,,788.0,1,740.0,740.0,0,,788.0,1,787,1.0,0,0.88093972,native,1,740.0
b1c2,matr,b1,100,1.0849404,0.005018100000000025,1.0046467231948077,1.0295625231922212e-05,1.0410625875665818e-06,0.008131200000000005,0.002243299999999948,0.0005118544755666834,-2.7983597010464507,-0.29875920250369525,1.0837817,5.120510204081659e-05,2237.0,1.0817747,median_qd_cycles_2_to_5,1976.0,1976.0,0,1945.0,1945.0,0,1967.0,1967.0,0,1995,242.0,1,0.82610458,continued_from_b2c9,1,1945.0
b1c20,matr,b1,100,1.0612478,-0.011382199999999898,0.9893885123481537,-0.0001397761818181655,1.7332429038385893e-05,0.014476399999999945,0.007362599999999997,0.0009212969790998221,-0.44710859106812084,2.7565932319089526,1.0757242,-0.00011614489795918263,534.0,1.07410775,median_qd_cycles_2_to_5,,534.0,1,504.0,504.0,0,,534.0,1,533,1.0,0,0.88078493,native,1,504.0
b1c21,matr,b1,100,1.0767291,-0.005709699999999929,0.9947251521286932,-8.178444155842871e-05,6.7628706868646e-06,0.009197099999999958,0.007470199999999982,0.0009193974983112937,-0.5467964310311131,10.522270802378548,1.0858023,-5.826224489795846e-05,559.0,1.08404015,median_qd_cycles_2_to_5,,559.0,1,535.0,535.0,0,,559.0,1,558,1.0,0,0.88016534,native,1,535.0
b1c22,matr,b1,100,1.0820541,0.002750199999999925,1.0025481238416722,-6.755834260962709e-06,5.475690513865873e-07,0.005003300000000044,0.0012465999999999866,0.000337470001505122,-1.6899357920544598,-0.9751643493954022,1.0830258,2.8063265306121682e-05,891.0,1.08099815,median_qd_cycles_2_to_5,,891.0,1,,891.0,1,,891.0,1,890,1.0,0,0.96327895,native,0,891.0
b1c23,matr,b1,100,1.0816909,0.0023974999999998303,1.0022213607532482,-6.950910327758102e-06,4.071441198163376e-07,0.004492999999999858,0.0012772999999999257,0.0003315286718446808,-1.581867013954768,-1.2525040297283323,1.0826545,2.4464285714283983e-05,1014.0,1.0809316,median_qd_cycles_2_to_5,,1014.0,1,974.0,974.0,0,,1014.0,1,1013,1.0,0,0.88066453,native,1,974.0
b1c24,matr,b1,100,1.0776314,0.0030958999999999293,1.0028811519023801,2.024258503414278e-06,5.092068983124051e-07,0.004539499999999919,0.0013752999999998572,0.00045990668598491064,-2.115720754801827,-0.7004155237559676,1.077704,3.159081632652989e-05,1017.0,1.0758532500000002,median_qd_cycles_2_to_5,,1017.0,1,979.0,979.0,0,,1017.0,1,1016,1.0,0,0.88046598,native,1,979.0
b1c25,matr,b1,100,1.0780438,0.0028093000000000146,1.0026127323853542,5.12931354370892e-07,5.29115396216692e-07,0.004678599999999866,0.0012472999999999512,0.00023563110824383597,-2.026198120347755,-0.6765113431831381,1.0783457,2.8666326530612394e-05,854.0,1.0765048,median_qd_cycles_2_to_5,,854.0,1,817.0,817.0,0,,854.0,1,853,1.0,0,0.88019997,native,1,817.0
b1c26,matr,b1,100,1.0893713,0.0017199000000001075,1.0015812970957423,-1.5210461348164644e-05,7.43129392984391e-07,0.004499100000000089,0.0024927999999999617,0.0005801074992303319,-1.3229781043678328,-1.900771527802796,1.0910354,1.7550000000001097e-05,870.0,1.0891754,median_qd_cycles_2_to_5,,870.0,1,826.0,826.0,0,,870.0,1,869,1.0,0,0.88105017,native,1,826.0
b1c27,matr,b1,100,1.0810226,0.0019765000000000477,1.001831710433873,-1.0758799010503696e-05,5.637001648117731e-07,0.003953399999999885,0.0012744000000000089,0.00041766020037701217,-1.0897857372540374,-1.300432097055417,1.0822893,2.0168367346939262e-05,842.0,1.0804401499999998,median_qd_cycles_2_to_5,,842.0,1,809.0,809.0,0,,842.0,1,841,1.0,0,0.88130057,native,1,809.0
b1c28,matr,b1,100,1.0796947,0.0019471999999998157,1.0018067311684786,-7.726680272098095e-06,3.3397575116211916e-07,0.003846999999999934,0.0005214000000000052,0.00017414241380944476,-1.8046065545499517,-1.5825641791682252,1.0809715,1.986938775510016e-05,860.0,1.07937775,median_qd_cycles_2_to_5,,860.0,1,815.0,815.0,0,,860.0,1,859,1.0,0,0.88058227,native,1,815.0
b1c29,matr,b1,100,1.0818107,0.0023569999999999425,1.0021835119005105,-5.2127198515624496e-06,4.126172800551001e-07,0.004349200000000053,0.0006383999999999279,0.00017412258539275104,-1.9403106663068832,-1.0842291423626462,1.0827931,2.405102040816268e-05,917.0,1.0809752,median_qd_cycles_2_to_5,,917.0,1,872.0,872.0,0,,917.0,1,916,1.0,0,0.88035375,native,1,872.0
b1c3,matr,b1,100,1.0847498,0.005026900000000056,1.0046557315770557,1.71363475572103e-05,1.1898366835261534e-06,0.006530099999999983,0.003996600000000017,0.0005434444620578241,-2.7823052832227857,-0.28291146333548856,1.0843078,5.129489795918425e-05,1434.0,1.08161105,median_qd_cycles_2_to_5,1626.0,1626.0,0,1606.0,1606.0,0,1621.0,1621.0,0,1639,-205.0,0,0.82608759,continued_from_b2c15,1,1606.0
b1c30,matr,b1,100,1.0814074,0.0015437000000000367,1.0014295322641182,-1.6368218923923603e-05,6.757359250586671e-07,0.003954500000000083,0.0012190000000000811,0.00034751279031803044,-0.7652602281218502,-1.8658517114352622,1.0833608,1.5752040816326906e-05,709.0,1.08151455,median_qd_cycles_2_to_5,,709.0,1,679.0,679.0,0,,709.0,1,708,1.0,0,0.88054287,native,1,679.0
b1c31,matr,b1,100,1.0953494,0.0007101999999998831,1.0006487982524286,-2.6201082251071004e-05,9.54822771388661e-07,0.003694199999999981,0.0013121000000000382,0.0003985744375728918,-0.4647006063197892,-13.771428890274306,1.0981392,7.2469387755090115e-06,876.0,1.0963314,median_qd_cycles_2_to_5,,876.0,1,827.0,827.0,0,,876.0,1,875,1.0,0,0.88099223,native,1,827.0
b1c32,matr,b1,100,1.0793804,0.001543800000000095,1.0014323135807413,-1.277627210883155e-05,4.931551303785259e-07,0.003820099999999993,0.0006247999999999809,0.00017024989508468023,-1.082839587552643,-1.9168496898336127,1.0810486,1.5753061224490765e-05,731.0,1.0792755,median_qd_cycles_2_to_5,,731.0,1,694.0,694.0,0,,731.0,1,730,1.0,0,0.88080907,native,1,694.0
b1c33,matr,b1,100,1.0937657,0.0012749000000000787,1.0011669663488243,-2.1812165739008744e-05,8.863108519824446e-07,0.004335399999999989,0.0009082000000000257,0.0002097360975844291,-0.6539179476133509,-3.1005291895411746,1.0961914,1.3009183673470192e-05,757.0,1.0942233,median_qd_cycles_2_to_5,,757.0,1,708.0,708.0,0,,757.0,1,756,1.0,0,0.88011229,native,1,708.0
b1c34,matr,b1,100,1.0794187,0.0028013000000000066,1.002601945686555,-3.129647495232311e-07,5.236036147250373e-07,0.004865000000000119,0.0012524000000000424,0.0004598976881234039,-1.5905728173297435,-0.7718097169093195,1.0798281,2.858469387755109e-05,742.0,1.07806275,median_qd_cycles_2_to_5,,742.0,1,714.0,714.0,0,,742.0,1,741,1.0,0,0.88205445,native,1,714.0
b1c35,matr,b1,100,1.0739936,0.0032472000000001167,1.0030326508685905,3.195320964756719e-06,4.888195490072439e-07,0.00507919999999995,0.0012404999999999777,0.00039551701557916997,-2.2121586361421497,-0.658329593872638,1.0741303,3.313469387755221e-05,703.0,1.07233895,median_qd_cycles_2_to_5,,703.0,1,676.0,676.0,0,,703.0,1,702,1.0,0,0.8802399,native,1,676.0
b1c36,matr,b1,100,1.0802411,0.0024096000000000117,1.0022355999059223,-7.183043908470364e-06,4.996298185695343e-07,0.004527799999999971,0.001249100000000114,0.00038981792093580357,-1.5761880547750438,-1.229178332743726,1.081539,2.4587755102040937e-05,704.0,1.0795122,median_qd_cycles_2_to_5,,704.0,1,670.0,670.0,0,,704.0,1,703,1.0,0,0.88231802,native,1,670.0
b1c37,matr,b1,100,1.0768065,0.0019871000000000194,1.0018487757105985,-9.680958565230538e-06,5.726424927456485e-07,0.004472400000000043,0.0012495999999999619,0.0003864089519183867,-1.0730106192984303,-1.3824064888434928,1.0783199,2.0276530612245094e-05,648.0,1.0763613,median_qd_cycles_2_to_5,,648.0,1,622.0,622.0,0,,648.0,1,647,1.0,0,0.88336319,native,1,622.0
b1c38,matr,b1,100,1.0749754,0.002024100000000084,1.0018864789110187,-9.437124304253403e-06,4.135994688521607e-07,0.003646500000000108,0.00034559999999994595,0.0001614048649902646,-1.2843512163486013,-1.1781003216440156,1.0760679,2.065408163265392e-05,617.0,1.074173,median_qd_cycles_2_to_5,,617.0,1,592.0,592.0,0,,617.0,1,616,1.0,0,0.88110942,native,1,592.0
b1c39,matr,b1,100,1.0847629,0.0029856000000001437,1.0027599026158158,-3.29447742732208e-06,4.81457680908073e-07,0.004689399999999955,0.00044900000000014373,0.0001886974811930043,-2.452356447628806,-0.776262729268755,1.0856049,3.0465306122450445e-05,625.0,1.08353305,median_qd_cycles_2_to_5,,625.0,1,592.0,592.0,0,,625.0,1,624,1.0,0,0.88011074,native,1,592.0
b1c4,matr,b1,100,1.0826457,0.004229000000000038,1.0039214897172866,1.8994317872615252e-05,1.1869759704336124e-06,0.006298499999999985,0.0036754000000001064,0.0005013539191893871,-2.495682679576637,-0.2569837106944206,1.0819536,4.3153061224490184e-05,1709.0,1.0793795,median_qd_cycles_2_to_5,1708.0,1708.0,0,1681.0,1681.0,0,1698.0,1698.0,0,1725,-16.0,0,0.82648873,continued_from_b2c16,1,1681.0
b1c40,matr,b1,100,1.0857353,0.0024324000000000012,1.0022453553849067,-8.204863327142272e-06,5.281183716273831e-07,0.004503299999999877,0.0004383000000001136,0.00018826819827434232,-1.830768443301099,-1.173899170902736,1.0871686,2.4820408163265318e-05,966.0,1.0850124,median_qd_cycles_2_to_5,,966.0,1,919.0,919.0,0,,966.0,1,965,1.0,0,0.88060951,native,1,919.0
b1c41,matr,b1,100,1.0821686,0.0032071999999998546,1.002972488172422,-1.3855287568735692e-07,4.33037936494228e-07,0.0049074999999998425,0.0005109999999999282,0.00018828419658558656,-3.0063340154749048,-0.7703051648422786,1.0827476,3.272653061224341e-05,1051.0,1.0806673,median_qd_cycles_2_to_5,,1051.0,1,1005.0,1005.0,0,,1051.0,1,1050,1.0,0,0.88106161,native,1,1005.0
b1c42,matr,b1,100,1.0832821,0.0034095999999999016,1.0031574097868035,2.1135980210352072e-06,4.048936819610244e-07,0.004959500000000006,0.000501600000000213,0.00019576288222186494,-3.458085734885571,-0.7350100374455398,1.0837516,3.479183673469287e-05,702.0,1.08175435,median_qd_cycles_2_to_5,,702.0,1,661.0,661.0,0,,702.0,1,701,1.0,0,0.88035142,native,1,661.0
b1c43,matr,b1,100,1.0688359,0.0005969999999999587,1.0005588637522935,-2.4014810142235067e-05,7.872030602775073e-07,0.003432099999999938,0.0005279999999998619,0.00017006101526496458,-0.5467643481333773,-9.222181619401832,1.0714344,6.091836734693456e-06,651.0,1.069749,median_qd_cycles_2_to_5,,651.0,1,626.0,626.0,0,,651.0,1,650,1.0,0,0.88044435,native,1,626.0
b1c44,matr,b1,100,1.0847102,-5.8000000000113516e-05,0.9999465323559447,-3.361546072973778e-05,1.2695074992000909e-06,0.003620399999999968,0.0006517999999999802,0.00018856363764937242,-0.3601374165795634,13.304620813041293,1.0882163,-5.918367346950359e-07,616.0,1.08643345,median_qd_cycles_2_to_5,,616.0,1,575.0,575.0,0,,616.0,1,615,1.0,0,0.88048309,native,1,575.0
b1c45,matr,b1,100,1.0858277,0.0018719000000000374,1.0017269154332678,-1.2920053184893674e-05,5.857313851260048e-07,0.004482499999999945,0.0007681000000001603,0.00019333962847211728,-1.0637084392301424,-1.8733249977362356,1.0875177,1.9101020408163646e-05,599.0,1.08563255,median_qd_cycles_2_to_5,,599.0,1,563.0,563.0,0,,599.0,1,598,1.0,0,0.88104212,native,1,563.0
b1c5,matr,b1,100,1.0797794,0.0036528000000000116,1.003394396161195,1.1228400742129884e-05,1.0861249794265882e-06,0.0069014000000000575,0.005331100000000033,0.0006581213436514532,-2.5420627255894535,-0.48072559245361823,1.080176,3.727346938775522e-05,1074.0,1.07712635,median_qd_cycles_2_to_5,,1074.0,1,909.0,909.0,0,,1074.0,1,1073,1.0,0,0.88053626,native,1,909.0
b1c6,matr,b1,100,1.0792426,0.003406800000000043,1.003166654242218,-4.808646876924093e-06,1.3123429669421754e-06,0.006303200000000064,0.003816599999999948,0.0004847523919566621,-1.6663669364500382,-0.7574718161702586,1.0811012,3.476326530612289e-05,636.0,1.0778327,median_qd_cycles_2_to_5,,636.0,1,613.0,613.0,0,,636.0,1,635,1.0,0,0.8800565,native,1,613.0
b1c7,matr,b1,100,1.0957625,0.0018981000000000137,1.001735224219748,-6.4281880024581415e-06,6.59143656126923e-07,0.004104200000000002,0.003628599999999871,0.0006031309237157408,-1.3157317079880955,-0.9897225814235697,1.097587,1.9368367346938914e-05,870.0,1.09553235,median_qd_cycles_2_to_5,,870.0,1,818.0,818.0,0,,870.0,1,869,1.0,0,0.88110596,native,1,818.0
b1c8,matr,b1,100,1.0941359,0.004161099999999918,1.0038176111961488,5.429254174399952e-06,7.540996417345025e-07,0.005939099999999975,0.0006089999999998597,0.00019619004569173902,-2.897496968019916,-0.5631377104288707,1.0941397,4.246020408163181e-05,879.0,1.0916926999999998,median_qd_cycles_2_to_5,,879.0,1,,879.0,1,,879.0,1,878,1.0,0,0.96902454,native,0,879.0
b1c9,matr,b1,100,1.0876312,0.004656999999999911,1.0043001947784167,1.8204385899829277e-05,9.452788463360952e-07,0.005975700000000028,0.000579499999999955,0.0001601561438091958,-2.8865962774213463,-0.30881190625651556,1.0866315,4.75204081632644e-05,1054.0,1.08395785,median_qd_cycles_2_to_5,,1054.0,1,1012.0,1012.0,0,,1054.0,1,1053,1.0,0,0.8809284,native,1,1012.0
b2c0,matr,b2,100,1.1052729,0.003267799999999932,1.0029653220298163,1.373756833643947e-05,9.577930615606554e-06,0.016458400000000095,0.01415080000000013,0.002035227830957147,-1.2760435115773936,13.5807068490703,1.1037184,3.334489795918298e-05,477.0,1.1032914,median_qd_cycles_2_to_5,475.0,475.0,0,453.0,453.0,0,477.0,477.0,0,496,-19.0,0,0.82661337,native,1,453.0
b2c1,matr,b2,100,1.1015422,-0.004240400000000033,0.9961652498420576,-3.290422139763861e-05,1.1687272408670543e-05,0.015046600000000021,0.01244999999999985,0.00191043608171752,-1.3179309109256272,10.637858436994586,1.1083114,-4.3269387755102375e-05,491.0,1.1060249999999998,median_qd_cycles_2_to_5,489.0,489.0,0,461.0,461.0,0,491.0,491.0,0,513,-22.0,0,0.82848173,native,1,461.0
b2c10,matr,b2,100,1.1162933,0.00701509999999983,1.0063240222335568,5.4494455906012585e-05,0.00013457586370762048,0.11804643999999997,0.11510614000000008,0.01584637874014759,-9.2720790862096,-0.827400131080166,1.1099281,7.158265306122276e-05,492.0,1.1097726,median_qd_cycles_2_to_5,489.0,489.0,0,461.0,461.0,0,492.0,492.0,0,519,-27.0,0,0.82791102,native,1,461.0
b2c11,matr,b2,100,1.1086942,0.012777099999999875,1.0116588198140168,0.00011636928385901053,0.00020437211629729005,0.14617939999999996,0.13904320000000003,0.019736691734055962,-9.161893642889892,-0.817603093253815,1.0982223,0.00013037857142857016,449.0,1.0970887,median_qd_cycles_2_to_5,450.0,450.0,0,430.0,430.0,0,449.0,449.0,0,468,-19.0,0,0.82524824,native,1,430.0
b2c12,matr,b2,100,1.1065857,0.0049399999999999444,1.0044842003195764,3.124443661101217e-05,4.384013583975092e-06,0.01353749999999998,0.010587799999999925,0.0016316729148189491,-1.0019988475355557,6.1275894478567885,1.1027151,5.0408163265305554e-05,466.0,1.1030378,median_qd_cycles_2_to_5,465.0,465.0,0,435.0,435.0,0,466.0,466.0,0,493,-27.0,0,0.82528538,native,1,435.0
b2c13,matr,b2,100,1.0951428,-0.0002936999999998413,0.999731887699561,-1.144594434136377e-05,2.1261609906417674e-06,0.007968500000000045,0.006237800000000071,0.001457158501978628,-1.0230823700240308,-1.1755295731235618,1.0968143,-2.9969387755085846e-06,460.0,1.0957949,median_qd_cycles_2_to_5,462.0,462.0,0,436.0,436.0,0,460.0,460.0,0,483,-23.0,0,0.82574999,native,1,436.0
b2c14,matr,b2,100,1.0776343,-0.006854300000000091,0.9936796938206635,-0.0001016570562770468,1.2377510605472932e-05,0.013525899999999869,0.008760600000000007,0.001403928282656039,-0.002987059890558667,-0.40365243336643614,1.0849262,-6.994183673469481e-05,426.0,1.0845337000000002,median_qd_cycles_2_to_5,433.0,433.0,0,403.0,403.0,0,426.0,426.0,0,461,-35.0,0,0.82618046,native,1,403.0
b2c15,matr,b2,100,1.0770745,0.007325099999999862,1.0068474915713903,9.204142609773131e-05,9.157571606354403e-06,0.01032529999999987,0.0033047999999999966,0.0012037564269155299,-0.24398261766998236,-0.06392207242948479,1.0711806,7.474591836734554e-05,396.0,1.070032,median_qd_cycles_2_to_5,404.0,404.0,0,385.0,385.0,0,396.0,396.0,0,414,-18.0,0,0.82608759,native,1,385.0
b2c16,matr,b2,100,1.0940695,-0.0004667999999998784,0.9995735180276799,-1.5038863327142703e-05,3.935591712800728e-06,0.01050949999999995,0.01050949999999995,0.0016375676848692652,-0.4945734143885305,2.244352643115156,1.0965556,-4.763265306121209e-06,472.0,1.0960515,median_qd_cycles_2_to_5,475.0,475.0,0,447.0,447.0,0,472.0,472.0,0,499,-27.0,0,0.82648873,native,1,447.0
b2c17,matr,b2,100,1.0944375,0.002719799999999939,1.0024913033836493,3.904175881262371e-05,4.954712418989918e-06,0.01921750000000011,0.016055000000000152,0.0026059574114412993,3.788075580786117,-1.7251619491521468,1.09258,2.7753061224489173e-05,471.0,1.0918908,median_qd_cycles_2_to_5,474.0,474.0,0,447.0,447.0,0,471.0,471.0,0,494,-23.0,0,0.8272146,native,1,447.0
b2c18,matr,b2,100,1.0858426,0.010213400000000039,1.0094952796000705,0.00011339298701299902,1.2421352232588503e-05,0.012947500000000112,0.003798799999999991,0.0010506319815630357,-0.2199628970244673,0.21856263291324707,1.0786648,0.00010421836734693917,449.0,1.07619675,median_qd_cycles_2_to_5,456.0,456.0,0,437.0,437.0,0,449.0,449.0,0,467,-18.0,0,0.82719898,native,1,437.0
b2c19,matr,b2,100,1.0930592,0.0028185999999998934,1.0025853008959673,2.1983457019182867e-05,8.06054485467608e-06,0.01644369999999995,0.01644369999999995,0.0021166172543843754,-0.9275394888781431,1.5670635231126788,1.0924506,2.876122448979483e-05,392.0,1.09146485,median_qd_cycles_2_to_5,396.0,396.0,0,375.0,375.0,0,392.0,392.0,0,411,-19.0,0,0.82597393,native,1,375.0
b2c2,matr,b2,100,1.0728362,-0.0025500999999998886,0.9976286660895718,-5.3960603586805125e-06,0.0001262638420084928,0.11325008000000003,0.11198607999999988,0.015325015297556631,-8.943731571079322,-0.4999602163611181,1.078596,-2.6021428571427435e-05,424.0,1.0751113499999998,median_qd_cycles_2_to_5,430.0,430.0,0,415.0,415.0,0,424.0,424.0,0,439,-15.0,0,0.82700932,native,1,415.0
b2c20,matr,b2,100,1.1038647,0.0061388,1.0055922885667543,2.8384829931985655e-05,4.452856675022953e-06,0.011342100000000022,0.009011000000000102,0.0014209790993477103,-0.5587952878350927,3.0554678663069144,1.1000065,6.264081632653061e-05,489.0,1.09799415,median_qd_cycles_2_to_5,490.0,490.0,0,471.0,471.0,0,489.0,489.0,0,506,-17.0,0,0.82856864,native,1,471.0
b2c21,matr,b2,100,1.1000447,0.0014510999999999274,1.001320870611298,3.546821447124778e-05,0.00012206522289197837,0.11263568000000013,0.11237377999999998,0.015412656480449604,-9.250066596310592,-0.7695597580388355,1.102361,1.4807142857142117e-05,408.0,1.0992943,median_qd_cycles_2_to_5,408.0,408.0,0,386.0,386.0,0,408.0,408.0,0,426,-18.0,0,0.82783753,native,1,386.0
b2c22,matr,b2,100,1.0839342,-0.0073848999999999165,0.9932330516344854,0.0006255910350031046,0.011707878102143798,1.17854457,1.0843060999999998,0.15520760051146337,9.79712459854777,-12.152600419239173,1.0933094,-7.535612244897875e-05,,1.09217965,median_qd_cycles_2_to_5,,921.0,1,,921.0,1,,921.0,1,920,,0,1.0556005,native,1,921.0
b2c23,matr,b2,100,1.0753278,-0.015132400000000157,0.986122923147493,0.0005160051214595007,0.01160288783686797,1.21898871,1.075023,0.15445208832572271,9.575435573642253,485.7910306068963,1.0919091,-0.00015441224489796078,,1.09050145,median_qd_cycles_2_to_5,,1153.0,1,,1153.0,1,,1153.0,1,1152,,0,0.97824305,native,1,1153.0
b2c24,matr,b2,100,1.1019264,0.009624700000000042,1.0088113934089822,4.3255097093394744e-05,5.815531801410113e-06,0.014937100000000036,0.011801799999999973,0.0018353306138734202,-0.5268753226730308,5.802156056580594,1.0956398,9.821122448979634e-05,514.0,1.09316,median_qd_cycles_2_to_5,518.0,518.0,0,490.0,490.0,0,514.0,514.0,0,536,-22.0,0,0.82615805,native,1,490.0
b2c25,matr,b2,100,1.1063702,0.007532199999999989,1.006854695596621,3.860060482376233e-05,5.918903705517772e-06,0.013614299999999968,0.011566299999999918,0.0018685310363609606,-0.8825331119273143,3.102085443807673,1.1010141,7.685918367346927e-05,493.0,1.0991886,median_qd_cycles_2_to_5,493.0,493.0,0,475.0,475.0,0,493.0,493.0,0,511,-18.0,0,0.82751423,native,1,475.0
b2c26,matr,b2,100,1.1065354,0.002183200000000163,1.0019769055560357,-1.2231956709943128e-05,4.633313261716172e-06,0.010781900000000011,0.008816799999999958,0.0013970910736482,-1.356876010029341,-10.656482025721173,1.1064944,2.2277551020409826e-05,450.0,1.1053247,median_qd_cycles_2_to_5,449.0,449.0,0,423.0,423.0,0,450.0,450.0,0,476,-26.0,0,0.82529837,native,1,423.0
b2c27,matr,b2,100,1.1031471,0.010578899999999836,1.0096825992189777,8.3227929499087e-05,7.345888534233239e-06,0.01260059999999985,0.004038999999999904,0.0012492464751029328,0.5148003867739894,2.280097433854126,1.0961983,0.0001079479591836718,474.0,1.0944814,median_qd_cycles_2_to_5,476.0,476.0,0,455.0,455.0,0,474.0,474.0,0,493,-19.0,0,0.8266983,native,1,455.0
b2c28,matr,b2,100,1.0995919,0.009143300000000076,1.008384897738417,5.740212987013656e-05,6.086475407991037e-06,0.011847799999999964,0.00957129999999995,0.001707095290400963,-0.3701132987542816,1.915741015952488,1.0936617,9.329897959183751e-05,437.0,1.09018045,median_qd_cycles_2_to_5,440.0,440.0,0,416.0,416.0,0,437.0,437.0,0,456,-19.0,0,0.82741743,native,1,416.0
b2c29,matr,b2,100,1.1159806,0.012774400000000075,1.0115793402901472,0.0001200828880643241,1.3637129403599683e-05,0.015419300000000025,0.004469799999999857,0.0014849858400510188,0.15627185390667123,1.4230175583795144,1.1057531,0.00013035102040816402,452.0,1.1030163000000002,median_qd_cycles_2_to_5,451.0,451.0,0,432.0,432.0,0,452.0,452.0,0,470,-18.0,0,0.82541627,native,1,432.0
b2c3,matr,b2,100,1.1003293,0.004372700000000007,1.003989847773169,7.592857884973753e-05,9.174285315386098e-06,0.012060699999999924,0.00762839999999998,0.0017475720316623832,0.3478559513888546,-0.05096713157609941,1.0984287,4.4619387755102116e-05,499.0,1.0970362,median_qd_cycles_2_to_5,500.0,500.0,0,473.0,473.0,0,499.0,499.0,0,517,-18.0,0,0.82550967,native,1,473.0
b2c30,matr,b2,100,1.092545,-0.0020923999999999943,0.9980884994428292,-8.503881385279777e-05,1.1930602161324409e-05,0.015487800000000052,0.013076000000000088,0.001955018238771088,-0.39922684473667647,-1.6349121937809212,1.0984639,-2.1351020408163206e-05,412.0,1.0955093,median_qd_cycles_2_to_5,414.0,414.0,0,396.0,396.0,0,412.0,412.0,0,429,-17.0,0,0.82665932,native,1,396.0
b2c31,matr,b2,100,1.1006228,0.0016135999999999928,1.0014682315671242,3.979185899816047e-05,3.1576171404795604e-06,0.0075009000000001436,0.0032833000000001,0.0014608849056554254,0.02263591792657153,-0.15751415413127104,1.09855,1.6465306122448905e-05,425.0,1.0990029,median_qd_cycles_2_to_5,426.0,426.0,0,404.0,404.0,0,425.0,425.0,0,446,-21.0,0,0.82528561,native,1,404.0
b2c32,matr,b2,100,1.0874337,-0.0007219999999998894,0.9993364920112077,-5.5682572665417575e-05,9.217437341634588e-06,0.014750900000000122,0.012288100000000135,0.0017265723996342378,-1.495515669278531,-1.873257544316437,1.09124,-7.367346938774382e-06,809.0,1.088943,median_qd_cycles_2_to_5,811.0,811.0,0,778.0,778.0,0,809.0,809.0,0,834,-25.0,0,0.82744044,native,1,778.0
b2c33,matr,b2,100,1.0686773,-0.004597399999999974,0.9957164740769535,-0.00012531416326529325,0.000223561372932056,0.14895000000000003,0.1468545,0.020114672592359276,-9.323471062095107,10.66499997534177,1.0744437,-4.6912244897958914e-05,1140.0,1.0737388,median_qd_cycles_2_to_5,1161.0,1161.0,0,1100.0,1100.0,0,1140.0,1140.0,0,1190,-50.0,0,0.82506907,native,1,1100.0
b2c34,matr,b2,100,1.0644548,-0.0027188999999998575,0.9974522423106943,-5.4562957328379686e-05,4.357537008046111e-06,0.009229900000000013,0.007659900000000164,0.0008113441243867079,-1.4439554932170489,-42.3784753749223,1.0688004,-2.7743877551018955e-05,1186.0,1.0675536499999998,median_qd_cycles_2_to_5,1220.0,1220.0,0,1147.0,1147.0,0,1186.0,1186.0,0,1252,-66.0,0,0.82562441,native,1,1147.0
b2c35,matr,b2,100,1.0296415,-0.03934709999999986,0.96319221739128,0.00018185626196661893,0.01069310312975832,1.17418464,1.0315074,0.14878278222888347,9.360064337036967,-4.698363639105382,1.0655857,-0.00040150102040816183,,1.0688482499999998,median_qd_cycles_2_to_5,,424.0,1,64.0,64.0,0,,424.0,1,423,,0,0.88112044,native,1,64.0
b2c36,matr,b2,100,1.0034419,-0.06879329999999984,0.9358412221497673,-0.00017304703252936864,0.010222991551484678,1.1062013300000002,1.0098554,0.14501399375321233,9.026663529301183,-2.2475328180763263,1.0663357,-0.0007019724489795902,,1.07167425,median_qd_cycles_2_to_5,,281.0,1,67.0,67.0,0,,281.0,1,280,,0,0.88107425,native,1,67.0
b2c37,matr,b2,100,2.1673884,1.0839698000000002,2.000508759956678,0.0006596153919604316,0.011806744321688982,1.1686954100000002,0.0873105099999999,0.10948009955103992,9.848288176771469,-15.290247491879098,1.0849046,0.011060916326530614,,1.0837548,median_qd_cycles_2_to_5,,102.0,1,,102.0,1,,102.0,1,101,,0,2.1693008,native,1,102.0
b2c38,matr,b2,100,2.1622672,1.0779008,1.9940374397436145,0.0006026548002473899,0.011628330320806677,1.0877691,0.011930100000000055,0.10856640469053601,9.943036135999538,-121.69930275491808,1.0860128,0.010998987755102042,,1.08479165,median_qd_cycles_2_to_5,,102.0,1,,102.0,1,,102.0,1,101,,0,2.1653843,native,1,102.0
b2c39,matr,b2,100,2.1270139,1.0549509000000001,1.9840381582052549,0.0005717653840445366,0.011151013765627497,1.0632264,0.009313399999999916,0.1064025922774617,9.941455087336479,-1290.9031852146763,1.0737677,0.010764805102040817,,1.0726831,median_qd_cycles_2_to_5,,435.0,1,417.0,417.0,0,,435.0,1,434,,0,0.88120419,native,1,417.0
b2c4,matr,b2,100,1.0813601,-0.008614400000000133,0.9920966958401319,-6.742782807667963e-05,1.0331189739255245e-05,0.012412300000000043,0.007846999999999937,0.0017444973944318526,-0.5429139523785788,-0.3903807611493392,1.0907151,-8.790204081632788e-05,444.0,1.0897706500000002,median_qd_cycles_2_to_5,446.0,446.0,0,421.0,421.0,0,444.0,444.0,0,464,-20.0,0,0.82712674,native,1,421.0
b2c40,matr,b2,100,2.1616216,1.0776549000000002,1.994177127396995,0.0006366557897340908,0.011579505842558506,1.0825988000000002,0.008405400000000007,0.10816280728359266,9.947117562798216,130.98841652997416,1.0857954,0.010996478571428573,,1.08460085,median_qd_cycles_2_to_5,,460.0,1,436.0,436.0,0,,460.0,1,459,,0,0.88021344,native,1,436.0
b2c41,matr,b2,100,1.108752,0.00383319999999987,1.00346921420832,2.3998204081643843e-05,3.1119082497704328e-06,0.009534399999999943,0.007218000000000169,0.001363304565145649,-0.3604992524669887,3.9430397411376417,1.1056466,3.911428571428439e-05,442.0,1.10515715,median_qd_cycles_2_to_5,440.0,440.0,0,416.0,416.0,0,442.0,442.0,0,463,-21.0,0,0.82606894,native,1,416.0
b2c42,matr,b2,100,1.1133598,0.010915500000000078,1.0099011804950146,8.583347433519664e-05,1.1656566254076148e-05,0.01729360000000013,0.012632600000000105,0.001680755765684821,-0.08564016871538803,4.647216351542415,1.1048694,0.00011138265306122528,474.0,1.1028723,median_qd_cycles_2_to_5,472.0,472.0,0,447.0,447.0,0,474.0,474.0,0,497,-23.0,0,0.82577723,native,1,447.0
b2c43,matr,b2,100,1.0966223,-0.0008110999999999535,0.9992609118694583,-7.295969944339816e-05,1.0317849256818649e-05,0.01560539999999988,0.01342500000000002,0.00166549843668869,-1.6542823476482549,28.24326965497031,1.0997281,-8.276530612244423e-06,1029.0,1.1005713,median_qd_cycles_2_to_5,1028.0,1028.0,0,984.0,984.0,0,1029.0,1029.0,0,1061,-32.0,0,0.82532436,native,1,984.0
b2c44,matr,b2,100,1.0974951,0.000905099999999992,1.0008253768500532,-2.4462076685204973e-05,1.64890033474951e-06,0.0073977000000000626,0.007298600000000155,0.0012286656110287034,-1.4467871306132825,-5.091463417713112,1.098514,9.235714285714205e-06,841.0,1.09780235,median_qd_cycles_2_to_5,842.0,842.0,0,808.0,808.0,0,841.0,841.0,0,874,-33.0,0,0.82503617,native,1,808.0
b2c45,matr,b2,100,1.0995457,-0.003489400000000087,0.9968365467245783,-7.610656895484532e-05,6.911051583902255e-05,0.08328089999999988,0.08191780000000004,0.011261542350894164,-8.924045850212059,3.9552228259774083,1.1031003,-3.560612244898048e-05,997.0,1.1029977,median_qd_cycles_2_to_5,996.0,996.0,0,947.0,947.0,0,997.0,997.0,0,1027,-30.0,0,0.82734823,native,1,947.0
b2c46,matr,b2,100,1.0998453,-0.0010977000000000903,0.9990029456565871,1.9638269635137816e-05,5.3132598944168885e-06,0.011432699999999851,0.00796730000000001,0.0015207627044895354,-0.4286114405644448,3.4876073863328627,1.1016624,-1.1201020408164186e-05,503.0,1.1016553,median_qd_cycles_2_to_5,503.0,503.0,0,475.0,475.0,0,503.0,503.0,0,523,-20.0,0,0.82638663,native,1,475.0
b2c5,matr,b2,100,1.0760076,-0.02290649999999994,0.9791553316132717,-0.0001948491799628852,0.00016650875143199258,0.12146649999999992,0.11450389999999988,0.015608060019927556,-6.354383689741809,0.10311633805560323,1.0987128,-0.00023373979591836676,416.0,1.0989053,median_qd_cycles_2_to_5,416.0,416.0,0,375.0,375.0,0,416.0,416.0,0,445,-29.0,0,0.8261537,native,1,375.0
b2c6,matr,b2,100,1.090597,0.002035299999999962,1.001869714872386,6.243813358071642e-05,8.388339820724391e-06,0.012502800000000036,0.00462779999999996,0.0015749920350687332,0.48178520681855175,-0.6772902915150459,1.0903428,2.076836734693839e-05,393.0,1.08936235,median_qd_cycles_2_to_5,398.0,398.0,0,374.0,374.0,0,393.0,393.0,0,409,-16.0,0,0.82940364,native,1,374.0
b2c7,matr,b2,100,1.09727,0.006792399999999921,1.0062288303767082,5.346993939394844e-05,6.0384487435526636e-06,0.017952599999999874,0.011762300000000003,0.0021921182543184693,1.500282249178367,11.927579912345635,1.0903423,6.931020408163184e-05,777.0,1.09111585,median_qd_cycles_2_to_5,782.0,782.0,0,747.0,747.0,0,777.0,777.0,0,806,-29.0,0,0.8264814,native,1,747.0
b2c8,matr,b2,100,1.0909338,0.00030090000000004835,1.0002758948496786,-4.81292107606561e-05,0.00014779943295724758,0.12315096999999997,0.12183536999999989,0.017045528613472017,-9.728774116855625,1.443966550535919,1.0917038,3.0704081632657993e-06,904.0,1.09091235,median_qd_cycles_2_to_5,910.0,910.0,0,863.0,863.0,0,904.0,904.0,0,947,-43.0,0,0.8255862,native,1,863.0
b2c9,matr,b2,100,1.0975486,0.00257710000000011,1.0023535772392251,-3.1789604205310855e-05,3.493314452543568e-06,0.009695099999999846,0.004258699999999838,0.0010655347788742567,-1.582821938469956,-2.0162628122011723,1.0985823,2.6296938775511324e-05,791.0,1.09725765,median_qd_cycles_2_to_5,792.0,792.0,0,761.0,761.0,0,791.0,791.0,0,819,-28.0,0,0.82610458,native,1,761.0
b3c0,matr,b3,100,1.0510046,-0.0015944999999999432,0.9984851782601752,-9.04169202224734e-06,4.417451669429668e-06,0.006453900000000123,0.0015519999999999978,0.000579688236091708,-0.6980074029814262,-0.09495912762531925,1.0534712,-1.6270408163264728e-05,,1.0531094,median_qd_cycles_2_to_5,,814.0,1,,814.0,1,,814.0,1,813,,0,1.0255854,native,1,814.0
b3c1,matr,b3,100,0.9329316,-0.031750500000000015,0.9670870849578322,-0.0003835172445268905,0.00012163018966782937,0.0344913,0.0009334699999999918,0.00037293749188500446,0.046864114053886595,0.9096976345746962,0.96610409,-0.00032398469387755115,,0.96712121,median_qd_cycles_2_to_5,,241.0,1,,241.0,1,,241.0,1,240,,0,0.88019198,native,1,241.0
