cell_id,n_cycles,cycle_life,Qd_mean,Qd_std,IR_mean,IR_std,Tavg_mean,dQd_slope,dqdv_peak_first,dqdv_peak_last,dqdv_peak_delta,dqdv_peak_mean,dqdv_peak_std,dqdv_peak_slope,dqdv_area_first,dqdv_area_last,dqdv_area_delta,dqdv_area_mean,dqdv_area_std,dqdv_area_slope,dqdv_peakpos_first,dqdv_peakpos_last,dqdv_peakpos_delta,dqdv_peakpos_mean,dqdv_peakpos_std,dqdv_peakpos_slope
b1c0,25,477.0,1.104835152,0.00173006355978501,0.01726566684,0.0001276897577833651,31.82214543177047,0.00016123899999998588,0.0,0.0,0.0,-0.0005539346298617256,0.002054849068411866,2.424354095113515e-05,-772.4398502250881,-775.918284508938,-3.4784342838498787,-748.3334110555547,8.318481782926193,0.07789029816947628,0.0,0.0,0.0,323.36,463.6609002277419,-17.447692307692314
b1c0,50,477.0,1.10517512,0.0029640238408622783,0.01728931304,0.0001178688598159771,31.804071923272122,2.2021022809123122e-05,0.0,0.0,0.0,-0.0009746032582893429,0.003213743855703217,-6.6949873318298765e-06,-772.4398502250881,-736.1615576348702,36.278292590217916,-747.0974410181734,9.417282992260672,0.08822179257605059,0.0,0.0,0.0,342.4,471.3845139586153,-4.032460984393762
b1c0,100,477.0,1.105038492,0.0031193638971328745,0.01733813236,0.00012150438280510892,31.807497385473816,1.6304494449449305e-05,0.0,0.0,0.0,-0.0013170236001507074,0.004020904385273432,-1.087882966103252e-05,-772.4398502250881,-724.2399415207627,48.19990870432537,-741.4597144544952,10.4392126524832,0.215402501413706,0.0,999.0,999.0,311.303240457,461.01167717624617,-1.3173388049282924
b1c1,25,491.0,1.1070002479999999,0.0011079513924789376,0.017763685759999998,0.0002109055552480835,33.54214171912384,3.0378307692281315e-05,0.0,0.0,0.0,-0.0008240968326640842,0.004037233477341559,1.3784374543106524e-20,-748.5488841400856,-745.0853198006704,3.4635643394152567,-750.5474898742193,8.787434485843573,0.09224467940075248,0.0,999.0,999.0,479.52,499.10024003199993,14.600769230769227
b1c1,50,491.0,1.1069323379999998,0.0012090109972849815,0.017645423759999997,0.00019487016093610245,33.605174005963015,1.6488955582219603e-05,0.0,0.0,0.0,-0.0005455727505235947,0.003013798705129157,1.3512265814157757e-05,-748.5488841400856,-737.0724304134284,11.476453726657269,-748.1893262114095,9.474283695122894,0.16296807163974794,0.0,0.0,0.0,399.6,489.408050608079,-3.166098439375748
b1c1,100,491.0,1.10494644,0.003409138815096857,0.01755915909,0.00017854421746072292,33.59830289682961,-3.328610021001756e-05,0.0,-0.009581704997614094,-0.009581704997614094,-0.000738202336423722,0.0029847274924984894,-6.517144950494665e-06,-748.5488841400856,-722.1317151428344,26.417168997251224,-739.5215567082768,12.281418015572571,0.3237000389569685,0.0,0.0,0.0,429.64,494.52012132975943,-0.15829582958296
b1c2,25,424.0,1.076175716,0.0014446736654843458,0.01647014196,0.00015681509055890777,33.22750945604809,0.0001309708461538329,0.0,0.0,0.0,-5.8791310113628944e-06,2.8801742217623805e-05,-6.783612705418722e-07,-719.6867617223438,-716.6192971365437,3.067464585800167,-725.8866191107976,14.908956106547091,0.5537318608256102,0.0,0.0,0.0,12.88,21.810676284792272,0.04538461538461526
b1c2,50,424.0,1.0744259304000001,0.015528448451113317,0.0164338666,0.00012539822622222374,33.22374063594966,-0.00020140240288115738,0.0,0.0,0.0,-1.7762512138039402e-05,7.572386572228992e-05,-5.893858733848092e-07,-719.6867617223438,-711.5892853938363,8.097476328507469,-722.6254630907964,15.43033015608883,0.39739280934109533,0.0,0.0,0.0,71.52,235.1663445308448,2.7209603841536603
b1c2,100,424.0,1.0746560542,0.011180610186963242,0.016463414620000002,0.00010279994376105278,33.17756576063981,-4.820387278720694e-06,0.0,0.0,0.0,-1.088812955462267e-05,5.522966617283515e-05,1.4707117594871404e-07,-719.6867617223438,-701.7329825980262,17.953779124317634,-717.4171052781762,14.50248365923422,0.2327169610653986,0.0,33.0,33.0,41.51,169.50182860370563,-0.5480888088808882
b1c3,25,499.0,1.0982564479999999,0.001253738839829101,0.015894148759999997,7.807337154204627e-05,33.951362231203504,4.1058307692287474e-05,0.0,0.0,0.0,-0.0057568762211202915,0.00834929551578508,-8.976964403703958e-06,-745.0560677674491,-747.5831458746468,-2.527078107197667,-752.2269372172345,11.016305916746942,0.2135148359944709,0.0,0.0,0.0,240.72,426.1193748235346,3.771538461538461
b1c3,50,499.0,1.099197896,0.0019130019992629338,0.015883863039999998,9.797681777195275e-05,33.97547928646919,8.235854021606744e-05,0.0,0.0,0.0,-0.0036016406832457258,0.006759733816382515,0.00014567086908109328,-745.0560677674491,-774.8040580511273,-29.747990283678178,-750.9191559092853,11.874485792618149,0.15894002730599321,0.0,0.0,0.0,300.46,457.3039343806261,4.342136854741894
b1c3,100,499.0,1.1014322669999999,0.0030594973402523016,0.015916925550000002,9.28327921904082e-05,33.93958543884461,7.682116951695477e-05,0.0,-0.0069179801617737504,-0.0069179801617737504,-0.002427350984477165,0.005588377165415448,5.179284306008772e-05,-745.0560677674491,-740.3426909235542,4.713376843894935,-748.3417751708707,10.38110955769807,0.11722059364452847,0.0,0.0,0.0,270.14,443.2675720149175,-0.10391839183918397
b1c4,25,444.0,1.089150536,0.0011343517760836154,0.01648194748,0.0002622823895284042,33.15056081034469,-2.713500000002983e-05,0.0,0.0,0.0,0.0,0.0,0.0,-732.0638059186269,-724.7576473672755,7.306158551351473,-733.4470203705523,13.845911744814568,0.6070495724484235,33.0,0.0,-33.0,53.84,194.04302203377478,1.216923076923076
b1c4,50,444.0,1.087969088,0.0025289075601642804,0.01631193278,0.0002565838158228448,33.17285419809613,-9.376074909965498e-05,0.0,0.0,0.0,0.0,0.0,0.0,-732.0638059186269,-716.31301509389,15.750790824736896,-727.7009468991965,11.837752904507479,0.45023830171270024,33.0,0.0,-33.0,51.44,194.4168881553246,-0.8808643457382949
b1c4,100,444.0,1.0859578399999998,0.003214298876582586,0.01619582082,0.00022114969828482148,33.05027186948681,-6.734896969696355e-05,0.0,0.0,0.0,-1.653775614988958e-06,1.2931125845271258e-05,-5.1056279007570883e-08,-732.0638059186269,-702.949897668058,29.113908250568898,-721.4200566552641,13.282805199040775,0.2890339171587977,33.0,0.0,-33.0,32.99,139.41158452582053,-0.6660846084608465
b1c5,25,416.0,1.0972007320000001,0.0014813732530918478,0.015554552720000002,0.00023789217893314943,33.010269143235156,-0.00014143707692311535,0.0,0.0,0.0,-0.0008229639532900657,0.0040316835245286205,1.58262298709628e-05,-745.7331192248361,-737.8626973466334,7.870421878202706,-743.186005262275,4.282137341136792,0.4079415277048182,0.0,999.0,999.0,519.48,499.10024003199993,22.285384615384608
b1c5,50,416.0,1.0924392040000002,0.016805380965261803,0.01540071616,0.00022912936535672242,32.980509040500095,-0.0004471069483793645,0.0,0.0,0.0,-0.00041148197664503286,0.0028803738365152302,2.6674701967385064e-05,-745.7331192248361,-725.6432431238815,20.089876100954598,-738.0937374966285,9.186107591693473,0.4604419973894293,0.0,999.0,999.0,559.44,495.8905588937946,7.771332533013205
b1c5,100,416.0,1.088025367,0.012868867110146521,0.015306582499999999,0.00018995637860448386,33.01550370431462,-0.00019428050225021526,0.0,0.0,0.0,-0.00020574098832251643,0.0020470969867880354,9.506184278928155e-06,-745.7331192248361,-706.2036366072904,39.52948261754568,-728.5436913600595,12.66576158179332,0.3986116196321362,0.0,999.0,999.0,469.53,498.6000893501725,-1.4926552655265537
b1c6,25,393.0,1.090016708,0.0012973294332342925,0.01611553936,0.00018283758637870504,33.86684580277278,9.361653846151778e-05,0.0,0.0,0.0,0.0,0.0,0.0,-728.7349130087454,-729.1308064410148,-0.39589343226941764,-731.8518628613062,6.011798142479092,0.12844771056052862,48.0,999.0,951.0,51.72,194.5338058024877,9.204615384615384
b1c6,50,393.0,1.090895448,0.0016546548636183816,0.016063235939999997,0.0001556688529212458,33.70322197599617,8.154797599037845e-05,0.0,0.0,0.0,0.0,0.0,0.0,-728.7349130087454,-729.9879882909692,-1.25307528222379,-732.3426041440778,8.835284308734899,0.0023975778108329257,48.0,55.0,7.0,48.04,195.0188667796016,0.8420648259303719
b1c6,100,393.0,1.092913134,0.0029479534904818245,0.01604186506,0.00011606079655851253,33.81745006948466,6.42928268826953e-05,0.0,0.0,0.0,0.0,0.0,0.0,-728.7349130087454,-721.3336970296991,7.401215979046242,-730.2973885235922,10.760640809546734,0.07276958467722469,48.0,0.0,-48.0,39.35,169.8437149263993,-0.032145214521452206
b1c7,25,777.0,1.0915334359999997,0.0011131158045342728,0.01480294512,2.355229858900401e-05,33.72187731226627,8.574484615381044e-05,0.0,0.0,0.0,0.0,0.0,0.0,-735.1353112486429,-734.4342406879233,0.701070560719586,-738.0965935344334,3.116800207797412,0.06094495073017938,0.0,999.0,999.0,479.52,499.10024003199993,8.453076923076916
b1c7,50,777.0,1.091776494,0.0010646375951299082,0.01478808882,3.55371747918656e-05,33.82010899284961,1.989691716686044e-05,0.0,0.0,0.0,-0.00027409195111189683,0.0019186436577832778,-1.5135930073406065e-05,-735.1353112486429,-734.7987983352975,0.33651291334535927,-738.4850396401152,5.900438224197175,-0.045678798209731655,0.0,0.0,0.0,399.6,489.40805060807895,-5.0849459783913575
b1c7,100,777.0,1.0929825290000001,0.002500204003288325,0.014790600069999998,4.190373961647218e-05,33.766912217149354,5.5001032703275286e-05,0.0,0.0,0.0,-0.00041554038542134376,0.0022126945634946653,-5.7936565059968665e-06,-735.1353112486429,-752.1798880555948,-17.04457680695191,-737.6424297376412,7.745402838136926,-0.0035358681856039755,0.0,999.0,999.0,439.6,495.85520063825084,0.6002880288028796
b1c8,25,904.0,1.091681268,0.000982886722148579,0.016462469520000002,6.0564453111785036e-05,33.60448512426425,3.976730769227254e-05,0.0,0.0,0.0,-1.6502722048471478e-05,8.084649677146536e-05,9.520801181810472e-07,-732.9587754137607,-731.5310525002294,1.4277229135312837,-738.5742024579796,10.44241401629293,0.04746152710149257,32.0,0.0,-32.0,11.84,20.005359281952423,0.36923076923076925
b1c8,50,904.0,1.0919022919999999,0.0008683183498786514,0.01644785148,5.104878710184612e-05,33.66944726159009,1.8830549819928306e-05,0.0,0.0,0.0,-8.251361024235739e-06,5.775952716965018e-05,6.141469189707272e-07,-732.9587754137607,-740.1571274997347,-7.198352085973966,-737.3441861603222,10.95090154699053,0.022729035945219717,32.0,0.0,-32.0,48.5,194.8204558048256,0.023289315726290418
b1c8,100,904.0,1.0901623492999999,0.012096383189641374,0.01646674221,5.336290928431378e-05,33.59821236744562,-4.6892879987993835e-05,0.0,0.0,0.0,-4.1256805121178695e-06,4.105000279072888e-05,2.005281257014986e-07,-732.9587754137607,-726.2577351643893,6.701040249371431,-733.9549425587388,14.375056978078224,0.12416826035106025,32.0,0.0,-32.0,40.68,169.5823033220153,-0.06778277827782772
b1c9,25,791.0,1.098139104,0.0010604151207824124,0.01538869424,7.388260601266291e-05,32.435087646537575,8.971015384613362e-05,0.0,0.0,0.0,-0.0005859826873553122,0.0026243265155823665,2.1565187465611984e-05,-740.4284771065785,-742.6234852445642,-2.195008137985724,-750.8612434536522,20.114635811891127,-0.1301786221553883,0.0,0.0,0.0,359.8,479.40062578181943,-6.9223076923077
b1c9,50,791.0,1.098416984,0.0009089501452466915,0.01537661302,8.105000660715325e-05,32.41774524082191,2.4429522208879975e-05,0.0,0.0,0.0,-0.0007990509864603796,0.0033400627257166937,-1.0280825332006392e-05,-740.4284771065785,-741.07543184896,-0.6469547423814674,-748.2757571814677,16.14098748348508,0.16163498831436604,0.0,999.0,999.0,399.84,489.21297448044044,-0.5689315726290484
b1c9,100,791.0,1.097482268,0.001870474549406099,0.01539659944,8.863621508833952e-05,32.35755295299843,-2.9646877887790993e-05,0.0,0.0,0.0,-0.0007887080494361711,0.003499156040047266,-6.5873106035223915e-06,-740.4284771065785,-736.2382319475615,4.190245159016968,-743.993037945185,13.983020411047901,0.1510064600378342,0.0,0.0,0.0,399.75,489.28612028137485,-0.7089888988898876
b1c10,25,492.0,1.110786812,0.0010882564941483166,0.0170754844,0.00012893396705787054,31.742842113325796,0.00010733438461535192,0.0,0.0,0.0,0.0,0.0,0.0,-752.854028760159,-742.1544709348735,10.699557825285524,-739.3278021299046,4.413809821815109,0.13438635002744162,38.0,41.0,3.0,51.88,194.27409914859984,3.617692307692307
b1c10,50,492.0,1.1092380512,0.01587602852300444,0.017052218000000004,0.00010437668909732687,31.745366576850344,-0.00019493247154863262,0.0,0.0,0.0,0.0,0.0,0.0,-752.854028760159,-727.5326354223477,25.3213933378114,-737.6857809069234,9.25683721262874,0.14431053541401764,38.0,41.0,3.0,94.08,267.56680212612326,3.0619927971188474
b1c10,100,492.0,1.1111485095999998,0.011546364575546877,0.01706057563,8.554261212806823e-05,31.720671317513244,5.465127200720378e-05,0.0,0.0,0.0,0.0,0.0,0.0,-752.854028760159,-720.6451293255928,32.208899434566206,-731.7613857785508,11.222959568459855,0.21569589044651033,38.0,0.0,-38.0,62.173195505,215.7467903905926,-0.8275094799489945
b1c11,25,449.0,1.098690784,0.0014117469177384397,0.01713032064,0.00013403477755773114,33.211141113018044,0.00017621623076920922,0.0,0.0,0.0,-0.0002487264517590756,0.0012185057846854212,5.261521094903524e-05,-753.3860151768129,-741.6234117709846,11.762603405828258,-740.7834757532906,5.738128942943448,0.14582111631583508,0.0,0.0,0.0,399.6,489.408050608079,-8.45307692307693
b1c11,50,449.0,1.0970766780000003,0.01919297832888153,0.01714097476,0.00015694635850118475,33.24119155022623,-0.00017203914045618707,0.0,0.0,0.0,-0.00032506880320753653,0.0016376132966203383,5.841721012634557e-06,-753.3860151768129,-736.9234694008856,16.46254577592731,-737.1322538905744,13.461301966725124,0.31989694601819474,0.0,0.0,0.0,359.64,479.52,-1.726962785114046
b1c11,100,449.0,1.101019946,0.014231589224063628,0.01721904361,0.00018493270328862312,33.14963101101539,0.00011564709150915033,0.0,0.0,0.0,-0.0009573103376757825,0.0035417354470233505,-1.3240752710803167e-05,-753.3860151768129,-731.0392119817467,22.346803195066173,-734.5654696521891,12.398625527435614,0.17561619943002024,0.0,0.0,0.0,319.83,465.90728809496,-1.3984698469846992
b1c12,25,466.0,1.10320544,0.0010417145547605648,0.01676318508,0.00020860876197473924,31.42061343643937,7.772007692306371e-05,0.0,0.0,0.0,0.0,0.0,0.0,-733.5661800348425,-728.2607618260406,5.305418208801939,-739.9852774431395,14.609547766562775,0.6707290266514977,0.0,0.0,0.0,10.289802724000001,17.08979749968114,-0.9944420457692307
b1c12,50,466.0,1.1037090800000002,0.0019784386432740316,0.01663496868,0.00021350881645247692,31.428749840492355,2.718508523409109e-05,0.0,0.0,0.0,0.0,0.0,0.0,-733.5661800348425,-719.2097989149224,14.356381119920115,-735.7072840513027,14.821301702325998,0.389283683769798,0.0,0.0,0.0,11.236844904,18.3780841802809,-0.10917676953661458
b1c12,100,466.0,1.1041123279999998,0.002107468452768865,0.016529412549999997,0.00020361166941446995,31.316793895936517,3.2216190819081996e-05,0.0,0.0,0.0,-8.326172181629915e-06,8.284436719908384e-05,-4.49658263634379e-08,-733.5661800348425,-717.9795078666986,15.586672168143991,-727.9785421019823,16.19263645834236,0.30923211973499354,0.0,0.0,0.0,32.908422451999996,139.36260639959244,0.7346731564020401
b1c13,25,460.0,1.095977404,0.0005394871308789401,0.01638661012,0.00024602215178984505,31.9968634999549,3.6581538461116314e-06,0.0,0.0,0.0,0.0,0.0,0.0,-728.6269890021173,-731.6453739759804,-3.018384973863135,-737.1607813570698,16.54836387637116,-0.9498446599958265,0.0,999.0,999.0,167.48,363.34557875389095,15.526923076923078
b1c13,50,460.0,1.095382174,0.001432139768571488,0.016200302379999997,0.00026627469264906787,32.01926858092736,-5.308797599040317e-05,0.0,0.0,0.0,-8.273598808921362e-06,4.930581812633875e-05,-7.335595680604975e-07,-728.6269890021173,-714.8785458937764,13.748443108340894,-732.002001735107,14.380412172493179,0.26451646903181564,0.0,0.0,0.0,127.9,322.1501668476986,1.2283793517406956
b1c13,100,460.0,1.094944933,0.0014534818269971584,0.01607549433,0.00023493072340607365,31.948019425910115,-1.1630218421840719e-05,0.0,0.0,0.0,-6.363785354713818e-05,0.0005926529558469074,-5.031140845878948e-07,-728.6269890021173,-723.568673371115,5.058315631002301,-723.4881151664163,15.684616176815833,0.33643663500110627,0.0,0.0,0.0,78.99,252.97132228772492,-1.3223942394239419
b1c14,25,426.0,1.083535872,0.0007592286203878227,0.01654523744,0.0002986379873728163,32.139630216659185,-7.341384615385966e-05,0.0,0.0,0.0,0.0,0.0,0.0,-730.7871817396978,-723.3835490157942,7.40363272390357,-730.0454170574575,8.441072466167673,0.08542738179521538,0.0,999.0,999.0,479.52,499.10024003199993,19.979999999999993
b1c14,50,426.0,1.082449972,0.001964302430690343,0.0163756241,0.0002866935305940648,32.16997280531448,-9.46853109243774e-05,0.0,0.0,0.0,-2.7902150020365134e-05,0.00019531505014255593,-4.689436978212628e-07,-730.7871817396978,-713.2818902438054,17.50529149589238,-725.9371995045569,8.876630384011662,0.354055162808929,0.0,0.0,0.0,439.62,495.83754960672354,0.09695078031212209
b1c14,100,426.0,1.079302612,0.0035302892922614753,0.0162701026,0.00023376298666020673,32.124753255414234,-0.0001013684056405571,0.0,0.0,0.0,-2.9550522370340224e-05,0.00020718178446921208,-1.1741709566768077e-07,-730.7871817396978,-696.0908648916134,34.69631684808439,-717.1926581333516,12.513287054421642,0.3557045733228067,0.0,999.0,999.0,479.59,499.0332272504508,0.9835643564356423
b1c15,25,396.0,1.071211528,0.0011102453492881476,0.01657617628,0.0003142306472151334,32.8989080086458,8.688276923075445e-05,0.0,0.0,0.0,0.0,0.0,0.0,-717.999541716687,-717.2086703795242,0.7908713371627982,-718.8377923319865,2.0078829532130285,0.02548568403418765,0.0,999.0,999.0,639.36,479.52000000000004,6.916153846153841
b1c15,50,396.0,1.072196154,0.0016818043098065806,0.01641600054,0.00027791871287735994,32.90355062627872,8.164383673469305e-05,0.0,0.0,0.0,-0.00025960357608958333,0.0018172250326270838,-2.5555213972804117e-05,-717.999541716687,-718.576927821611,-0.5773861049240168,-717.5118530237112,3.6993548154309144,0.09843857725078788,0.0,999.0,999.0,559.44,495.8905588937946,-2.3026170468187313
b1c15,100,396.0,1.0749797360000002,0.0030771573711956893,0.016313907529999998,0.00022328411796580864,32.862312590345454,9.309728292829695e-05,0.0,0.0,0.0,-0.00023258009244929274,0.0016392360733540516,5.159803055443269e-07,-717.999541716687,-699.5051049240253,18.494436792661645,-715.3061553462425,10.993880179126094,0.1300293984279402,0.0,999.0,999.0,549.48,496.94312511594313,-0.4140534053405357
b1c16,25,472.0,1.0973737239999999,0.001170766356291485,0.01754221648,0.00011450255540733359,32.71694947501164,0.00011780230769227676,0.0,0.0,0.0,-2.1662725628897104e-06,1.0612524845741945e-05,2.499545264872744e-07,-760.3010280428828,-736.1763354799278,24.12469256295492,-742.3719947461816,9.945804232833478,0.48365494696556915,28.0,34.0,6.0,55.12,193.5523329748314,-6.866153846153846
b1c16,50,472.0,1.097697706,0.0020648668078508113,0.0175099581,8.975542471254841e-05,32.744438541746334,1.9246631452565578e-05,0.0,0.0,0.0,-2.3595241289535714e-06,1.1599575550742879e-05,5.025264033812463e-08,-760.3010280428828,-728.6176084229858,31.683419619896995,-740.8586041959933,12.469549768283757,0.18668378536867952,28.0,0.0,-28.0,36.66,138.7682398821863,-1.9811284513805525
b1c16,100,472.0,1.097015996,0.001978627807644478,0.01749419094,6.897116378209356e-05,32.76618715423966,-1.3775005100506361e-05,0.0,0.0,0.0,-1.1797620644767857e-06,8.286550247688996e-06,4.167609695424766e-08,-760.3010280428828,-721.413454873305,38.88757316957776,-735.179814442296,13.675761716531813,0.23901264150850662,28.0,0.0,-28.0,36.499316621,138.97753715124858,-0.4700441163570361
b1c17,25,471.0,1.092251752,0.0009812252337236171,0.01721895288,0.00014224450546079312,32.985589241211045,4.1711461538436803e-05,0.0,-0.023004689924139874,-0.023004689924139874,-0.00345343274918743,0.0071745046973028335,-0.00018169269893667612,-744.9372987418695,-748.0942128284285,-3.1569140865589134,-747.2841066000166,3.138292216238008,0.06885018080030987,0.0,3.0,3.0,440.12,495.3956253339345,15.383846153846156
b1c17,50,471.0,1.092483812,0.0009868979839152572,0.01713063728,0.00013655851470428942,33.018430769505905,2.809585594236581e-05,0.0,-0.012646005905038959,-0.012646005905038959,-0.0033907482283862746,0.006616788505054168,-4.474129879112501e-05,-744.9372987418695,-741.0413632502078,3.895935491661703,-745.6760386007015,4.821471819006416,0.1525346253085112,0.0,2.0,2.0,340.4,472.7056589464527,-4.929363745498199
b1c17,100,471.0,1.093877117,0.002262468757046384,0.01709369671,0.00012022539809518583,32.98821355652246,4.064148874887576e-05,0.0,0.0,0.0,-0.0030467892765142805,0.006202081597162651,5.53238619603183e-06,-744.9372987418695,-729.9256224720195,15.01167626985,-743.7234789920352,8.628630875021841,0.09892118108782447,0.0,0.0,0.0,340.12,472.9061488287079,-0.8109930993099301
b1c18,25,449.0,1.0779528120000001,0.001347074142672191,0.0165971356,9.24167213571221e-05,32.84477016980397,0.0001456773846153525,0.0,0.0,0.0,0.0,0.0,0.0,-725.532311168422,-727.1762073026939,-1.6438961342719267,-729.0850292531717,6.651607468162706,-0.26417955490601785,33.0,0.0,-33.0,55.84,193.74843070332207,-3.99
b1c18,50,449.0,1.079177378,0.0017593895719015902,0.0165878388,7.035745856780198e-05,32.90842047231035,0.00010778616566627505,0.0,0.0,0.0,-1.3432510757379766e-06,9.402757530165836e-06,-1.5157935308447747e-07,-725.532311168422,-721.5354966868344,3.996814481587535,-727.9472975714823,8.156907251945752,0.06627019991585692,33.0,48.0,15.0,73.8,234.629239439589,0.5409843937575025
b1c18,100,449.0,1.0824376820000001,0.0035745553690600448,0.01664831154,0.0001023365765400054,32.88628935898336,0.0001141627014701527,0.0,0.0,0.0,-1.1164544832583857e-06,7.97802574351684e-06,-7.065598975976204e-09,-725.532311168422,-713.8097941411866,11.722517027235426,-726.4936604973497,10.163774769182568,0.10162570087294356,33.0,0.0,-33.0,41.59,169.41328725929378,-0.8929552955295531
b1c19,25,392.0,1.093718064,0.0016389696873047816,0.0166457642,5.34160988339658e-05,32.72529673293396,0.00019413007692306046,0.0,0.0,0.0,-8.861663165735928e-08,4.3413106056939335e-07,-1.874582592751831e-08,-735.7696348913693,-733.818872575779,1.950762315590282,-736.4725391002488,3.0648989176232027,0.09511443539271984,0.0,0.0,0.0,9.69391718,16.909419878422195,-0.22173873269230776
b1c19,50,392.0,1.0948389960000002,0.0030012859666456336,0.01666356636,5.3951143795756714e-05,32.76710331137886,8.617763265305802e-05,0.0,0.0,0.0,-5.675420398941827e-08,3.1931014915862193e-07,6.575622646825788e-11,-735.7696348913693,-763.6817071898985,-27.91207229852921,-735.0082762624127,7.911699203621847,0.10076898420070243,0.0,0.0,0.0,25.8130935,139.67841499913854,1.331967156206482
b1c19,100,392.0,1.09472128,0.0028459078538842445,0.016718972760000003,8.861668601387908e-05,32.76991201802439,2.3392277227728393e-05,0.0,0.0,0.0,-3.799250240902941e-08,2.457481796200288e-07,5.768942175792245e-10,-735.7696348913693,-710.1964154074867,25.573219483882554,-728.0002751130145,10.597255119477424,0.25202964217123525,0.0,0.0,0.0,25.787100325,139.69233727315026,0.3567947311641165
b1c20,25,489.0,1.099262008,0.0009507645807117613,0.01653009284,0.00014425012470529945,33.635153623772105,8.45774615384219e-05,0.0,0.0,0.0,-0.00014419357182937913,0.0007064013503426673,-1.941067313087796e-05,-740.8578925250766,-762.3299665597945,-21.47207403471782,-747.7236070434383,9.094748835778672,-0.23822594033197692,0.0,0.0,0.0,439.68,495.78452739068007,-11.510769230769235
b1c20,50,489.0,1.100007224,0.001637824347793139,0.01654097362,0.00014199758805076814,33.70298565093207,5.711530372148251e-05,0.0,-0.0035411401508111404,-0.0035411401508111404,-0.0006898917632861654,0.0031489155172274605,-5.151567063272381e-05,-740.8578925250766,-735.0721855382398,5.785706986836885,-747.2117116504658,10.94975744552673,-0.04501382869764064,0.0,3.0,3.0,439.68,495.78452739068,-1.7214885954381804
b1c20,100,489.0,1.10005656,0.0021174309890525343,0.016612060669999998,0.00016330460904830926,33.62225921545461,2.9178835883586893e-05,0.0,0.0,0.0,-0.0005814235758105678,0.003044156881539226,-6.701201731085409e-07,-740.8578925250766,-727.428241042574,13.429651482502663,-741.6636067228193,10.585877119694995,0.18645873733246313,0.0,999.0,999.0,459.6,497.84383093496297,0.5024302430243047
b1c21,25,408.0,1.100832304,0.0012500066446159278,0.01713917824,6.294328272232375e-05,33.43254249547409,0.00010880561538458125,0.0,0.0,0.0,-0.0017892868956707981,0.0048469881809772635,2.201014649066147e-05,-745.7663931744878,-750.9296592393227,-5.163266064834943,-751.6654401139805,13.208319934091366,0.020238037589859054,999.0,0.0,-999.0,280.16,448.27702863296486,15.353846153846153
b1c21,50,408.0,1.0997905144,0.015219339534447637,0.01714938184,5.3271935426210875e-05,33.512077765286584,-0.00014687692677071474,0.0,0.0,0.0,-0.001385717180218447,0.00411844226574919,2.3134071661838036e-05,-745.7663931744878,-738.0911806897662,7.6752124847215555,-746.8989304417702,13.995177547169005,0.34143132482231414,999.0,999.0,0.0,300.14016816,457.51245547518096,4.271879782789915
b1c21,100,408.0,1.1010897552,0.010995895860682614,0.01720174435,8.556272203236352e-05,33.59820005445401,3.593870867086974e-05,0.0,0.0,0.0,-0.0021267448302246758,0.005500577998441608,-2.1811831871199365e-05,-745.7663931744878,-720.5697141223752,25.196679052112586,-741.5262534582398,14.790314102648216,0.26162639270551663,999.0,0.0,-999.0,280.02008408,448.36367631739637,-0.6870418477251744
b1c24,25,514.0,1.095028468,0.0013419016520505665,0.0165035146,8.100354828919546e-05,33.194963554681266,0.00014360407692302654,0.0,0.0,0.0,-0.000808915499485772,0.0035300664911982822,3.451952610019945e-05,-737.3387250211388,-738.191572891737,-0.8528478705982252,-740.1498675275523,6.527332504777063,0.10276307144273228,0.0,0.0,0.0,241.16,425.9121674711818,7.887692307692307
b1c24,50,514.0,1.0955802639999999,0.00212583559804235,0.01652817248,0.0002588680195857525,33.203303326347935,3.416000960383404e-05,0.0,0.0,0.0,-0.0012148103856994788,0.004215463222964999,-3.073900115407965e-05,-737.3387250211388,-727.7118402798632,9.626884741275603,-738.2632954881227,8.885802591530435,0.1086822602719443,0.0,0.0,0.0,183.433149778,382.2777478282018,-2.9333982089363753
b1c24,100,514.0,1.096261652,0.002436510283724667,0.01651723855,0.00018482712990572424,33.205124014909316,4.4497776177623575e-05,0.0,0.0,0.0,-0.001812671607495061,0.0052922558671154776,-2.4429282603290994e-05,-737.3387250211388,-731.4945010493192,5.844223971819588,-734.8983912515018,11.409000784510932,0.12965368137953298,0.0,0.0,0.0,214.47974374400002,404.68890726597954,0.022600295123911443
b1c25,25,493.0,1.1009593359999998,0.0012707353281875941,0.01666728452,8.255898807525188e-05,32.27736083481919,0.00013017469230767524,0.0,0.0,0.0,-0.0005190544385419149,0.0025428370463090044,7.985452900644848e-05,-790.8426411164464,-743.689323638707,47.15331747773939,-752.7709293172624,16.04989400902235,-0.09783824977059498,0.0,0.0,0.0,399.81344970799995,489.23428309327085,-2.33462881246155
b1c25,50,493.0,1.101835616,0.0019872429805496863,0.01670833486,0.0002722741118574447,32.312564824199484,6.0369555822317314e-05,0.0,0.0,0.0,-0.00025952721927095747,0.0018166905348967028,2.554769745524431e-05,-790.8426411164464,-728.6268183771929,62.215822739253554,-748.0628352127073,14.424863797921939,0.31378415348274646,0.0,0.0,0.0,419.686724854,492.97440313054994,-0.7296250170420137
b1c25,100,493.0,1.102206125,0.0024546887234586333,0.01674229199,0.00019909663993887458,32.23892710270436,3.988503030303575e-05,0.0,0.0,0.0,-0.0004574415838013618,0.002557344155552113,5.008072015938276e-07,-790.8426411164464,-726.0124632978873,64.83017781855915,-740.8819852602745,13.4184515091314,0.2894866991965454,0.0,0.0,0.0,430.043362427,494.18630192750135,0.9475472360342031
b1c26,25,450.0,1.1054544080000002,0.0006390088568525637,0.01797883472,0.00021695463201333514,34.49331548554302,9.016923076697493e-07,0.0,-0.0078933372669445,-0.0078933372669445,-0.001770125182107761,0.004015102143522614,-7.909833208119344e-05,-748.5212009699069,-753.1700228344162,-4.648821864509273,-747.0873463355107,7.354715903194222,0.3521707465087293,999.0,0.0,-999.0,679.48,465.77703850662283,-3.833076923076921
b1c26,50,450.0,1.1052044739999998,0.0007337742736864061,0.017813105639999997,0.0002308220268204715,34.49001447604738,-1.3468720288125475e-05,0.0,0.0,0.0,-0.001092052582753047,0.003032675034056116,2.964790392023462e-05,-748.5212009699069,-730.208033652379,18.313167317527927,-743.0955574940682,8.511281898923666,0.3531099507788799,999.0,999.0,0.0,699.52,457.46397628665807,4.461752701080432
b1c26,100,450.0,1.1041737820000002,0.0021427216162805706,0.017708443810000002,0.0002009305515905283,33.76445582326918,-1.2259041104107896e-05,0.0,0.0,0.0,-0.0013698094995521575,0.004075053657383453,-7.77978794840057e-06,-748.5212009699069,-713.9337578766264,34.58744309328051,-736.7932075675833,17.970269514885313,0.3240121514244707,999.0,999.0,0.0,689.5,461.7479507263676,0.32904890489048616
b1c27,25,474.0,1.095653,0.0013147347899861719,0.01752595344,6.514423400552348e-05,33.28040579705276,0.00013738346153843403,0.0,0.0,0.0,-0.0010603115925501483,0.0038494015494381947,-5.0641985964163075e-05,-738.1445238955807,-738.8656599796842,-0.7211360841034775,-743.8079159247135,14.217987405033101,-0.41320648963958106,0.0,0.0,0.0,319.68,466.0096754360364,2.3053846153846176
b1c27,50,474.0,1.096627078,0.0016466254603023716,0.0175340551,6.169306037092018e-05,33.308501785269776,7.657505402159486e-05,0.0,0.0,0.0,-0.0008529662379453623,0.0035290018617946868,-1.092816115669429e-05,-738.1445238955807,-727.9393774875682,10.205146408012524,-739.6437877013982,11.259536015935758,0.22515483192780492,0.0,0.0,0.0,359.733564472,479.4500406199804,4.7054473541032396
b1c27,100,474.0,1.0984702849999999,0.002774950754711693,0.01758962648,8.78313687803487e-05,33.303981946117254,8.46614743474347e-05,0.0,0.0,0.0,-0.0012850213366575238,0.004353433448440309,-1.345005145548528e-05,-738.1445238955807,-720.7264806252415,17.41804327033924,-735.7741319199162,10.855617582250904,0.18034114432899065,0.0,0.0,0.0,339.776782236,473.1516011623183,0.19419159897509802
b1c28,25,437.0,1.0926889480000002,0.001881558725763308,0.01643137868,0.0001830515918645278,32.1679893464027,0.00020317115384610535,0.0,0.0,0.0,-8.657600711314945e-06,4.2413408278956604e-05,9.98953928228648e-07,-725.5635362008766,-723.8919769588415,1.6715592420350731,-731.3061607962254,10.137976092209527,0.2305323140700257,0.0,3.0779223,3.0779223,3.8718085639999997,9.799647931248852,-0.28750719569230776
b1c28,50,437.0,1.09390771,0.0023775969781483185,0.0163524922,0.00019931936308858713,32.198152278120936,8.48982040816263e-05,0.0,0.0,0.0,-4.3288003556574726e-06,3.0301602489602303e-05,3.84551292099223e-07,-725.5635362008766,-717.836907052465,7.726629148411575,-729.5999184900521,11.270378437381574,0.16510110433926273,0.0,0.0,0.0,47.008379746,194.87913208684927,2.974178697339735
b1c28,100,437.0,1.094977019,0.002571800232276803,0.016281175090000002,0.00015993661263469957,32.14418070388791,6.027750555055604e-05,0.0,0.0,0.0,-2.1644001778287363e-06,2.1535509858109274e-05,1.1299298858151821e-07,-725.5635362008766,-705.3791600212159,20.184376179660717,-723.9750943840227,12.690056776794146,0.2314788871569279,0.0,0.0,0.0,49.394189872999995,194.65157577431503,-0.006256693626762702
b1c29,25,452.0,1.1055256359999999,0.0018086169066731605,0.01666781496,6.033058955288293e-05,31.843831271054842,0.00022715453846152754,0.0,0.0,0.0,-0.0017189168185732487,0.004308254153291332,9.330003456203359e-05,-743.8727893263855,-741.9248051467919,1.9479841795936181,-747.2977763779603,11.574585541491128,0.3288750267428829,0.0,0.0,0.0,359.68,479.49003910404645,13.059999999999993
b1c29,50,452.0,1.107157692,0.0023325147442912293,0.01667899774,5.3211427618063466e-05,31.840452359539405,0.00012807726290515312,0.0,0.0,0.0,-0.0022029446395505814,0.005388622151562707,-6.516559406076987e-06,-743.8727893263855,-735.0159373953163,8.856851931069173,-746.7221125794667,12.632338841279521,0.16115956102762097,0.0,0.0,0.0,299.92,457.6558462425669,-2.533685474189676
b1c29,100,452.0,1.109943851,0.0037636375067876884,0.01673359061,8.06337829446063e-05,31.797456695109688,0.00012138198679868386,0.0,0.0,0.0,-0.001835542825842178,0.004963571443006143,4.500815664952215e-06,-743.8727893263855,-724.5649384533887,19.307850872996823,-741.2290636245116,13.336153393511706,0.20560805489959502,0.0,0.0,0.0,299.98,457.6168480290034,-1.1707530753075308
b1c30,25,412.0,1.0965566480000002,0.0012340216575473866,0.017262149560000002,0.000283097972556651,33.76672194275549,3.259292307690582e-05,0.0,0.0,0.0,-0.0023394967058136475,0.004834216143971017,0.00011741352365910198,-735.3900694054447,-731.7187792942232,3.6712901112215377,-744.0472042243891,19.909380602277363,-0.21204842360409157,998.0,0.0,-998.0,400.36,488.7080830107069,12.326153846153847
b1c30,50,412.0,1.0959367660000001,0.0013053565492400973,0.01705838204,0.0002874119862603477,33.822203971433225,-4.3064091236493586e-05,0.0,0.0,0.0,-0.0024432537720182083,0.005880875453257605,2.199737434581761e-05,-735.3900694054447,-721.1174599112826,14.272609494162111,-737.682952135175,17.841275689640096,0.45458604425177157,998.0,999.0,1.0,380.08,484.50122146388856,2.3372869147659103
b1c30,100,412.0,1.0929991510000001,0.003440547934457396,0.016894066949999998,0.00026379506760773114,33.81003990939852,-8.347699429942548e-05,0.0,0.0,0.0,-0.0019620927730778686,0.004876912393240575,8.916100442544316e-06,-735.3900694054447,-706.1431725381767,29.246896867267992,-728.9544873254076,17.6658282952237,0.3660640542958841,998.0,999.0,1.0,340.03,472.94964753132024,-1.0333213321332118
b1c31,25,425.0,1.098856588,0.0006938799777021906,0.01655820632,0.00019853245817119596,33.41851784291195,-2.2748461538492066e-05,0.0,0.0,0.0,-0.00024365447453187847,0.0007399562909741946,2.70677512051001e-05,-740.1032836334696,-735.1937154999414,4.909568133528182,-741.1223681369665,5.915580962164451,0.38703108308034706,999.0,999.0,0.0,799.32,399.36036057676034,2.2938461538461543
b1c31,50,425.0,1.0983909299999999,0.0009472769977678255,0.01639723342,0.0002461778337782744,33.503596031688886,-3.461532292918537e-05,0.0,0.0,0.0,-0.0011399388521017146,0.003341893918662424,-4.352988131397689e-05,-740.1032836334696,-726.2141899767448,13.889093656724754,-738.7856237977356,7.970127727576197,0.1966859644182509,999.0,0.0,-999.0,679.78,465.3403610262063,-8.608739495798325
b1c31,100,425.0,1.099834485,0.0017779966301641333,0.01633070732,0.00022795270785774338,33.375923495204454,3.973058565856938e-05,0.0,0.0,0.0,-0.0006353717847456213,0.0024888274819247903,8.259167677149826e-06,-740.1032836334696,-714.3387310769748,25.764552556494777,-732.1702054375238,9.86201569712744,0.27655870588611525,999.0,999.0,0.0,799.43,399.1408086127,2.7179057905790542
b1c32,25,809.0,1.090987992,0.0016075901417762033,0.01483351728,9.92415090784076e-06,32.15753820045761,0.00016563923076921407,0.0,0.0,0.0,0.0,0.0,0.0,-742.3670887223432,-729.5397674704145,12.827321251928652,-739.1115155896305,9.849620569818459,-0.1851667792352728,0.0,40.0,40.0,55.56,193.71465200133935,8.343846153846153
b1c32,50,809.0,1.091623256,0.0014241071468341204,0.01481335484,2.3345161878522025e-05,32.182595837103804,5.824949819927304e-05,0.0,0.0,0.0,0.0,0.0,0.0,-742.3670887223432,-728.7489030144567,13.618185707886482,-738.341969544557,11.713329140975702,0.09031639542405796,0.0,0.0,0.0,55.48,193.81591678703793,0.1361824729891955
b1c32,100,809.0,1.0900312140000001,0.003025090166359353,0.01481114372,0.0001563620142223859,32.16783240841186,-5.306763036303036e-05,0.0,0.0,0.0,-8.16181528417753e-06,7.442057860619144e-05,-2.0675491318942082e-07,-742.3670887223432,-722.0262639180044,20.34082480433881,-732.9994543577639,11.186371100929147,0.19078696465614683,0.0,39.0,39.0,32.26,139.55039376511985,-0.6858205820582057
b1c33,25,1140.0,1.07423548,0.0005063151192686363,0.01500468516,5.1606953084002325e-05,32.6703210661894,3.857723076921151e-05,-0.0029822143872973773,0.0,0.0029822143872973773,-0.0024326870721097455,0.00654880444330286,-2.2683918595992962e-05,-743.6331446178226,-743.9091055115109,-0.2759608936883069,-746.8766431718295,8.090651143290243,0.03950256494302238,0.0,0.0,0.0,279.72,448.54988752646017,-2.305384615384613
b1c33,50,1140.0,1.0740470359999998,0.00041853845212118883,0.014990338760000001,4.165329924822766e-05,32.713470788593575,-8.814156062433222e-06,-0.0029822143872973773,-0.010365433465497531,-0.007383219078200155,-0.0025202439659777814,0.0058708299880898904,-7.202022514794337e-06,-743.6331446178226,-738.906927291628,4.7262173261946145,-744.7214686935395,6.558676455203607,0.15426950954119034,0.0,0.0,0.0,319.88,465.87314324824524,0.7775270108043206
b1c33,100,1140.0,1.0706076800000002,0.014878023980717333,0.01499290727,3.2987437380268e-05,32.73895611525105,-0.00012262329552955182,-0.0029822143872973773,0.0,0.0029822143872973773,-0.0023561363296091945,0.005417118739723035,-3.668674330501697e-06,-743.6331446178226,-731.2120412004496,12.421103417373047,-741.113704083171,8.706411282415488,0.1625138442308095,0.0,999.0,999.0,329.99,469.51893454897004,0.755541554155415
b1c34,25,1186.0,1.06839924,0.0006142205955518142,0.014965745279999998,4.677699835305371e-05,35.55545420251856,6.337369230767319e-05,0.0,0.0,0.0,-0.0027532783215744403,0.005339113352696009,1.7579433275578348e-05,-739.8606831716763,-741.2020845159078,-1.3414013442314854,-744.8905992087753,11.249620232161533,0.2997290755869952,0.0,0.0,0.0,280.16,448.27702863296486,-2.332307692307693
b1c34,50,1186.0,1.06842457,0.0004486020281942697,0.01494729024,4.136039162027357e-05,35.60210777408805,7.459529411755763e-06,0.0,-0.016940312755345525,-0.016940312755345525,-0.0032987290326802134,0.006721872384264489,-4.0571151530610625e-05,-739.8606831716763,-757.3040312651304,-17.44334809345412,-744.947357161353,10.070139131114727,0.022659435762441893,0.0,3.0,3.0,240.34,426.3321057579408,-2.100792316926768
b1c34,100,1186.0,1.0671250090000002,0.0020783332726054776,0.014954353830000003,4.501649777716049e-05,35.66583614425341,-5.2499185718570785e-05,0.0,0.0,0.0,-0.003324882856460534,0.006641931280804665,-1.379522072277174e-05,-739.8606831716763,-734.8962397332881,4.96444343838823,-742.223093569052,9.161200364979873,0.09448793747979597,0.0,999.0,999.0,211.36,406.1533828493861,-1.4013921392139206
b1c41,25,442.0,1.105410184,0.0005176006759500837,0.0,0.0,30.329867305024333,6.451307692294085e-06,0.0,0.0,0.0,0.0,0.0,0.0,-713.2196391011655,-1148.7490139175834,-435.5293748164179,-737.4969904304521,84.31701516606843,-3.840565627873576,0.0,0.0,0.0,268.12,328.53009846892263,-0.9723076923076951
b1c41,50,442.0,1.105907408,0.0008199475497469333,0.0,0.0,30.362798003772212,3.875703241295684e-05,0.0,0.0,0.0,0.0,0.0,0.0,-713.2196391011655,-710.0979649837453,3.1216741174201843,-781.6689957964419,155.6044085435402,-2.714371266537285,0.0,708.0,708.0,301.7,340.61692559237275,3.1762304921968765
b1c41,100,442.0,1.105940476,0.001762133826649951,0.0,0.0,30.20099354305731,2.4216604860485262e-05,0.0,0.0,0.0,0.0,0.0,0.0,-713.2196391011655,-708.1824236470462,5.037215454119291,-770.9347454124721,145.92506610475496,0.24140306116111676,0.0,833.0,833.0,368.39,363.17854823764026,3.198685868586859
b1c42,25,474.0,1.104423496,0.0012040479105018937,0.0,0.0,31.73095658480804,0.00013550623076919322,0.0,0.0,0.0,0.0,0.0,0.0,-698.6888185603501,-685.6075434772621,13.08127508308803,-700.8777577675636,7.513093912252335,0.11739690799106915,0.0,0.0,0.0,230.72,301.52817712446046,-1.6130769230769242
b1c42,50,474.0,1.105335402,0.0026046259466948533,0.0,0.0,31.747728336065297,5.0475961584619276e-05,0.0,0.0,0.0,0.0,0.0,0.0,-698.6888185603501,-691.3482360920946,7.340582468255548,-729.4997021680614,107.35877728955931,-2.2805289325677123,0.0,682.0,682.0,234.12,307.0173701926326,0.3125090036014392
b1c42,100,474.0,1.1070860530000002,0.0034265238646901384,0.0,0.0,31.71041325336692,8.596116471647726e-05,0.0,0.0,0.0,0.0,0.0,0.0,-698.6888185603501,-686.5764478702404,12.112370690109742,-754.8045408283692,147.83678998848026,-0.8122044601201809,0.0,0.0,0.0,206.67,309.4394304221749,-1.2642604260426051
b1c43,25,1029.0,1.10063484,0.0010935730578246652,0.0,0.0,33.26145909974273,6.149307692304629e-05,0.0,0.0,0.0,0.0,0.0,0.0,-714.7175001383598,-706.8027632005764,7.914736937783459,-712.4828703992303,8.2077303255358,0.11606508340940425,0.0,0.0,0.0,66.48,175.30912583205702,4.835384615384615
b1c43,50,1029.0,1.1005700900000002,0.0008616575111376863,0.0,0.0,33.677570022179474,4.5383865546122995e-06,0.0,0.0,0.0,0.0,0.0,0.0,-714.7175001383598,-715.8916353655874,-1.1741352272275662,-712.6278346303632,8.682040843827409,-0.02303913377706384,0.0,659.0,659.0,83.0,192.1972944658691,2.0830732292917156
b1c43,100,1029.0,1.098649702,0.00319914757990249,0.0,0.0,33.91860336356293,-6.995087428742419e-05,0.0,0.0,0.0,0.0,0.0,0.0,-714.7175001383598,-691.1877343280757,23.52976581028406,-724.5926374946623,77.23969769986681,-0.5711473114470342,0.0,0.0,0.0,68.85,176.11083867837323,-0.1748154815481551
b1c44,25,841.0,1.098271284,0.0005946401444100393,0.0,0.0,33.69284669067485,3.305338461538184e-05,0.0,0.0,0.0,0.0,0.0,0.0,-747.1536785243305,-716.5655493378773,30.588129186453216,-753.0782441364807,128.3184320186154,-6.245378288484356,0.0,0.0,0.0,39.12,127.80307351546753,4.5638461538461526
b1c44,50,841.0,1.098306286,0.0006038369273272293,0.0,0.0,33.89385006082362,7.98835534212483e-06,0.0,0.0,0.0,0.0,0.0,0.0,-747.1536785243305,-709.4012895021883,37.75238902214221,-745.8315589881623,115.94172966872893,-0.6319801442449731,0.0,0.0,0.0,51.16,155.22079242163403,1.7973589435774304
b1c44,100,841.0,1.0976301800000001,0.0012777387114742964,0.0,0.0,33.956934554468496,-2.3820940894082697e-05,0.0,0.0,0.0,0.0,0.0,0.0,-747.1536785243305,-715.396746077142,31.756932447188547,-745.7349521257415,115.68764339905383,-0.05977566037063335,0.0,0.0,0.0,73.0,189.36710379577548,0.8108010801080106
b1c45,25,997.0,1.1037396320000001,0.0006462668363578372,0.0,0.0,35.311343961911156,3.173038461536416e-05,0.0,0.0,0.0,0.0,0.0,0.0,-712.4693647710521,-753.9721561922133,-41.50279142116119,-719.3946249313055,21.55251168523009,-0.5696227629127304,40.0,39.0,-1.0,21.44,22.768539698452336,-0.9707692307692304
b1c45,50,997.0,1.103506834,0.0007181355144009894,0.0,0.0,35.32200359513868,-1.0132297719095923e-05,0.0,0.0,0.0,0.0,0.0,0.0,-712.4693647710521,-703.2544462144122,9.214918556639986,-725.4262249052482,63.30485398948924,-0.8441837101420699,40.0,0.0,-40.0,25.18,23.733259363180608,0.01867947178871545
b1c45,100,997.0,1.1012386699999999,0.008273954729057925,0.0,0.0,35.27071288818467,-7.502379357935219e-05,0.0,0.0,0.0,0.0,0.0,0.0,-712.4693647710521,-709.2250371886129,3.2443275824392686,-736.1180626993839,88.31888885223626,-0.45530958875425787,40.0,55.0,15.0,57.1,141.94523591864575,1.0899969996999699
b1c46,25,503.0,1.1018005640000001,0.0011433119430426832,0.0,0.0,29.905086378954607,3.939484615381264e-05,0.0,0.0,0.0,0.0,0.0,0.0,-720.5143979609896,-717.3796898017349,3.1347081592547283,-722.8763827036305,10.95023055298707,0.009049276470137962,0.0,664.0,664.0,297.56,335.78696579825726,1.075384615384612
b1c46,50,503.0,1.102311524,0.001981721514800701,0.0,0.0,29.865094085772906,3.028852821128258e-05,0.0,0.0,0.0,0.0,0.0,0.0,-720.5143979609896,-715.313054682249,5.201343278740637,-757.4153029436512,118.4485995258583,-2.123792020297143,0.0,0.0,0.0,288.3,338.98072216573024,-0.4424009603841548
b1c46,100,503.0,1.1025293669999998,0.002316391841466162,0.0,0.0,29.88032329687331,2.0994628862883526e-05,0.0,0.0,0.0,0.0,0.0,0.0,-720.5143979609896,-712.5220562413748,7.992341719614842,-760.5591488837293,131.17228380467375,-0.6343154467483952,0.0,0.0,0.0,280.793809978,344.033888283659,-1.2341156416921681
