cell_id,dataset_prefix,stored_cycle_life,q0,q0_source,eol_80pct_q0_cycle,eol_80pct_q0_label,is_censored_80pct_q0,eol_85pct_q0_cycle,eol_85pct_q0_label,is_censored_85pct_q0,eol_88ah_cycle,eol_88ah_label,is_censored_88ah,observed_cycle_count,gap_to_stored_cycle_life,needs_relabel,last_valid_qd,merge_status,kept_for_modeling
b1c0,b1,1852.0,1.0722049999999999,median_qd_cycles_2_to_5,1980.0,1980.0,0,1946.0,1946.0,0,1966.0,1966.0,0,1995,-143.0,0,0.8264814,continued_from_b2c7,1
b1c1,b1,2160.0,1.0769552999999998,median_qd_cycles_2_to_5,2098.0,2098.0,0,2053.0,2053.0,0,2082.0,2082.0,0,2125,35.0,1,0.8255862,continued_from_b2c8,1
b1c10,b1,906.0,1.07650055,median_qd_cycles_2_to_5,,906.0,1,,906.0,1,,906.0,1,905,1.0,0,0.96101874,native,0
b1c11,b1,788.0,1.0554554999999999,median_qd_cycles_2_to_5,,788.0,1,771.0,771.0,0,,788.0,1,787,1.0,0,0.88054359,native,1
b1c12,b1,902.0,1.0790142999999999,median_qd_cycles_2_to_5,,902.0,1,897.0,897.0,0,,902.0,1,901,1.0,0,0.91311944,native,0
b1c13,b1,897.0,1.0814757,median_qd_cycles_2_to_5,,897.0,1,,897.0,1,,897.0,1,896,1.0,0,0.92313582,native,0
b1c14,b1,880.0,1.0722955,median_qd_cycles_2_to_5,,880.0,1,845.0,845.0,0,,880.0,1,879,1.0,0,0.8800649,native,1
b1c15,b1,719.0,1.063235,median_qd_cycles_2_to_5,,719.0,1,699.0,699.0,0,,719.0,1,718,1.0,0,0.88298881,native,1
b1c16,b1,862.0,1.08287165,median_qd_cycles_2_to_5,,862.0,1,824.0,824.0,0,,862.0,1,861,1.0,0,0.88096577,native,1
b1c17,b1,857.0,1.07360355,median_qd_cycles_2_to_5,,857.0,1,825.0,825.0,0,,857.0,1,856,1.0,0,0.8832469,native,1
b1c18,b1,691.0,1.06710325,median_qd_cycles_2_to_5,,691.0,1,665.0,665.0,0,,691.0,1,690,1.0,0,0.88114411,native,1
b1c19,b1,788.0,1.0866476999999999,median_qd_cycles_2_to_5,,788.0,1,740.0,740.0,0,,788.0,1,787,1.0,0,0.88093972,native,1
b1c2,b1,2237.0,1.0817747,median_qd_cycles_2_to_5,1976.0,1976.0,0,1945.0,1945.0,0,1967.0,1967.0,0,1995,242.0,1,0.82610458,continued_from_b2c9,1
b1c20,b1,534.0,1.07410775,median_qd_cycles_2_to_5,,534.0,1,504.0,504.0,0,,534.0,1,533,1.0,0,0.88078493,native,1
b1c21,b1,559.0,1.0840401499999999,median_qd_cycles_2_to_5,,559.0,1,535.0,535.0,0,,559.0,1,558,1.0,0,0.88016534,native,1
b1c22,b1,891.0,1.08099815,median_qd_cycles_2_to_5,,891.0,1,,891.0,1,,891.0,1,890,1.0,0,0.96327895,native,0
b1c23,b1,1014.0,1.0809316,median_qd_cycles_2_to_5,,1014.0,1,974.0,974.0,0,,1014.0,1,1013,1.0,0,0.88066453,native,1
b1c24,b1,1017.0,1.0758532500000002,median_qd_cycles_2_to_5,,1017.0,1,979.0,979.0,0,,1017.0,1,1016,1.0,0,0.88046598,native,1
b1c25,b1,854.0,1.0765048,median_qd_cycles_2_to_5,,854.0,1,817.0,817.0,0,,854.0,1,853,1.0,0,0.88019997,native,1
b1c26,b1,870.0,1.0891754,median_qd_cycles_2_to_5,,870.0,1,826.0,826.0,0,,870.0,1,869,1.0,0,0.88105017,native,1
b1c27,b1,842.0,1.0804401499999998,median_qd_cycles_2_to_5,,842.0,1,809.0,809.0,0,,842.0,1,841,1.0,0,0.88130057,native,1
b1c28,b1,860.0,1.07937775,median_qd_cycles_2_to_5,,860.0,1,815.0,815.0,0,,860.0,1,859,1.0,0,0.88058227,native,1
b1c29,b1,917.0,1.0809752000000001,median_qd_cycles_2_to_5,,917.0,1,872.0,872.0,0,,917.0,1,916,1.0,0,0.88035375,native,1
b1c3,b1,1434.0,1.08161105,median_qd_cycles_2_to_5,1626.0,1626.0,0,1606.0,1606.0,0,1621.0,1621.0,0,1639,-205.0,0,0.82608759,continued_from_b2c15,1
b1c30,b1,709.0,1.08151455,median_qd_cycles_2_to_5,,709.0,1,679.0,679.0,0,,709.0,1,708,1.0,0,0.88054287,native,1
b1c31,b1,876.0,1.0963314,median_qd_cycles_2_to_5,,876.0,1,827.0,827.0,0,,876.0,1,875,1.0,0,0.88099223,native,1
b1c32,b1,731.0,1.0792755,median_qd_cycles_2_to_5,,731.0,1,694.0,694.0,0,,731.0,1,730,1.0,0,0.88080907,native,1
b1c33,b1,757.0,1.0942233,median_qd_cycles_2_to_5,,757.0,1,708.0,708.0,0,,757.0,1,756,1.0,0,0.88011229,native,1
b1c34,b1,742.0,1.07806275,median_qd_cycles_2_to_5,,742.0,1,714.0,714.0,0,,742.0,1,741,1.0,0,0.88205445,native,1
b1c35,b1,703.0,1.07233895,median_qd_cycles_2_to_5,,703.0,1,676.0,676.0,0,,703.0,1,702,1.0,0,0.8802399,native,1
b1c36,b1,704.0,1.0795122,median_qd_cycles_2_to_5,,704.0,1,670.0,670.0,0,,704.0,1,703,1.0,0,0.88231802,native,1
b1c37,b1,648.0,1.0763612999999999,median_qd_cycles_2_to_5,,648.0,1,622.0,622.0,0,,648.0,1,647,1.0,0,0.88336319,native,1
b1c38,b1,617.0,1.074173,median_qd_cycles_2_to_5,,617.0,1,592.0,592.0,0,,617.0,1,616,1.0,0,0.88110942,native,1
b1c39,b1,625.0,1.08353305,median_qd_cycles_2_to_5,,625.0,1,592.0,592.0,0,,625.0,1,624,1.0,0,0.88011074,native,1
b1c4,b1,1709.0,1.0793795,median_qd_cycles_2_to_5,1708.0,1708.0,0,1681.0,1681.0,0,1698.0,1698.0,0,1725,-16.0,0,0.82648873,continued_from_b2c16,1
b1c40,b1,966.0,1.0850124,median_qd_cycles_2_to_5,,966.0,1,919.0,919.0,0,,966.0,1,965,1.0,0,0.88060951,native,1
b1c41,b1,1051.0,1.0806673,median_qd_cycles_2_to_5,,1051.0,1,1005.0,1005.0,0,,1051.0,1,1050,1.0,0,0.88106161,native,1
b1c42,b1,702.0,1.08175435,median_qd_cycles_2_to_5,,702.0,1,661.0,661.0,0,,702.0,1,701,1.0,0,0.88035142,native,1
b1c43,b1,651.0,1.069749,median_qd_cycles_2_to_5,,651.0,1,626.0,626.0,0,,651.0,1,650,1.0,0,0.88044435,native,1
b1c44,b1,616.0,1.08643345,median_qd_cycles_2_to_5,,616.0,1,575.0,575.0,0,,616.0,1,615,1.0,0,0.88048309,native,1
b1c45,b1,599.0,1.08563255,median_qd_cycles_2_to_5,,599.0,1,563.0,563.0,0,,599.0,1,598,1.0,0,0.88104212,native,1
b1c5,b1,1074.0,1.07712635,median_qd_cycles_2_to_5,,1074.0,1,909.0,909.0,0,,1074.0,1,1073,1.0,0,0.88053626,native,1
b1c6,b1,636.0,1.0778327,median_qd_cycles_2_to_5,,636.0,1,613.0,613.0,0,,636.0,1,635,1.0,0,0.8800565,native,1
b1c7,b1,870.0,1.09553235,median_qd_cycles_2_to_5,,870.0,1,818.0,818.0,0,,870.0,1,869,1.0,0,0.88110596,native,1
b1c8,b1,879.0,1.0916926999999998,median_qd_cycles_2_to_5,,879.0,1,,879.0,1,,879.0,1,878,1.0,0,0.96902454,native,0
b1c9,b1,1054.0,1.08395785,median_qd_cycles_2_to_5,,1054.0,1,1012.0,1012.0,0,,1054.0,1,1053,1.0,0,0.8809284,native,1
b2c0,b2,477.0,1.1032914,median_qd_cycles_2_to_5,475.0,475.0,0,453.0,453.0,0,477.0,477.0,0,496,-19.0,0,0.82661337,native,1
b2c1,b2,491.0,1.1060249999999998,median_qd_cycles_2_to_5,489.0,489.0,0,461.0,461.0,0,491.0,491.0,0,513,-22.0,0,0.82848173,native,1
b2c10,b2,492.0,1.1097725999999999,median_qd_cycles_2_to_5,489.0,489.0,0,461.0,461.0,0,492.0,492.0,0,519,-27.0,0,0.82791102,native,1
b2c11,b2,449.0,1.0970887,median_qd_cycles_2_to_5,450.0,450.0,0,430.0,430.0,0,449.0,449.0,0,468,-19.0,0,0.82524824,native,1
b2c12,b2,466.0,1.1030378,median_qd_cycles_2_to_5,465.0,465.0,0,435.0,435.0,0,466.0,466.0,0,493,-27.0,0,0.82528538,native,1
b2c13,b2,460.0,1.0957949,median_qd_cycles_2_to_5,462.0,462.0,0,436.0,436.0,0,460.0,460.0,0,483,-23.0,0,0.82574999,native,1
b2c14,b2,426.0,1.0845337000000002,median_qd_cycles_2_to_5,433.0,433.0,0,403.0,403.0,0,426.0,426.0,0,461,-35.0,0,0.82618046,native,1
b2c15,b2,396.0,1.0700319999999999,median_qd_cycles_2_to_5,404.0,404.0,0,385.0,385.0,0,396.0,396.0,0,414,-18.0,0,0.82608759,native,1
b2c16,b2,472.0,1.0960515,median_qd_cycles_2_to_5,475.0,475.0,0,447.0,447.0,0,472.0,472.0,0,499,-27.0,0,0.82648873,native,1
b2c17,b2,471.0,1.0918908,median_qd_cycles_2_to_5,474.0,474.0,0,447.0,447.0,0,471.0,471.0,0,494,-23.0,0,0.8272146,native,1
b2c18,b2,449.0,1.07619675,median_qd_cycles_2_to_5,456.0,456.0,0,437.0,437.0,0,449.0,449.0,0,467,-18.0,0,0.82719898,native,1
b2c19,b2,392.0,1.09146485,median_qd_cycles_2_to_5,396.0,396.0,0,375.0,375.0,0,392.0,392.0,0,411,-19.0,0,0.82597393,native,1
b2c2,b2,424.0,1.0751113499999998,median_qd_cycles_2_to_5,430.0,430.0,0,415.0,415.0,0,424.0,424.0,0,439,-15.0,0,0.82700932,native,1
b2c20,b2,489.0,1.09799415,median_qd_cycles_2_to_5,490.0,490.0,0,471.0,471.0,0,489.0,489.0,0,506,-17.0,0,0.82856864,native,1
b2c21,b2,408.0,1.0992943,median_qd_cycles_2_to_5,408.0,408.0,0,386.0,386.0,0,408.0,408.0,0,426,-18.0,0,0.82783753,native,1
b2c22,b2,,1.09217965,median_qd_cycles_2_to_5,,921.0,1,,921.0,1,,921.0,1,920,,0,1.0556005,native,1
b2c23,b2,,1.09050145,median_qd_cycles_2_to_5,,1153.0,1,,1153.0,1,,1153.0,1,1152,,0,0.97824305,native,1
b2c24,b2,514.0,1.0931600000000001,median_qd_cycles_2_to_5,518.0,518.0,0,490.0,490.0,0,514.0,514.0,0,536,-22.0,0,0.82615805,native,1
b2c25,b2,493.0,1.0991886,median_qd_cycles_2_to_5,493.0,493.0,0,475.0,475.0,0,493.0,493.0,0,511,-18.0,0,0.82751423,native,1
b2c26,b2,450.0,1.1053247,median_qd_cycles_2_to_5,449.0,449.0,0,423.0,423.0,0,450.0,450.0,0,476,-26.0,0,0.82529837,native,1
b2c27,b2,474.0,1.0944814,median_qd_cycles_2_to_5,476.0,476.0,0,455.0,455.0,0,474.0,474.0,0,493,-19.0,0,0.8266983,native,1
b2c28,b2,437.0,1.09018045,median_qd_cycles_2_to_5,440.0,440.0,0,416.0,416.0,0,437.0,437.0,0,456,-19.0,0,0.82741743,native,1
b2c29,b2,452.0,1.1030163000000002,median_qd_cycles_2_to_5,451.0,451.0,0,432.0,432.0,0,452.0,452.0,0,470,-18.0,0,0.82541627,native,1
b2c3,b2,499.0,1.0970362,median_qd_cycles_2_to_5,500.0,500.0,0,473.0,473.0,0,499.0,499.0,0,517,-18.0,0,0.82550967,native,1
b2c30,b2,412.0,1.0955093,median_qd_cycles_2_to_5,414.0,414.0,0,396.0,396.0,0,412.0,412.0,0,429,-17.0,0,0.82665932,native,1
b2c31,b2,425.0,1.0990029,median_qd_cycles_2_to_5,426.0,426.0,0,404.0,404.0,0,425.0,425.0,0,446,-21.0,0,0.82528561,native,1
b2c32,b2,809.0,1.088943,median_qd_cycles_2_to_5,811.0,811.0,0,778.0,778.0,0,809.0,809.0,0,834,-25.0,0,0.82744044,native,1
b2c33,b2,1140.0,1.0737388,median_qd_cycles_2_to_5,1161.0,1161.0,0,1100.0,1100.0,0,1140.0,1140.0,0,1190,-50.0,0,0.82506907,native,1
b2c34,b2,1186.0,1.0675536499999998,median_qd_cycles_2_to_5,1220.0,1220.0,0,1147.0,1147.0,0,1186.0,1186.0,0,1252,-66.0,0,0.82562441,native,1
b2c35,b2,,1.0688482499999998,median_qd_cycles_2_to_5,,424.0,1,64.0,64.0,0,,424.0,1,423,,0,0.88112044,native,1
b2c36,b2,,1.07167425,median_qd_cycles_2_to_5,,281.0,1,67.0,67.0,0,,281.0,1,280,,0,0.88107425,native,1
b2c37,b2,,1.0837548,median_qd_cycles_2_to_5,,102.0,1,,102.0,1,,102.0,1,101,,0,2.1693008,native,1
b2c38,b2,,1.08479165,median_qd_cycles_2_to_5,,102.0,1,,102.0,1,,102.0,1,101,,0,2.1653843,native,1
b2c39,b2,,1.0726831,median_qd_cycles_2_to_5,,435.0,1,417.0,417.0,0,,435.0,1,434,,0,0.88120419,native,1
b2c4,b2,444.0,1.0897706500000002,median_qd_cycles_2_to_5,446.0,446.0,0,421.0,421.0,0,444.0,444.0,0,464,-20.0,0,0.82712674,native,1
b2c40,b2,,1.08460085,median_qd_cycles_2_to_5,,460.0,1,436.0,436.0,0,,460.0,1,459,,0,0.88021344,native,1
b2c41,b2,442.0,1.1051571500000001,median_qd_cycles_2_to_5,440.0,440.0,0,416.0,416.0,0,442.0,442.0,0,463,-21.0,0,0.82606894,native,1
b2c42,b2,474.0,1.1028723,median_qd_cycles_2_to_5,472.0,472.0,0,447.0,447.0,0,474.0,474.0,0,497,-23.0,0,0.82577723,native,1
b2c43,b2,1029.0,1.1005713,median_qd_cycles_2_to_5,1028.0,1028.0,0,984.0,984.0,0,1029.0,1029.0,0,1061,-32.0,0,0.82532436,native,1
b2c44,b2,841.0,1.09780235,median_qd_cycles_2_to_5,842.0,842.0,0,808.0,808.0,0,841.0,841.0,0,874,-33.0,0,0.82503617,native,1
b2c45,b2,997.0,1.1029977,median_qd_cycles_2_to_5,996.0,996.0,0,947.0,947.0,0,997.0,997.0,0,1027,-30.0,0,0.82734823,native,1
b2c46,b2,503.0,1.1016553,median_qd_cycles_2_to_5,503.0,503.0,0,475.0,475.0,0,503.0,503.0,0,523,-20.0,0,0.82638663,native,1
b2c5,b2,416.0,1.0989053,median_qd_cycles_2_to_5,416.0,416.0,0,375.0,375.0,0,416.0,416.0,0,445,-29.0,0,0.8261537,native,1
b2c6,b2,393.0,1.08936235,median_qd_cycles_2_to_5,398.0,398.0,0,374.0,374.0,0,393.0,393.0,0,409,-16.0,0,0.82940364,native,1
b2c7,b2,777.0,1.09111585,median_qd_cycles_2_to_5,782.0,782.0,0,747.0,747.0,0,777.0,777.0,0,806,-29.0,0,0.8264814,native,1
b2c8,b2,904.0,1.09091235,median_qd_cycles_2_to_5,910.0,910.0,0,863.0,863.0,0,904.0,904.0,0,947,-43.0,0,0.8255862,native,1
b2c9,b2,791.0,1.09725765,median_qd_cycles_2_to_5,792.0,792.0,0,761.0,761.0,0,791.0,791.0,0,819,-28.0,0,0.82610458,native,1
b3c0,b3,,1.0531093999999999,median_qd_cycles_2_to_5,,814.0,1,,814.0,1,,814.0,1,813,,0,1.0255854,native,1
b3c1,b3,,0.96712121,median_qd_cycles_2_to_5,,241.0,1,,241.0,1,,241.0,1,240,,0,0.88019198,native,1
