cell_id,n_cycles,cycle_life,dqdv_peak_first,dqdv_peak_last,dqdv_peak_delta,dqdv_peak_mean,dqdv_peak_std,dqdv_peak_slope,dqdv_area_first,dqdv_area_last,dqdv_area_delta,dqdv_area_mean,dqdv_area_std,dqdv_area_slope,dqdv_var_first,dqdv_var_last,dqdv_var_delta,dqdv_var_mean,dqdv_var_std,dqdv_var_slope
b1c0,25,477.0,0.0,0.0,0.0,-0.0005539346298617256,0.002054849068411866,2.424354095113515e-05,-772.4398502250881,-775.918284508938,-3.4784342838498787,-748.3334110555547,8.318481782926193,0.07789029816947628,2.3589395687009787,2.4270450632692238,0.0681054945682451,2.1268567352945182,0.08420544075128784,-0.0006016648092269498
b1c0,50,477.0,0.0,0.0,0.0,-0.0009746032582893429,0.003213743855703217,-6.6949873318298765e-06,-772.4398502250881,-736.1615576348702,36.278292590217916,-747.0974410181734,9.417282992260672,0.08822179257605059,2.3589395687009787,2.034862399977694,-0.3240771687232846,2.08851874202764,0.08193739436935718,-0.0026212631913890357
b1c0,100,477.0,0.0,0.0,0.0,-0.0013170236001507074,0.004020904385273432,-1.087882966103252e-05,-772.4398502250881,-724.2399415207627,48.19990870432537,-741.4597144544952,10.4392126524832,0.215402501413706,2.3589395687009787,1.8906336404306299,-0.4683059282703488,2.0299305004866794,0.09481055963206145,-0.002433695546215021
b1c1,25,491.0,0.0,0.0,0.0,-0.0008240968326640842,0.004037233477341559,1.3784374543106524e-20,-748.5488841400856,-745.0853198006704,3.4635643394152567,-750.5474898742193,8.787434485843573,0.09224467940075248,2.1887594735996942,2.1406719615701046,-0.04808751202958961,2.2131127489587903,0.08086419570771998,-0.0023959840490764966
b1c1,50,491.0,0.0,0.0,0.0,-0.0005455727505235947,0.003013798705129157,1.3512265814157757e-05,-748.5488841400856,-737.0724304134284,11.476453726657269,-748.1893262114095,9.474283695122894,0.16296807163974794,2.1887594735996942,2.0229946799731833,-0.16576479362651098,2.167597447801517,0.08870870405269816,-0.0033238261741950436
b1c1,100,491.0,0.0,-0.009581704997614094,-0.009581704997614094,-0.000738202336423722,0.0029847274924984894,-6.517144950494665e-06,-748.5488841400856,-722.1317151428344,26.417168997251224,-739.5215567082768,12.281418015572571,0.3237000389569685,2.1887594735996942,1.913936850051439,-0.27482262354825515,2.088653112062461,0.11113912322930569,-0.0032788146540492255
b1c2,25,424.0,0.0,0.0,0.0,-5.8791310113628944e-06,2.8801742217623805e-05,-6.783612705418722e-07,-719.6867617223438,-716.6192971365437,3.067464585800167,-725.8866191107976,14.908956106547091,0.5537318608256102,1.9503957147760846,1.898858354032569,-0.05153736074351567,2.032087068808376,0.27215140885423134,-0.011082242898933614
b1c2,50,424.0,0.0,0.0,0.0,-1.7762512138039402e-05,7.572386572228992e-05,-5.893858733848092e-07,-719.6867617223438,-711.5892853938363,8.097476328507469,-722.6254630907964,15.43033015608883,0.39739280934109533,1.9503957147760846,1.833438568364452,-0.11695714641163257,1.9657858534244368,0.23345514680399987,-0.006566930252993725
b1c2,100,424.0,0.0,0.0,0.0,-1.088812955462267e-05,5.522966617283515e-05,1.4707117594871404e-07,-719.6867617223438,-701.7329825980262,17.953779124317634,-717.4171052781762,14.50248365923422,0.2327169610653986,1.9503957147760846,1.7319145446207826,-0.218481170155302,1.9021207497411587,0.22079646376680728,-0.0031145476706260053
b1c3,25,499.0,0.0,0.0,0.0,-0.0057568762211202915,0.00834929551578508,-8.976964403703958e-06,-745.0560677674491,-747.5831458746468,-2.527078107197667,-752.2269372172345,11.016305916746942,0.2135148359944709,2.325006890280294,2.2868368870034868,-0.03817000327680731,2.3582894163647548,0.12032743939358669,-0.005207724303026495
b1c3,50,499.0,0.0,0.0,0.0,-0.0036016406832457258,0.006759733816382515,0.00014567086908109328,-745.0560677674491,-774.8040580511273,-29.747990283678178,-750.9191559092853,11.874485792618149,0.15894002730599321,2.325006890280294,2.5713676372053205,0.2463607469250264,2.33802288976142,0.13389150865988694,-0.0023906748752804564
b1c3,100,499.0,0.0,-0.0069179801617737504,-0.0069179801617737504,-0.002427350984477165,0.005588377165415448,5.179284306008772e-05,-745.0560677674491,-740.3426909235542,4.713376843894935,-748.3417751708707,10.38110955769807,0.11722059364452847,2.325006890280294,2.1030749930469623,-0.22193189723333173,2.280611953676995,0.12010968419999928,-0.0024536514610528125
b1c4,25,444.0,0.0,0.0,0.0,0.0,0.0,0.0,-732.0638059186269,-724.7576473672755,7.306158551351473,-733.4470203705523,13.845911744814568,0.6070495724484235,2.01670045032025,1.9042295664616349,-0.11247088385861526,2.025382207241041,0.21539435147852865,-0.008318573266327536
b1c4,50,444.0,0.0,0.0,0.0,0.0,0.0,0.0,-732.0638059186269,-716.31301509389,15.750790824736896,-727.7009468991965,11.837752904507479,0.45023830171270024,2.01670045032025,1.874504286979695,-0.14219616334055507,1.9551762512850457,0.16851567395016961,-0.005518958046997064
b1c4,100,444.0,0.0,0.0,0.0,-1.653775614988958e-06,1.2931125845271258e-05,-5.1056279007570883e-08,-732.0638059186269,-702.949897668058,29.113908250568898,-721.4200566552641,13.282805199040775,0.2890339171587977,2.01670045032025,1.691829365413257,-0.3248710849069931,1.8983835143140806,0.17066198874094193,-0.002836259805029121
b1c5,25,416.0,0.0,0.0,0.0,-0.0008229639532900657,0.0040316835245286205,1.58262298709628e-05,-745.7331192248361,-737.8626973466334,7.870421878202706,-743.186005262275,4.282137341136792,0.4079415277048182,2.2920959200786473,2.1390868277385677,-0.15300909234007953,2.20698848677575,0.04542048848905727,-0.006193939858493133
b1c5,50,416.0,0.0,0.0,0.0,-0.00041148197664503286,0.0028803738365152302,2.6674701967385064e-05,-745.7331192248361,-725.6432431238815,20.089876100954598,-738.0937374966285,9.186107591693473,0.4604419973894293,2.2920959200786473,2.0654288343384786,-0.2266670857401687,2.1360500048926174,0.10232896277615702,-0.005907087953384606
b1c5,100,416.0,0.0,0.0,0.0,-0.00020574098832251643,0.0020470969867880354,9.506184278928155e-06,-745.7331192248361,-706.2036366072904,39.52948261754568,-728.5436913600595,12.66576158179332,0.3986116196321362,2.2920959200786473,1.8294611862140484,-0.46263473386459886,2.040445021705623,0.12853919511567263,-0.004169692543050834
b1c6,25,393.0,0.0,0.0,0.0,0.0,0.0,0.0,-728.7349130087454,-729.1308064410148,-0.39589343226941764,-731.8518628613062,6.011798142479092,0.12844771056052862,2.1742313193819993,2.0804729175722794,-0.09375840180971995,2.1439219823545788,0.05647533950555196,-0.0046919355124653795
b1c6,50,393.0,0.0,0.0,0.0,0.0,0.0,0.0,-728.7349130087454,-729.9879882909692,-1.25307528222379,-732.3426041440778,8.835284308734899,0.0023975778108329257,2.1742313193819993,2.1286293746201266,-0.04560194476187274,2.13038039529284,0.1062383309935087,-0.0017939235839212182
b1c6,100,393.0,0.0,0.0,0.0,0.0,0.0,0.0,-728.7349130087454,-721.3336970296991,7.401215979046242,-730.2973885235922,10.760640809546734,0.07276958467722469,2.1742313193819993,1.9222894462080724,-0.2519418731739269,2.088581394711748,0.11877047200675961,-0.0017749841200348504
b1c7,25,777.0,0.0,0.0,0.0,0.0,0.0,0.0,-735.1353112486429,-734.4342406879233,0.701070560719586,-738.0965935344334,3.116800207797412,0.06094495073017938,1.9466093184797533,1.928588477995048,-0.018020840484705314,1.9600390524251219,0.02191019655587718,-0.001274033979721313
b1c7,50,777.0,0.0,0.0,0.0,-0.00027409195111189683,0.0019186436577832778,-1.5135930073406065e-05,-735.1353112486429,-734.7987983352975,0.33651291334535927,-738.4850396401152,5.900438224197175,-0.045678798209731655,1.9466093184797533,1.8912105341417222,-0.055398784338031026,1.9527264990961322,0.06539542147813819,-0.0005180244639569904
b1c7,100,777.0,0.0,0.0,0.0,-0.00041554038542134376,0.0022126945634946653,-5.7936565059968665e-06,-735.1353112486429,-752.1798880555948,-17.04457680695191,-737.6424297376412,7.745402838136926,-0.0035358681856039755,1.9466093184797533,1.9467725235771873,0.00016320509743406042,1.934650804845174,0.06713079363235848,-0.0004644176952936759
b1c8,25,904.0,0.0,0.0,0.0,-1.6502722048471478e-05,8.084649677146536e-05,9.520801181810472e-07,-732.9587754137607,-731.5310525002294,1.4277229135312837,-738.5742024579796,10.44241401629293,0.04746152710149257,2.0322639294549436,2.0459352061394642,0.013671276684520617,2.09400129222786,0.1176073667966566,0.0009833907980037527
b1c8,50,904.0,0.0,0.0,0.0,-8.251361024235739e-06,5.775952716965018e-05,6.141469189707272e-07,-732.9587754137607,-740.1571274997347,-7.198352085973966,-737.3441861603222,10.95090154699053,0.022729035945219717,2.0322639294549436,2.0125256005824417,-0.01973832887250193,2.0789456292701303,0.1194036567884003,-0.0002665630448162535
b1c8,100,904.0,0.0,0.0,0.0,-4.1256805121178695e-06,4.105000279072888e-05,2.005281257014986e-07,-732.9587754137607,-726.2577351643893,6.701040249371431,-733.9549425587388,14.375056978078224,0.12416826035106025,2.0322639294549436,1.929066165847832,-0.10319776360711153,2.0420159993892404,0.1387364327057822,-0.0013154494787709105
b1c9,25,791.0,0.0,0.0,0.0,-0.0005859826873553122,0.0026243265155823665,2.1565187465611984e-05,-740.4284771065785,-742.6234852445642,-2.195008137985724,-750.8612434536522,20.114635811891127,-0.1301786221553883,2.178076597006459,2.1363476801499397,-0.04172891685651914,2.218219674971717,0.2695426363292472,-0.001433059263044526
b1c9,50,791.0,0.0,0.0,0.0,-0.0007990509864603796,0.0033400627257166937,-1.0280825332006392e-05,-740.4284771065785,-741.07543184896,-0.6469547423814674,-748.2757571814677,16.14098748348508,0.16163498831436604,2.178076597006459,2.037706329486512,-0.14037026751994697,2.1663145717746013,0.23083475098289244,-0.003866407490562181
b1c9,100,791.0,0.0,0.0,0.0,-0.0007887080494361711,0.003499156040047266,-6.5873106035223915e-06,-740.4284771065785,-736.2382319475615,4.190245159016968,-743.993037945185,13.983020411047901,0.1510064600378342,2.178076597006459,2.036372640188569,-0.14170395681788994,2.1100677688446323,0.18182719512357345,-0.002232670983941455
b1c10,25,492.0,0.0,0.0,0.0,0.0,0.0,0.0,-752.854028760159,-742.1544709348735,10.699557825285524,-739.3278021299046,4.413809821815109,0.13438635002744162,2.153937693670304,2.0514987638642532,-0.10243892980605063,2.0899416073279373,0.0365433069678973,-0.0030722465080144632
b1c10,50,492.0,0.0,0.0,0.0,0.0,0.0,0.0,-752.854028760159,-727.5326354223477,25.3213933378114,-737.6857809069234,9.25683721262874,0.14431053541401764,2.153937693670304,2.0273189158842997,-0.12661877778600417,2.067093748452744,0.07888296993743936,-0.0019616842215262834
b1c10,100,492.0,0.0,0.0,0.0,0.0,0.0,0.0,-752.854028760159,-720.6451293255928,32.208899434566206,-731.7613857785508,11.222959568459855,0.21569589044651033,2.153937693670304,1.895119862217276,-0.25881783145302784,2.015897457004347,0.10469991325938809,-0.002026225564856283
b1c11,25,449.0,0.0,0.0,0.0,-0.0002487264517590756,0.0012185057846854212,5.261521094903524e-05,-753.3860151768129,-741.6234117709846,11.762603405828258,-740.7834757532906,5.738128942943448,0.14582111631583508,2.1366012338791087,2.0061816539753883,-0.13041957990372044,2.0569245294566962,0.054555504818095006,-0.002895053416471369
b1c11,50,449.0,0.0,0.0,0.0,-0.00032506880320753653,0.0016376132966203383,5.841721012634557e-06,-753.3860151768129,-736.9234694008856,16.46254577592731,-737.1322538905744,13.461301966725124,0.31989694601819474,2.1366012338791087,2.0963323268645064,-0.040268907014602284,2.025421590440141,0.07059379658989626,-0.002563962850513005
b1c11,100,449.0,0.0,0.0,0.0,-0.0009573103376757825,0.0035417354470233505,-1.3240752710803167e-05,-753.3860151768129,-731.0392119817467,22.346803195066173,-734.5654696521891,12.398625527435614,0.17561619943002024,2.1366012338791087,1.8222415460539054,-0.3143596878252033,1.983886857613467,0.10514032044054888,-0.0022403814193955717
b1c12,25,466.0,0.0,0.0,0.0,0.0,0.0,0.0,-733.5661800348425,-728.2607618260406,5.305418208801939,-739.9852774431395,14.609547766562775,0.6707290266514977,1.9873637581425057,1.9274021531985015,-0.059961604944004154,2.0409769711049974,0.2238310374961075,-0.004770075864793723
b1c12,50,466.0,0.0,0.0,0.0,0.0,0.0,0.0,-733.5661800348425,-719.2097989149224,14.356381119920115,-735.7072840513027,14.821301702325998,0.389283683769798,1.9873637581425057,1.8394567464676974,-0.14790701167480824,1.9880231188070594,0.19560509530113926,-0.004098606964306953
b1c12,100,466.0,0.0,0.0,0.0,-8.326172181629915e-06,8.284436719908384e-05,-4.49658263634379e-08,-733.5661800348425,-717.9795078666986,15.586672168143991,-727.9785421019823,16.19263645834236,0.30923211973499354,1.9873637581425057,1.723426477925676,-0.2639372802168296,1.9175319942945805,0.19034671622248578,-0.0030193195352848663
b1c13,25,460.0,0.0,0.0,0.0,0.0,0.0,0.0,-728.6269890021173,-731.6453739759804,-3.018384973863135,-737.1607813570698,16.54836387637116,-0.9498446599958265,1.9867041966313352,1.8902206242389086,-0.09648357239242666,2.009403556105953,0.17541125191024604,0.005776676938834804
b1c13,50,460.0,0.0,0.0,0.0,-8.273598808921362e-06,4.930581812633875e-05,-7.335595680604975e-07,-728.6269890021173,-714.8785458937764,13.748443108340894,-732.002001735107,14.380412172493179,0.26451646903181564,1.9867041966313352,1.8486423389805235,-0.1380618576508117,1.9448337837762142,0.14401212715178807,-0.003568755954010509
b1c13,100,460.0,0.0,0.0,0.0,-6.363785354713818e-05,0.0005926529558469074,-5.031140845878948e-07,-728.6269890021173,-723.568673371115,5.058315631002301,-723.4881151664163,15.684616176815833,0.33643663500110627,1.9867041966313352,1.8654713598162236,-0.12123283681511166,1.8835560631400474,0.1584224597413103,-0.0028607156277362187
b1c14,25,426.0,0.0,0.0,0.0,0.0,0.0,0.0,-730.7871817396978,-723.3835490157942,7.40363272390357,-730.0454170574575,8.441072466167673,0.08542738179521538,1.9895182961372628,1.9067298676040885,-0.08278842853317436,1.9483570072388476,0.07576641854604448,-0.004538780861364103
b1c14,50,426.0,0.0,0.0,0.0,-2.7902150020365134e-05,0.00019531505014255593,-4.689436978212628e-07,-730.7871817396978,-713.2818902438054,17.50529149589238,-725.9371995045569,8.876630384011662,0.354055162808929,1.9895182961372628,1.803780074280063,-0.1857382218571999,1.8826397439435087,0.09038858460904366,-0.005167535712168456
b1c14,100,426.0,0.0,0.0,0.0,-2.9550522370340224e-05,0.00020718178446921208,-1.1741709566768077e-07,-730.7871817396978,-696.0908648916134,34.69631684808439,-717.1926581333516,12.513287054421642,0.3557045733228067,1.9895182961372628,1.6125540637632398,-0.376964232374023,1.8024583840999477,0.11551585226888987,-0.003594370271048251
b1c15,25,396.0,0.0,0.0,0.0,0.0,0.0,0.0,-717.999541716687,-717.2086703795242,0.7908713371627982,-718.8377923319865,2.0078829532130285,0.02548568403418765,1.889189906599116,1.8092194182033567,-0.07997048839575926,1.8356807284137904,0.027255145849437598,-0.0034664064409415485
b1c15,50,396.0,0.0,0.0,0.0,-0.00025960357608958333,0.0018172250326270838,-2.5555213972804117e-05,-717.999541716687,-718.576927821611,-0.5773861049240168,-717.5118530237112,3.6993548154309144,0.09843857725078788,1.889189906599116,1.82418961952646,-0.06500028707265604,1.8067886067496113,0.044905577622204686,-0.0022370038407498907
b1c15,100,396.0,0.0,0.0,0.0,-0.00023258009244929274,0.0016392360733540516,5.159803055443269e-07,-717.999541716687,-699.5051049240253,18.494436792661645,-715.3061553462425,10.993880179126094,0.1300293984279402,1.889189906599116,1.623971842013108,-0.26521806458600805,1.7754315623846395,0.1232402888220946,-0.0017827464348087962
b1c16,25,472.0,0.0,0.0,0.0,-2.1662725628897104e-06,1.0612524845741945e-05,2.499545264872744e-07,-760.3010280428828,-736.1763354799278,24.12469256295492,-742.3719947461816,9.945804232833478,0.48365494696556915,2.2649494617158425,2.0530731602197974,-0.2118763014960452,2.106130731013144,0.07631737224434261,-0.006272135466533353
b1c16,50,472.0,0.0,0.0,0.0,-2.3595241289535714e-06,1.1599575550742879e-05,5.025264033812463e-08,-760.3010280428828,-728.6176084229858,31.683419619896995,-740.8586041959933,12.469549768283757,0.18668378536867952,2.2649494617158425,2.0147848490289535,-0.25016461268688905,2.085052619498676,0.10785805528215438,-0.0021746469095080476
b1c16,100,472.0,0.0,0.0,0.0,-1.1797620644767857e-06,8.286550247688996e-06,4.167609695424766e-08,-760.3010280428828,-721.413454873305,38.88757316957776,-735.179814442296,13.675761716531813,0.23901264150850662,2.2649494617158425,1.8577941753149205,-0.407155286400922,2.025949564700391,0.12608204791074146,-0.002496191690179773
b1c17,25,471.0,0.0,-0.023004689924139874,-0.023004689924139874,-0.00345343274918743,0.0071745046973028335,-0.00018169269893667612,-744.9372987418695,-748.0942128284285,-3.1569140865589134,-747.2841066000166,3.138292216238008,0.06885018080030987,2.23029903355482,2.178215736661493,-0.052083296893326914,2.212934532083426,0.02368076340058702,-0.003015314537596978
b1c17,50,471.0,0.0,-0.012646005905038959,-0.012646005905038959,-0.0033907482283862746,0.006616788505054168,-4.474129879112501e-05,-744.9372987418695,-741.0413632502078,3.895935491661703,-745.6760386007015,4.821471819006416,0.1525346253085112,2.23029903355482,2.0809071334438545,-0.14939190011096537,2.172905403389414,0.048047286146447994,-0.0032011088273189263
b1c17,100,471.0,0.0,0.0,0.0,-0.0030467892765142805,0.006202081597162651,5.53238619603183e-06,-744.9372987418695,-729.9256224720195,15.01167626985,-743.7234789920352,8.628630875021841,0.09892118108782447,2.23029903355482,1.9786936073273849,-0.251605426227435,2.135802518604852,0.08544505293343296,-0.0019781650238383
b1c18,25,449.0,0.0,0.0,0.0,0.0,0.0,0.0,-725.532311168422,-727.1762073026939,-1.6438961342719267,-729.0850292531717,6.651607468162706,-0.26417955490601785,1.9973847828416356,1.9364821462129238,-0.06090263662871176,1.991713599610979,0.056762508711437794,8.227729359476719e-05
b1c18,50,449.0,0.0,0.0,0.0,-1.3432510757379766e-06,9.402757530165836e-06,-1.5157935308447747e-07,-725.532311168422,-721.5354966868344,3.996814481587535,-727.9472975714823,8.156907251945752,0.06627019991585692,1.9973847828416356,1.8837961112101997,-0.11358867163143582,1.9560293255746066,0.058880111277843164,-0.0024500402223096205
b1c18,100,449.0,0.0,0.0,0.0,-1.1164544832583857e-06,7.97802574351684e-06,-7.065598975976204e-09,-725.532311168422,-713.8097941411866,11.722517027235426,-726.4936604973497,10.163774769182568,0.10162570087294356,1.9973847828416356,1.8116398136456469,-0.1857449691959887,1.9467645848974036,0.1632368706866644,-0.001392192430533122
b1c19,25,392.0,0.0,0.0,0.0,-8.861663165735928e-08,4.3413106056939335e-07,-1.874582592751831e-08,-735.7696348913693,-733.818872575779,1.950762315590282,-736.4725391002488,3.0648989176232027,0.09511443539271984,2.162171944401646,2.088619907616572,-0.07355203678507394,2.1265240912024836,0.02671041721874992,-0.003425939441041538
b1c19,50,392.0,0.0,0.0,0.0,-5.675420398941827e-08,3.1931014915862193e-07,6.575622646825788e-11,-735.7696348913693,-763.6817071898985,-27.91207229852921,-735.0082762624127,7.911699203621847,0.10076898420070243,2.162171944401646,2.615545510379493,0.45337356597784684,2.1032138025907954,0.0905120303568985,-0.0015240265370143325
b1c19,100,392.0,0.0,0.0,0.0,-3.799250240902941e-08,2.457481796200288e-07,5.768942175792245e-10,-735.7696348913693,-710.1964154074867,25.573219483882554,-728.0002751130145,10.597255119477424,0.25202964217123525,2.162171944401646,1.8501925439568423,-0.31197940044480377,2.031531531488536,0.1064295859156474,-0.002765304751757176
b1c20,25,489.0,0.0,0.0,0.0,-0.00014419357182937913,0.0007064013503426673,-1.941067313087796e-05,-740.8578925250766,-762.3299665597945,-21.47207403471782,-747.7236070434383,9.094748835778672,-0.23822594033197692,2.166062103769136,2.17712396322367,0.011061859454533973,2.1928525691673446,0.07869648937530684,0.0002718643174196837
b1c20,50,489.0,0.0,-0.0035411401508111404,-0.0035411401508111404,-0.0006898917632861654,0.0031489155172274605,-5.151567063272381e-05,-740.8578925250766,-735.0721855382398,5.785706986836885,-747.2117116504658,10.94975744552673,-0.04501382869764064,2.166062103769136,2.081947504950553,-0.08411459881858319,2.1654862015371648,0.09667309553198364,-0.0014956340695409412
b1c20,100,489.0,0.0,0.0,0.0,-0.0005814235758105678,0.003044156881539226,-6.701201731085409e-07,-740.8578925250766,-727.428241042574,13.429651482502663,-741.6636067228193,10.585877119694995,0.18645873733246313,2.166062103769136,1.986361375754294,-0.17970072801484216,2.1112684146984053,0.11175089975247122,-0.0023626028353943376
b1c21,25,408.0,0.0,0.0,0.0,-0.0017892868956707981,0.0048469881809772635,2.201014649066147e-05,-745.7663931744878,-750.9296592393227,-5.163266064834943,-751.6654401139805,13.208319934091366,0.020238037589859054,2.172996815820555,2.0989792562111838,-0.07401755960937129,2.174590200604702,0.11396962437652122,-0.002585801803979876
b1c21,50,408.0,0.0,0.0,0.0,-0.001385717180218447,0.00411844226574919,2.3134071661838036e-05,-745.7663931744878,-738.0911806897662,7.6752124847215555,-746.8989304417702,13.995177547169005,0.34143132482231414,2.172996815820555,2.0553228764242077,-0.1176739393963473,2.1206858587539976,0.11587784446786063,-0.0038524413858265698
b1c21,100,408.0,0.0,0.0,0.0,-0.0021267448302246758,0.005500577998441608,-2.1811831871199365e-05,-745.7663931744878,-720.5697141223752,25.196679052112586,-741.5262534582398,14.790314102648216,0.26162639270551663,2.172996815820555,1.8584433339741142,-0.31455348184644083,2.0630707098504955,0.16129691085189934,-0.002864356208451037
b1c22,25,,0.0,0.0,0.0,-0.001792660360807229,0.004420249104599142,-2.1334148672188797e-06,-750.4157117793059,-744.8055284587454,5.610183320560509,-748.5463363123583,5.083240095869185,-0.029910972029354697,2.2208970782913924,2.2585510895858167,0.03765401129442436,2.254750156231053,0.02063811960274581,0.0005433445395372548
b1c22,50,,0.0,0.0,0.0,-0.0011431724926752713,0.003342613850777799,3.022749645360907e-05,-750.4157117793059,-745.4131804534354,5.00253132587045,-748.8093466951062,13.328300107284011,-0.06922708836996182,2.2208970782913924,2.231156719864282,0.0102596415728895,2.2665313399701934,0.14416415199729243,0.0012708818154426602
b1c22,100,,0.0,0.0,0.0,-0.0012471328295193972,0.003378059544390412,-3.0038976447573195e-06,-750.4157117793059,-758.2595541141745,-7.843842334868668,-748.4340020532525,18.650239552065457,0.025921824895035726,2.2208970782913924,2.2933215935367373,0.07242451524534488,2.261648050557712,0.13186718211678225,-7.996835559566902e-05
b1c23,25,,0.0,0.0,0.0,-0.001503709578463044,0.004352813465308324,0.0001233889495962639,-748.4058109105882,-748.5380453993854,-0.1322344887971667,-751.7843217744021,6.848269918031567,0.15235458880589628,2.11295545671968,2.0815787598104514,-0.03137669690922884,2.1179381648901368,0.058552256301348866,-0.0024472780129544615
b1c23,50,,0.0,-0.01594402563686858,-0.01594402563686858,-0.002180877186071553,0.005446187523378433,-2.5777447999996364e-05,-748.4058109105882,-797.9528030451374,-49.546992134549214,-752.2435701959347,9.412596640388424,-0.03991237794000723,2.11295545671968,2.439624818796614,0.32666936207693364,2.108149923232603,0.07405113299996571,-0.0008234923296617749
b1c23,100,,0.0,0.0,0.0,-0.0011950803439739973,0.004011634553737045,2.5733290992703887e-05,-748.4058109105882,-736.9010644258673,11.504746484720954,-746.5400484863804,10.657764022327632,0.16616297012001266,2.11295545671968,2.0126556799362274,-0.10029977678345281,2.0614014316448075,0.08810675554536405,-0.0013220281059844647
b1c24,25,514.0,0.0,0.0,0.0,-0.000808915499485772,0.0035300664911982822,3.451952610019945e-05,-737.3387250211388,-738.191572891737,-0.8528478705982252,-740.1498675275523,6.527332504777063,0.10276307144273228,2.131455764432526,2.0664150059984605,-0.06504075843406554,2.1097403193687985,0.02190633665205865,-0.0022054190421137545
b1c24,50,514.0,0.0,0.0,0.0,-0.0012148103856994788,0.004215463222964999,-3.073900115407965e-05,-737.3387250211388,-727.7118402798632,9.626884741275603,-738.2632954881227,8.885802591530435,0.1086822602719443,2.131455764432526,2.009791932729938,-0.12166383170258799,2.086368708499538,0.045591980084109626,-0.0018170577035891314
b1c24,100,514.0,0.0,0.0,0.0,-0.001812671607495061,0.0052922558671154776,-2.4429282603290994e-05,-737.3387250211388,-731.4945010493192,5.844223971819588,-734.8983912515018,11.409000784510932,0.12965368137953298,2.131455764432526,1.9410978395500555,-0.1903579248824705,2.055713056944251,0.10220973281762258,-0.0013193421870094483
b1c25,25,493.0,0.0,0.0,0.0,-0.0005190544385419149,0.0025428370463090044,7.985452900644848e-05,-790.8426411164464,-743.689323638707,47.15331747773939,-752.7709293172624,16.04989400902235,-0.09783824977059498,2.413467414431618,2.0657186813359827,-0.3477487330956355,2.204413633670466,0.23208531842945992,6.61754572459979e-05
b1c25,50,493.0,0.0,0.0,0.0,-0.00025952721927095747,0.0018166905348967028,2.554769745524431e-05,-790.8426411164464,-728.6268183771929,62.215822739253554,-748.0628352127073,14.424863797921939,0.31378415348274646,2.413467414431618,2.0379638554615367,-0.3755035589700815,2.1466180185095607,0.21421346497777616,-0.003919397289767318
b1c25,100,493.0,0.0,0.0,0.0,-0.0004574415838013618,0.002557344155552113,5.008072015938276e-07,-790.8426411164464,-726.0124632978873,64.83017781855915,-740.8819852602745,13.4184515091314,0.2894866991965454,2.413467414431618,1.8994530021468008,-0.5140144122848174,2.06678827287903,0.1764355330967337,-0.0032661347042190285
b1c26,25,450.0,0.0,-0.0078933372669445,-0.0078933372669445,-0.001770125182107761,0.004015102143522614,-7.909833208119344e-05,-748.5212009699069,-753.1700228344162,-4.648821864509273,-747.0873463355107,7.354715903194222,0.3521707465087293,2.134077047513702,2.0750023744677457,-0.05907467304595615,2.101964740833361,0.04202332262880467,-0.004593565036877293
b1c26,50,450.0,0.0,0.0,0.0,-0.001092052582753047,0.003032675034056116,2.964790392023462e-05,-748.5212009699069,-730.208033652379,18.313167317527927,-743.0955574940682,8.511281898923666,0.3531099507788799,2.134077047513702,1.9329187326463697,-0.20115831486733216,2.050572744926869,0.06924490577122061,-0.004270990940879485
b1c26,100,450.0,0.0,0.0,0.0,-0.0013698094995521575,0.004075053657383453,-7.77978794840057e-06,-748.5212009699069,-713.9337578766264,34.58744309328051,-736.7932075675833,17.970269514885313,0.3240121514244707,2.134077047513702,1.7808001143672698,-0.35327693314643205,2.003906437212748,0.24919160522118042,-0.0030259148235420447
b1c27,25,474.0,0.0,0.0,0.0,-0.0010603115925501483,0.0038494015494381947,-5.0641985964163075e-05,-738.1445238955807,-738.8656599796842,-0.7211360841034775,-743.8079159247135,14.217987405033101,-0.41320648963958106,2.1060089648410076,2.0514556143215152,-0.054553350519492394,2.1650684695058042,0.3245338884710476,0.010065718514557538
b1c27,50,474.0,0.0,0.0,0.0,-0.0008529662379453623,0.0035290018617946868,-1.092816115669429e-05,-738.1445238955807,-727.9393774875682,10.205146408012524,-739.6437877013982,11.259536015935758,0.22515483192780492,2.1060089648410076,2.00458170715984,-0.10142725768116767,2.0948871715325166,0.2409829969157027,-0.0032073419538622065
b1c27,100,474.0,0.0,0.0,0.0,-0.0012850213366575238,0.004353433448440309,-1.345005145548528e-05,-738.1445238955807,-720.7264806252415,17.41804327033924,-735.7741319199162,10.855617582250904,0.18034114432899065,2.1060089648410076,1.8820913992800872,-0.22391756556092046,2.031537349696434,0.18645381778805165,-0.0027048336813197183
b1c28,25,437.0,0.0,0.0,0.0,-8.657600711314945e-06,4.2413408278956604e-05,9.98953928228648e-07,-725.5635362008766,-723.8919769588415,1.6715592420350731,-731.3061607962254,10.137976092209527,0.2305323140700257,1.9669686900088177,1.9040799280777423,-0.0628887619310754,1.9636810577494614,0.08370977973921676,-0.004481588095902761
b1c28,50,437.0,0.0,0.0,0.0,-4.3288003556574726e-06,3.0301602489602303e-05,3.84551292099223e-07,-725.5635362008766,-717.836907052465,7.726629148411575,-729.5999184900521,11.270378437381574,0.16510110433926273,1.9669686900088177,1.8853026006844311,-0.08166608932438657,1.9452579798599146,0.15138995630883126,-0.0016663494957024209
b1c28,100,437.0,0.0,0.0,0.0,-2.1644001778287363e-06,2.1535509858109274e-05,1.1299298858151821e-07,-725.5635362008766,-705.3791600212159,20.184376179660717,-723.9750943840227,12.690056776794146,0.2314788871569279,1.9669686900088177,1.7125648039432146,-0.25440388606560305,1.8898207849577044,0.1498121263009923,-0.0023309993412862556
b1c29,25,452.0,0.0,0.0,0.0,-0.0017189168185732487,0.004308254153291332,9.330003456203359e-05,-743.8727893263855,-741.9248051467919,1.9479841795936181,-747.2977763779603,11.574585541491128,0.3288750267428829,2.0893679207827063,2.020145400666074,-0.06922252011663232,2.1122838845751493,0.19826183233595016,-0.0065154144730615975
b1c29,50,452.0,0.0,0.0,0.0,-0.0022029446395505814,0.005388622151562707,-6.516559406076987e-06,-743.8727893263855,-735.0159373953163,8.856851931069173,-746.7221125794667,12.632338841279521,0.16115956102762097,2.0893679207827063,1.9902472365782693,-0.09912068420443698,2.093619965325497,0.21669619980992424,-0.0024909409569611007
b1c29,100,452.0,0.0,0.0,0.0,-0.001835542825842178,0.004963571443006143,4.500815664952215e-06,-743.8727893263855,-724.5649384533887,19.307850872996823,-741.2290636245116,13.336153393511706,0.20560805489959502,2.0893679207827063,1.8500164319391366,-0.23935148884356972,2.0340596201240846,0.18246739053860028,-0.002385455085757825
b1c30,25,412.0,0.0,0.0,0.0,-0.0023394967058136475,0.004834216143971017,0.00011741352365910198,-735.3900694054447,-731.7187792942232,3.6712901112215377,-744.0472042243891,19.909380602277363,-0.21204842360409157,1.9450637753491524,1.8608173275140998,-0.08424644783505264,1.9979848246201102,0.2486427905192924,-0.0028456586749527704
b1c30,50,412.0,0.0,0.0,0.0,-0.0024432537720182083,0.005880875453257605,2.199737434581761e-05,-735.3900694054447,-721.1174599112826,14.272609494162111,-737.682952135175,17.841275689640096,0.45458604425177157,1.9450637753491524,1.761104669369201,-0.18395910597995146,1.9280195666875855,0.24017283425212937,-0.0057253128782335915
b1c30,100,412.0,0.0,0.0,0.0,-0.0019620927730778686,0.004876912393240575,8.916100442544316e-06,-735.3900694054447,-706.1431725381767,29.246896867267992,-728.9544873254076,17.6658282952237,0.3660640542958841,1.9450637753491524,1.6072449399072373,-0.33781883544191516,1.8369270100307364,0.21385449637431517,-0.004159574991521817
b1c31,25,425.0,0.0,0.0,0.0,-0.00024365447453187847,0.0007399562909741946,2.70677512051001e-05,-740.1032836334696,-735.1937154999414,4.909568133528182,-741.1223681369665,5.915580962164451,0.38703108308034706,2.142389257339482,1.936120868907447,-0.20626838843203488,2.0146917938442486,0.06375787520575445,-0.004384192214333298
b1c31,50,425.0,0.0,0.0,0.0,-0.0011399388521017146,0.003341893918662424,-4.352988131397689e-05,-740.1032836334696,-726.2141899767448,13.889093656724754,-738.7856237977356,7.970127727576197,0.1966859644182509,2.142389257339482,1.9080271451670947,-0.23436211217238712,1.9743829799798445,0.08147808241747093,-0.0033116818159309724
b1c31,100,425.0,0.0,0.0,0.0,-0.0006353717847456213,0.0024888274819247903,8.259167677149826e-06,-740.1032836334696,-714.3387310769748,25.764552556494777,-732.1702054375238,9.86201569712744,0.27655870588611525,2.142389257339482,1.674574306233081,-0.4678149511064009,1.910090013086327,0.10364443439531562,-0.002923168724954652
b1c32,25,809.0,0.0,0.0,0.0,0.0,0.0,0.0,-742.3670887223432,-729.5397674704145,12.827321251928652,-739.1115155896305,9.849620569818459,-0.1851667792352728,1.9900437811123894,1.9601149262646878,-0.02992885484770169,2.0007714740754423,0.08733092014222474,0.0008958628749732047
b1c32,50,809.0,0.0,0.0,0.0,0.0,0.0,0.0,-742.3670887223432,-728.7489030144567,13.618185707886482,-738.341969544557,11.713329140975702,0.09031639542405796,1.9900437811123894,1.900931448335943,-0.08911233277644648,1.9903595549056274,0.11964792940608467,-0.0012668036912794568
b1c32,100,809.0,0.0,0.0,0.0,-8.16181528417753e-06,7.442057860619144e-05,-2.0675491318942082e-07,-742.3670887223432,-722.0262639180044,20.34082480433881,-732.9994543577639,11.186371100929147,0.19078696465614683,1.9900437811123894,1.8444774409240905,-0.14556634018829895,1.9389970260953322,0.1056461278898965,-0.0018139702961910721
b1c33,25,1140.0,-0.0029822143872973773,0.0,0.0029822143872973773,-0.0024326870721097455,0.00654880444330286,-2.2683918595992962e-05,-743.6331446178226,-743.9091055115109,-0.2759608936883069,-746.8766431718295,8.090651143290243,0.03950256494302238,2.1079070172626113,2.0858621094715994,-0.02204490779101187,2.0986682379878636,0.07064183711168523,-0.00027795606549542516
b1c33,50,1140.0,-0.0029822143872973773,-0.010365433465497531,-0.007383219078200155,-0.0025202439659777814,0.0058708299880898904,-7.202022514794337e-06,-743.6331446178226,-738.906927291628,4.7262173261946145,-744.7214686935395,6.558676455203607,0.15426950954119034,2.1079070172626113,2.0197142641157604,-0.08819275314685093,2.071821004920729,0.05801535998784942,-0.0018772990481722626
b1c33,100,1140.0,-0.0029822143872973773,0.0,0.0029822143872973773,-0.0023561363296091945,0.005417118739723035,-3.668674330501697e-06,-743.6331446178226,-731.2120412004496,12.421103417373047,-741.113704083171,8.706411282415488,0.1625138442308095,2.1079070172626113,1.969211867447194,-0.13869514981541742,2.0377177052828195,0.06247873293473192,-0.0013874560878310732
b1c34,25,1186.0,0.0,0.0,0.0,-0.0027532783215744403,0.005339113352696009,1.7579433275578348e-05,-739.8606831716763,-741.2020845159078,-1.3414013442314854,-744.8905992087753,11.249620232161533,0.2997290755869952,2.100669262932026,2.0900674769882643,-0.010601785943761488,2.1200237935438,0.09159011571652576,-0.003829624833687144
b1c34,50,1186.0,0.0,-0.016940312755345525,-0.016940312755345525,-0.0032987290326802134,0.006721872384264489,-4.0571151530610625e-05,-739.8606831716763,-757.3040312651304,-17.44334809345412,-744.947357161353,10.070139131114727,0.022659435762441893,2.100669262932026,2.069817037553494,-0.030852225378531717,2.102636893497907,0.08441014280207564,-0.001736458947173336
b1c34,100,1186.0,0.0,0.0,0.0,-0.003324882856460534,0.006641931280804665,-1.379522072277174e-05,-739.8606831716763,-734.8962397332881,4.96444343838823,-742.223093569052,9.161200364979873,0.09448793747979597,2.100669262932026,2.0265675883892436,-0.07410167454278227,2.071678817825978,0.07724877579741263,-0.0011958769219593396
b1c35,25,,0.0,0.0,0.0,0.0,0.0,0.0,-738.0764023955288,-726.5386265096646,11.537775885864221,-735.5710412798426,4.424211764159163,0.40603286732095584,2.025830828448038,1.837681905436097,-0.18814892301194108,1.9344046132906272,0.05394760185854776,-0.00719671223510229
b1c35,50,,0.0,0.0,0.0,-0.0005391572064836383,0.0017572854333835143,-2.4856581497052103e-05,-738.0764023955288,-727.310077219015,10.76632517651376,-730.4409320123443,7.853945950704715,0.3736368206946731,2.025830828448038,1.7497257857902186,-0.27610504265781954,1.8668700162220464,0.09163996271809431,-0.00520607445223122
b1c35,100,,0.0,0.0,0.0,-0.0005693387899371534,0.0023245785035045435,-8.403881591578025e-06,-738.0764023955288,-697.3984661933358,40.677936202192996,-717.8573882444616,26.654348463080535,0.5310496216340568,2.025830828448038,1.6577919276970001,-0.36803890075103807,1.7644029943021369,0.19596246270185355,-0.00447459058101033
b1c36,25,,0.0,0.0,0.0,-0.00090296357952932,0.0030809707964644514,6.610291311956488e-05,-738.8491945164163,-720.4585255364763,18.390668979940074,-733.6048283222775,8.447243403880599,0.8271171027366663,1.972622632927992,1.7140488029272853,-0.25857383000070655,1.8514343502858142,0.07873822598843902,-0.010683226003946611
b1c36,50,,0.0,0.0,0.0,-0.00045148178976466,0.0022248654635331324,3.5352692020009265e-05,-738.8491945164163,-694.3585188095724,44.490675706843945,-720.5420419840841,15.33138944646156,1.0167016470969077,1.972622632927992,1.5162647480601068,-0.4563578848678851,1.7307068842330917,0.13959159278465294,-0.00961588444245938
b1c36,100,,0.0,0.0,0.0,-0.0008801491191228178,0.0038379362704546974,-8.942878648343465e-06,-738.8491945164163,-666.9962013432084,71.85299317320789,-699.0477624071117,30.876108541699907,0.8633438315271764,1.972622632927992,1.3843655353816133,-0.5882570975463786,1.5732701284879798,0.20369379925940154,-0.006323300427387536
b1c37,25,,0.0,0.0,0.0,-0.0011224255448933718,0.004350746360262152,1.5274938275910962e-06,-747.1935940351275,-742.6617337706059,4.531860264521583,-750.2451156316778,12.004570089735749,-0.40080471347837693,2.1231169947685755,2.095135362323684,-0.027981632444891602,2.1767130389200644,0.20862875008739507,0.008101741487852518
b1c37,50,,0.0,0.0,0.0,-0.0012687978951552708,0.004032828852226742,-1.1607805683415203e-06,-747.1935940351275,-745.3207116901372,1.8728823449903302,-747.4591382696946,15.705102593941255,0.21713820863179267,2.1231169947685755,2.1068767217095368,-0.016240273059038746,2.1451924087227288,0.1651616925707622,-0.001434677638589524
b1c37,100,,0.0,0.0,0.0,-0.0010506415607518952,0.0034263605680931444,1.3093975560716936e-05,-747.1935940351275,-670.6897145370806,76.5038794980469,-745.5877813493378,14.164014449905503,0.11164019990925399,2.1231169947685755,1.596736784517734,-0.5263802102508415,2.1156465192497866,0.1369822050493354,-0.0013370224206843348
b1c38,25,,0.0,0.0,0.0,-0.0025219299434091763,0.005707796125388747,0.00023254768914661648,-746.1089079987996,-744.5196851831274,1.5892228156722012,-746.3186595242448,4.761922478777297,0.25994164379572327,2.097036301506725,2.066023925703326,-0.031012375803399106,2.085108571034125,0.03398800102721577,-0.00297609969507144
b1c38,50,,0.0,-0.0034096912235476945,-0.0034096912235476945,-0.0019960164802085584,0.004868710742661116,5.462473185126739e-05,-746.1089079987996,-732.6738266027401,13.435081396059559,-744.0309565437815,7.783675299835671,0.27450012030094745,2.097036301506725,1.9913697407668223,-0.10566656073990277,2.05023238546939,0.0634977566569105,-0.0032346910346071514
b1c38,100,,0.0,0.0,0.0,-0.0019642720305844915,0.005071796616927735,8.53162459248732e-06,-746.1089079987996,-682.7669294265085,63.34197857229117,-736.5425942243432,12.140606760654547,0.3146986622214256,2.097036301506725,1.4807397157164102,-0.6162965857903149,1.9816917003314296,0.10377422318852567,-0.003023455172628678
b1c39,25,,0.0,0.0,0.0,0.0,0.0,0.0,-741.8761875704286,-728.8120646959339,13.064122874494615,-728.6233932431721,4.50747314803377,0.2825728825781834,2.091693943192332,2.0058288981315378,-0.08586504506079429,2.0313466953068833,0.028273600187945176,-0.0033197717514942284
b1c39,50,,0.0,0.0,0.0,0.0,0.0,0.0,-741.8761875704286,-726.3354215661313,15.540766004297211,-726.7498322868107,9.12306703516554,0.22639944600507578,2.091693943192332,1.890419356601386,-0.201274586590946,2.007914192619076,0.15158133469319776,-0.0030889943362175654
b1c39,100,,0.0,0.0,0.0,-1.0964198064637042e-06,1.0909239332262574e-05,-3.7501307511809866e-08,-741.8761875704286,-765.7448266701379,-23.8686390997093,-719.6288166383538,12.691343267488255,0.27033485341226277,2.091693943192332,1.820488820172325,-0.271205123020007,1.94344979888879,0.14253913030033064,-0.0026734868710479843
b1c40,25,,0.0,0.0,0.0,0.0,0.0,0.0,-707.3948893249324,-717.5629278979605,-10.168038573028184,-708.7718772630141,10.8596573657018,-0.1875912197487348,2.102287328224524,2.0403459964128197,-0.06194133181170436,2.138476812044799,0.16313187622224992,-0.0036426461940157846
b1c40,50,,0.0,0.0,0.0,0.0,0.0,0.0,-707.3948893249324,-695.453839759884,11.941049565048388,-723.5687396232527,77.58168063309505,-0.5383416122034463,2.102287328224524,2.037215607018004,-0.06507172120651994,2.3423876139879383,1.1440435892128575,0.006186486398306123
b1c40,100,,0.0,0.0,0.0,0.0,0.0,0.0,-707.3948893249324,-661.2971738770526,46.09771544787975,-738.9226074701082,121.6866462364494,-0.12302172453271296,2.102287328224524,1.5437915600329686,-0.5584957681915554,2.5956247341471714,2.0253129252720146,0.0012640155214327072
b1c41,25,442.0,0.0,0.0,0.0,0.0,0.0,0.0,-713.2196391011655,-1148.7490139175834,-435.5293748164179,-737.4969904304521,84.31701516606843,-3.840565627873576,2.214645363293351,8.404423143106108,6.189777779812757,2.411416667053371,1.2246120113772827,0.0535988153683828
b1c41,50,442.0,0.0,0.0,0.0,0.0,0.0,0.0,-713.2196391011655,-710.0979649837453,3.1216741174201843,-781.6689957964419,155.6044085435402,-2.714371266537285,2.214645363293351,2.0042078859712724,-0.21043747732207851,3.0876963553075463,2.4094370260646785,0.04219637447692501
b1c41,100,442.0,0.0,0.0,0.0,0.0,0.0,0.0,-713.2196391011655,-708.1824236470462,5.037215454119291,-770.9347454124721,145.92506610475496,0.24140306116111676,2.214645363293351,1.7813647475900594,-0.43328061570329157,2.8665902876124743,2.169007304238668,-0.005261742891658236
b1c42,25,474.0,0.0,0.0,0.0,0.0,0.0,0.0,-698.6888185603501,-685.6075434772621,13.08127508308803,-700.8777577675636,7.513093912252335,0.11739690799106915,2.1637550914945303,2.1432125092891052,-0.020542582205425042,2.1740006734747634,0.04051993736983485,-0.0008911127055944941
b1c42,50,474.0,0.0,0.0,0.0,0.0,0.0,0.0,-698.6888185603501,-691.3482360920946,7.340582468255548,-729.4997021680614,107.35877728955931,-2.2805289325677123,2.1637550914945303,2.0604750174162096,-0.10328007407832063,2.55181589163244,1.566670211487201,0.030425039234905582
b1c42,100,474.0,0.0,0.0,0.0,0.0,0.0,0.0,-698.6888185603501,-686.5764478702404,12.112370690109742,-754.8045408283692,147.83678998848026,-0.8122044601201809,2.1637550914945303,1.9725118992221375,-0.19124319227239273,3.0241151660581185,2.5658149062062785,0.014851773293291225
b1c43,25,1029.0,0.0,0.0,0.0,0.0,0.0,0.0,-714.7175001383598,-706.8027632005764,7.914736937783459,-712.4828703992303,8.2077303255358,0.11606508340940425,2.090555520646943,2.2434692286764695,0.15291370802952642,2.1749581359726964,0.07900843882164195,0.005339309976869897
b1c43,50,1029.0,0.0,0.0,0.0,0.0,0.0,0.0,-714.7175001383598,-715.8916353655874,-1.1741352272275662,-712.6278346303632,8.682040843827409,-0.02303913377706384,2.090555520646943,2.140571715684896,0.05001619503795274,2.2419612450998985,0.10777392166582085,0.005292688158626502
b1c43,100,1029.0,0.0,0.0,0.0,0.0,0.0,0.0,-714.7175001383598,-691.1877343280757,23.52976581028406,-724.5926374946623,77.23969769986681,-0.5711473114470342,2.090555520646943,2.132293901605389,0.04173838095844573,2.495375115031613,1.2143013506986644,0.01104372541149967
b1c44,25,841.0,0.0,0.0,0.0,0.0,0.0,0.0,-747.1536785243305,-716.5655493378773,30.588129186453216,-753.0782441364807,128.3184320186154,-6.245378288484356,2.759143839397991,2.1115726422369248,-0.6475711971610663,2.7063900099237412,1.7454965358919328,0.07973529144444667
b1c44,50,841.0,0.0,0.0,0.0,0.0,0.0,0.0,-747.1536785243305,-709.4012895021883,37.75238902214221,-745.8315589881623,115.94172966872893,-0.6319801442449731,2.759143839397991,2.1185574598902486,-0.6405863795077424,2.625311187084563,1.656000850711464,0.008415193950557261
b1c44,100,841.0,0.0,0.0,0.0,0.0,0.0,0.0,-747.1536785243305,-715.396746077142,31.756932447188547,-745.7349521257415,115.68764339905383,-0.05977566037063335,2.759143839397991,2.0109729275718067,-0.7481709118261843,2.621327678248801,1.7253683591741016,0.000536727565317475
b1c45,25,997.0,0.0,0.0,0.0,0.0,0.0,0.0,-712.4693647710521,-753.9721561922133,-41.50279142116119,-719.3946249313055,21.55251168523009,-0.5696227629127304,2.29481937711853,2.967501438537797,0.672682061419267,2.380127088479546,0.207690002608234,0.006870997801487009
b1c45,50,997.0,0.0,0.0,0.0,0.0,0.0,0.0,-712.4693647710521,-703.2544462144122,9.214918556639986,-725.4262249052482,63.30485398948924,-0.8441837101420699,2.29481937711853,2.241369040244994,-0.05345033687353595,2.4608286892592526,0.890457299998916,0.011875400384890733
b1c45,100,997.0,0.0,0.0,0.0,0.0,0.0,0.0,-712.4693647710521,-709.2250371886129,3.2443275824392686,-736.1180626993839,88.31888885223626,-0.45530958875425787,2.29481937711853,2.1746039101256587,-0.12021546699287144,2.5981044565140126,1.3913473348639098,0.0058122097553503956
b1c46,25,503.0,0.0,0.0,0.0,0.0,0.0,0.0,-720.5143979609896,-717.3796898017349,3.1347081592547283,-722.8763827036305,10.95023055298707,0.009049276470137962,2.2154979321442343,2.167199446659599,-0.04829848548463511,2.209113053103489,0.06971035383445308,-6.200622365735859e-05
b1c46,50,503.0,0.0,0.0,0.0,0.0,0.0,0.0,-720.5143979609896,-715.313054682249,5.201343278740637,-757.4153029436512,118.4485995258583,-2.123792020297143,2.2154979321442343,2.1296661849915877,-0.08583174715264663,2.644237106532317,1.5864642139695637,0.028304612768825683
b1c46,100,503.0,0.0,0.0,0.0,0.0,0.0,0.0,-720.5143979609896,-712.5220562413748,7.992341719614842,-760.5591488837293,131.17228380467375,-0.6343154467483952,2.2154979321442343,1.8883707124514268,-0.32712721969280745,2.752870190505316,2.269580493561398,0.010069317455034648
