cycle_index,voltage,dqdv
1,0.0,0.0
1,0.0,0.0
11,2.0226192,0.0
11,2.0347881,0.0
11,2.0465183,0.0
11,2.0576687,0.0
11,2.0708761,0.0
11,2.0858364,0.0
11,2.0966053,-0.0006312542829275331
11,2.1080809,-0.0020522905799005434
11,2.1201296,-0.00426310889091903
11,2.1328316,-0.007263709215983228
11,2.1460009,-0.011054091555092902
11,2.1597185,-0.015634255908248053
11,2.1737814,-0.02100420227544868
11,2.1884003,-0.026446355095108995
11,2.2034006,-0.031888507914769305
11,2.2184887,-0.03669940645150208
11,2.2340088,-0.04072052297418938
11,2.249918,-0.0439518574828312
11,2.2659035,-0.046393409977427316
11,2.2822552,-0.048045180457977954
11,2.2985249,-0.048907168924483116
11,2.31495,-0.0489793753769428
11,2.3316288,-0.0489793753769428
11,2.3481112,-0.0489793753769428
11,2.3650637,-0.0489793753769428
11,2.3816261,-0.0489793753769428
11,2.3982725,-0.0489793753769428
11,2.4148607,-0.0489793753769428
11,2.4312544,-0.0489793753769428
11,2.4473991,-0.0489793753769428
11,2.4630995,-0.0489793753769428
11,2.4786348,-0.0489793753769428
11,2.4935493,-0.0489793753769428
11,2.5080118,-0.0489793753769428
11,2.5217991,-0.0489793753769428
11,2.5350361,-0.0489793753769428
11,2.5474548,-0.0489793753769428
11,2.5589361,-0.0489793753769428
11,2.5699282,-0.0489793753769428
11,2.5802202,-0.0489793753769428
11,2.5944214,-0.05055715573434435
11,2.6071463,-0.053829084450439116
11,2.6189594,-0.058795161525227096
11,2.6296053,-0.0654553869587083
11,2.6403952,-0.0738097607508832
11,2.6505022,-0.08385828290175132
11,2.6619301,-0.09547190369306739
11,2.6719542,-0.10708552448438344
11,2.6823635,-0.11869914527569948
11,2.6925659,-0.128734985709614
11,2.7029152,-0.1370766777848353
11,2.7133265,-0.14372422150136338
11,2.7235184,-0.14867761685919823
11,2.7336254,-0.15193686385833938
11,2.7438049,-0.1535019624987873
11,2.7538671,-0.1535019624987873
11,2.7641439,-0.1535019624987873
11,2.7741776,-0.1535019624987873
11,2.7844238,-0.1535019624987873
11,2.7944813,-0.1535019624987873
11,2.8046818,-0.15346155549427923
11,2.8147402,-0.1533318074108152
11,2.8248262,-0.1531127182483952
11,2.8350105,-0.15280428800701926
11,2.8450241,-0.15240651668668728
11,2.8551807,-0.15191940428739936
11,2.865221,-0.15134295080915547
11,2.8753901,-0.15074599353542295
11,2.8857126,-0.15014903626169046
11,2.8959999,-0.14959248599246602
11,2.8959999,-0.14912527680219753
11,2.9061804,-0.148747408690885
11,2.9162569,-0.14845888165852847
11,2.9264441,-0.14825969570512795
11,2.9366598,-0.14786972658731212
11,2.9466925,-0.14723248293409452
11,2.9568005,-0.14627912746200783
11,2.9670229,-0.1449891563755634
11,2.9771175,-0.14336256967476124
11,2.9872351,-0.14139936735960126
11,2.997242,-0.13892066787439777
11,3.0073814,-0.13504593168653597
11,3.0173998,-0.12977515879601587
11,3.0276451,-0.12338847344620868
11,3.0377331,-0.1159423670081005
11,3.0477982,-0.1074368394816917
11,3.0578136,-0.09787189086698234
11,3.0679293,-0.0879186563157256
11,3.0679293,-0.0783020373788267
11,3.0780573,-0.06920091561197127
11,3.0881424,-0.06149583054777416
11,3.098218,-0.05518678218623537
11,3.1082401,-0.050273770527354905
11,3.1183262,-0.046756795571133165
11,3.1183262,-0.04638180521647359
11,3.1283426,-0.049672886519508
11,3.1383867,-0.055958904328483154
11,3.1383867,-0.06451495709249398
11,3.1483917,-0.07534104481154047
11,3.1584549,-0.0884371674856233
11,3.1684885,-0.10346491111892875
11,3.1785297,-0.117178160212248
11,3.1885376,-0.12957691476558109
11,3.1985703,-0.13891522688002414
11,3.1985703,-0.14466900949944494
11,3.2085981,-0.14683826262384392
11,3.218689,-0.14542298625322106
11,3.2287617,-0.1410559587814434
11,3.238781,-0.1346692402036232
11,3.238781,-0.12660124451557414
11,3.2488146,-0.120098087216505
11,3.2588778,-0.11515976830641578
11,3.268878,-0.11178628778530647
11,3.2789154,-0.10997764565317751
11,3.289012,-0.10955101860082024
11,3.2990456,-0.11043422269799037
11,3.3090553,-0.11199447955082083
11,3.3190708,-0.11329972916419867
11,3.3190708,-0.114349971538124
11,3.3290968,-0.11514520667259681
11,3.3373852,-0.11569441064459997
11,3.3436785,-0.11622264949662449
11,3.3436785,-0.11672992322867026
11,3.3484669,-0.11739905514994567
11,3.3484669,-0.1183022291906949
11,3.3526201,-0.11943944535091801
11,3.3561954,-0.120810703630615
11,3.3561954,-0.1224105716722229
11,3.3594398,-0.12422916688094394
11,3.362524,-0.12625751317979514
11,3.3656788,-0.12827054452628556
11,3.3686466,-0.13026826092041516
11,3.3717422,-0.13225066236218394
11,3.3745651,-0.134217748851592
11,3.3745651,-0.13616622738458084
11,3.3774824,-0.13809426509583822
11,3.3774824,-0.1400072943429271
11,3.3803568,-0.14191519772064526
11,3.3831892,-0.1438179752289928
11,3.3859243,-0.14571562686796974
11,3.3885775,-0.14760815263757596
11,3.3885775,-0.14970833248724003
11,3.3911066,-0.15202724118121166
11,3.3911066,-0.15456817172354945
11,3.3938017,-0.15733295697956554
11,3.3938017,-0.1603215969492599
11,3.3963633,-0.16353409163263252
11,3.3963633,-0.16695026702325377
11,3.3986645,-0.17051524931991435
11,3.4011497,-0.17422903852261412
11,3.4034615,-0.17787885468192466
11,3.4034615,-0.18145362303359608
11,3.4057837,-0.18495334357762833
11,3.4057837,-0.1883780163140216
11,3.4080696,-0.19179227527653878
11,3.4101353,-0.19525259411771115
11,3.4122171,-0.19877914684396825
11,3.4122171,-0.20242680725651951
11,3.4140759,-0.20619557535536515
11,3.4159203,-0.21008545114050503
11,3.4175234,-0.21409643461193917
11,3.4193525,-0.2184042676152149
11,3.4206858,-0.22303736064300658
11,3.4222364,-0.22793107966155157
11,3.4235525,-0.23302895101831841
11,3.4235525,-0.23833097471330708
11,3.4249678,-0.24383715074651754
11,3.4249678,-0.2495556517708971
11,3.4261332,-0.25552916899669875
11,3.4273796,-0.26175770242392227
11,3.4273796,-0.2680655102070203
11,3.4285078,-0.2744241818533183
11,3.4285078,-0.2808337173628162
11,3.4295397,-0.28729411673551436
11,3.4307384,-0.29414557765014354
11,3.4318485,-0.3017610542761243
11,3.4328241,-0.3101323739605092
11,3.4328241,-0.3192168454930454
11,3.4338179,-0.32901446887373353
11,3.4338179,-0.33952524410257323
11,3.4348812,-0.3507491711795645
11,3.4359093,-0.363026464888535
11,3.4368124,-0.37643601153853407
11,3.4368124,-0.39063761345083137
11,3.4378681,-0.4052583164560059
11,3.4378681,-0.42029812055405774
11,3.4387674,-0.4357570257449868
11,3.4398708,-0.4518334095593904
11,3.4408779,-0.46977003235791204
11,3.4417906,-0.48956689414055066
11,3.4417906,-0.5108837801234786
11,3.4427233,-0.533641803997646
11,3.4437523,-0.5578409657630529
11,3.4437523,-0.5846030074258446
11,3.4447346,-0.617068118216086
11,3.4455204,-0.655236298133777
11,3.4465256,-0.6989091696483203
11,3.4473429,-0.7469511876610693
11,3.4481897,-0.8006722260258229
11,3.4481897,-0.8600722847425815
11,3.4491158,-0.9251513638113447
11,3.4500322,-1.0017427521258773
11,3.4500322,-1.0902104084139295
11,3.4508858,-1.1877388241397984
11,3.451827,-1.2952600728333181
11,3.4525499,-1.415388680394019
11,3.4525499,-1.5609003414486315
11,3.4533577,-1.7228007052418512
11,3.4533577,-1.8932724444095976
11,3.4542618,-2.1043814595993426
11,3.4542618,-2.3221743588617567
11,3.4549503,-2.563858691474131
11,3.4559555,-2.8197138281886684
11,3.4567194,-3.0804089865044673
11,3.4575663,-3.354692695614091
11,3.4575663,-3.7089593673001775
11,3.4583273,-3.969093456976383
11,3.4583273,-4.2615381100090115
11,3.4591637,-4.488256963848988
11,3.4599743,-4.856592531285874
11,3.4599743,-5.117832314277
11,3.460638,-5.253609538069054
11,3.4614763,-5.489013087939034
11,3.4614763,-5.770433578589265
11,3.4622965,-5.912106162624562
11,3.4628925,-6.017686001320957
11,3.4637909,-6.235621400164453
11,3.4637909,-6.379429272858545
11,3.4644251,-6.429206008520346
11,3.4652777,-6.3757720217953295
11,3.4652777,-6.682478722056201
11,3.4660921,-6.664945396514607
11,3.4667034,-6.556155175967209
11,3.4667034,-6.63167852838042
11,3.4674978,-6.688280837949258
11,3.4683971,-6.509004990376002
11,3.4690542,-6.450407178079981
11,3.4690542,-6.419649289854968
11,3.4698353,-6.444752145090103
11,3.4698353,-6.263102928722339
11,3.4705248,-6.211460598325496
11,3.4705248,-6.186228920618422
11,3.4714937,-5.95101001469209
11,3.4720964,-5.857787588094763
11,3.4730186,-5.852933315182724
11,3.4730186,-5.775975199211823
11,3.4737253,-5.643556593911492
11,3.4737253,-5.578648924681157
11,3.4745302,-5.417039692336909
11,3.4745302,-5.36965204042509
11,3.4752703,-5.292327861223005
11,3.4759874,-5.2644406760064575
11,3.4759874,-5.2544899363484046
11,3.476965,-5.13758219978738
11,3.4777184,-5.06748732936365
11,3.4777184,-5.001879224770722
11,3.4786282,-4.932488999319875
11,3.4786282,-4.914683730789491
11,3.4792118,-4.885248275574603
11,3.4801788,-4.8302505025916656
11,3.4810076,-4.7790899410395005
11,3.4810076,-4.666794559468445
11,3.4817057,-4.66641014187777
11,3.4824924,-4.667034751936505
11,3.4834375,-4.5915929199409105
11,3.4842949,-4.59487002177446
11,3.4851284,-4.581716083690269
11,3.4851284,-4.521660783978322
11,3.4858809,-4.520048499743271
11,3.4867392,-4.4657831637263845
11,3.48769,-4.477083021346826
11,3.4885397,-4.463323118190457
11,3.4894419,-4.42821391715174
11,3.4894419,-4.440887250935245
11,3.4904375,-4.403360753776928
11,3.4913454,-4.332170460662925
11,3.4913454,-4.30608727407583
11,3.4921379,-4.252057781842004
11,3.4931669,-4.2525789407542405
11,3.4939489,-4.20949639947894
11,3.4939489,-4.13686323092029
11,3.494895,-4.068080637209942
11,3.494895,-4.006425152669583
11,3.4959345,-3.9793480997281803
11,3.4969606,-3.9367164312334273
11,3.4979782,-3.8588389480485787
11,3.4979782,-3.804725676839329
11,3.498786,-3.7229455741984308
11,3.498786,-3.67916677540771
11,3.4998159,-3.649541420472713
11,3.5009031,-3.5897510354826068
11,3.5009031,-3.523167896174517
11,3.501873,-3.4748739806008895
11,3.5030041,-3.42795334539684
11,3.5030041,-3.37340442272631
11,3.5040264,-3.317594971910698
11,3.5050859,-3.275028080367096
11,3.5050859,-3.2147408322245594
11,3.5061226,-3.164169653310583
11,3.5073204,-3.1302567930499285
11,3.5084381,-3.0798078418963133
11,3.5084381,-2.998854109223074
11,3.5096216,-2.9655152756915295
11,3.5096216,-2.936901209341353
11,3.5109158,-2.889508491749691
11,3.5120678,-2.8525400493081587
11,3.5132685,-2.8078796758699625
11,3.5144539,-2.763546415976901
11,3.5158806,-2.732802742986895
11,3.5171747,-2.703820865047898
11,3.5171747,-2.671384165219575
11,3.5185528,-2.635631267608867
11,3.5185528,-2.602629553177189
11,3.5200605,-2.5696193241980847
11,3.5215721,-2.5324073471907784
11,3.5229702,-2.482260591042982
11,3.5245285,-2.441064202849578
11,3.5245285,-2.4115173434456767
11,3.5260582,-2.3795591182871303
11,3.5260582,-2.3425577237842825
11,3.5276508,-2.304804397443595
11,3.5276508,-2.273568625040529
11,3.5292912,-2.247671499595491
11,3.531064,-2.2239613565575524
11,3.5329065,-2.1993804335065485
11,3.534955,-2.170125241402991
11,3.5362186,-2.1347034863183336
11,3.5362186,-2.0948118251908663
11,3.4718714,-2.0603288078936415
11,3.4304295,-2.037099288528966
11,3.4304295,-2.0173475037706754
11,3.4126854,-1.9893960438459355
11,3.4126854,-1.955455835042739
11,3.4004812,-1.92614735065973
11,3.4004812,-1.9060857508755755
11,3.3915281,-1.8893537241318419
11,3.3846521,-1.870660372245946
11,3.3846521,-1.850031572923034
11,3.3793631,-1.8231084330032141
11,3.3793631,-1.7908357462035625
11,3.3750868,-1.7646888596246988
11,3.371686,-1.7445017502292597
11,3.3688097,-1.7203294082691947
11,3.3688097,-1.689155049193421
11,3.3664894,-1.6561926295694767
11,3.3645449,-1.6272525421090147
11,3.3645449,-1.602815490619055
11,3.3629122,-1.5803784515630133
11,3.3629122,-1.5560333599443503
11,3.2967291,-1.5304454864719363
11,3.3880548,-1.5038622144115703
11,3.3880548,-1.4793652792829943
11,3.3914843,-1.4575978934537435
11,3.3914843,-1.4385590731029365
11,3.3938236,-1.4195722957346146
11,3.3959751,-1.3992087058055338
11,3.3978491,-1.3774683033156943
11,3.3978491,-1.3575691210537173
11,3.3991346,-1.3397055662685047
11,3.4006529,-1.3237962787316233
11,3.4016466,-1.3059591554071541
11,3.4027967,-1.2856039421050582
11,3.4027967,-1.2627316226462166
11,3.4038677,-1.2373825498742457
11,3.4048052,-1.2133048620285443
11,3.4056015,-1.1906039080538449
11,3.4064341,-1.1699697201580643
11,3.4073009,-1.151080691656031
11,3.4073009,-1.133109471784607
11,3.4079132,-1.1171871990374231
11,3.4079132,-1.1039041276045174
11,3.4088106,-1.092862007513488
11,3.4088106,-1.0835626623497145
11,3.4094276,-1.0722579538737984
11,3.4100695,-1.0588425331410076
11,3.4106531,-1.043559189430593
11,3.4112549,-1.0274107002836828
11,3.4119759,-1.011224416463415
11,3.4127254,-0.9950003379697897
11,3.4127254,-0.9787384648028072
11,3.4132452,-0.9625176251154467
11,3.4139919,-0.9467719041682469
11,3.4139919,-0.9315013019612062
11,3.4145203,-0.9167058184943254
11,3.4151392,-0.9021426644883537
11,3.4157276,-0.8881436272535178
11,3.4157276,-0.8747251551186453
11,3.4163074,-0.8618872480837356
11,3.4163074,-0.8496299061487886
11,3.4169083,-0.8382725511332291
11,3.4174557,-0.8271211990898337
11,3.4174557,-0.8161008909371275
11,3.4182405,-0.8052116266751091
11,3.4182405,-0.7944534063037793
11,3.4187021,-0.7828786000784976
11,3.4193058,-0.7706904028038708
11,3.4198866,-0.7585338679213245
11,3.420414,-0.7464089954308583
11,3.4210443,-0.7343157853324723
11,3.4217701,-0.7230123127274697
11,3.4217701,-0.7125735366973263
11,3.4221897,-0.7029566572774901
11,3.4221897,-0.693949769137778
11,3.4228983,-0.6855528722781901
11,3.4235067,-0.6775463235652925
11,3.4240637,-0.66928506955766
11,3.4240637,-0.6607691102552926
11,3.4247379,-0.6519984456581901
11,3.4247379,-0.6430525591707323
11,3.4252548,-0.6340137204915501
11,3.4252548,-0.6249247295851958
11,3.425868,-0.6159974917818528
11,3.4264994,-0.60723200708152
11,3.427104,-0.5986282754841978
11,3.4278269,-0.5901862969898863
11,3.4284563,-0.5820089597691557
11,3.4290705,-0.5741213648928466
11,3.4297714,-0.566444028956579
11,3.4303961,-0.5588946822617222
11,3.4310379,-0.5514733248082762
11,3.4318724,-0.5441799565962406
11,3.4324827,-0.5370111191085184
11,3.4324827,-0.5299462113115613
11,3.4331903,-0.5229852332053699
11,3.4339371,-0.5160252966193741
11,3.4349174,-0.5090413004827332
11,3.4356041,-0.5020332447954472
11,3.4356041,-0.4950011295575161
11,3.4364195,-0.48806572169272155
11,3.4364195,-0.48140739539550415
11,3.4371691,-0.4750296091829619
11,3.4371691,-0.468952964088642
11,3.4380903,-0.46317746011254424
11,3.4389591,-0.45770309725466857
11,3.4389591,-0.45252987551501517
11,3.4398155,-0.4475195300513081
11,3.4406271,-0.44261961042265774
11,3.4406271,-0.43770934970528147
11,3.4417019,-0.4326083737047393
11,3.4417019,-0.42731668242103116
11,3.4427166,-0.42183427585415706
11,3.4436655,-0.4161611540041172
11,3.4447594,-0.41050430264447363
11,3.4458847,-0.4048639746063241
11,3.4472351,-0.39937843473194456
11,3.4483767,-0.39410013346222506
11,3.4494209,-0.38902907079716587
11,3.4508638,-0.3841652467367668
11,3.4520979,-0.3794875860656474
11,3.4534512,-0.3749500180217243
11,3.4550247,-0.3705525426049974
11,3.4565077,-0.3660881740419045
11,3.4565077,-0.3615566595013476
11,3.458312,-0.3569579989833268
11,3.4600086,-0.3522921924878421
11,3.4600086,-0.3476761161274099
11,3.4616547,-0.3431863370762333
11,3.4616547,-0.3388439305496922
11,3.4636049,-0.33469496730987036
11,3.465498,-0.33073944735676786
11,3.4676361,-0.32697737069038463
11,3.4698935,-0.3234087373107209
11,3.4722328,-0.32014890701023735
11,3.4747677,-0.31720521811819824
11,3.4747677,-0.3144607945220871
11,3.4772367,-0.31183906904770103
11,3.4799433,-0.3093400416950401
11,3.4799433,-0.30696371246410414
11,3.4828873,-0.3046235687042955
11,3.4859772,-0.3020746711951896
11,3.4893742,-0.2993170199367865
11,3.4893742,-0.29623525513662524
11,3.4929638,-0.29282203846544164
11,3.4929638,-0.2890773699232356
11,3.4967813,-0.2850012495100073
11,3.5007944,-0.2807920114223379
11,3.5007944,-0.2766293738034902
11,3.5051336,-0.27259984930406167
11,3.5097933,-0.268948377144477
11,3.5097933,-0.2656749573247362
11,3.51474,-0.26277958984483923
11,3.5201378,-0.26026227470478636
11,3.5201378,-0.25814537899163686
11,3.5257635,-0.2564335601708151
11,3.5320044,-0.25492848404573987
11,3.5320044,-0.25345043247314847
11,3.5387764,-0.25199940545304095
11,3.5459957,-0.2505754029854172
11,3.5459957,-0.24915292469393618
11,3.5537977,-0.24755341472634507
11,3.5623217,-0.24577687308264365
11,3.5623217,-0.24380093267577255
11,3.5715275,-0.24162093604030738
11,3.5715275,-0.23923688317624817
11,3.5815268,-0.236648774083595
11,3.5815268,-0.23396552074284274
11,3.592411,-0.23131612734554935
11,3.592411,-0.22872609426805587
11,3.6003017,-0.2263739773626152
11,3.6003361,-0.22425977662922741
11,3.6003141,-0.22238349206789226
11,3.6003504,-0.22074512367861
11,3.6003504,-0.21924200982122638
11,3.6003571,-0.21784717474334847
11,3.6002426,-0.21645170646448117
11,3.6002913,-0.2149266007930667
11,3.6002369,-0.2132718577291052
11,3.6002045,-0.2114874772725965
11,3.6002045,-0.20958228332866086
11,3.6003075,-0.20764103977218282
11,3.6003819,-0.20566374660316242
11,3.6003819,-0.20375306546175376
11,3.6002493,-0.20193597210034978
11,3.6002035,-0.20021246651895055
11,3.6002035,-0.19858254871755612
11,3.600215,-0.1970118700937603
11,3.6002388,-0.19545215158224757
11,3.6002789,-0.1938945692778975
11,3.6002789,-0.19225435930582566
11,3.6001835,-0.19053152166603207
11,3.6000881,-0.18872605635851655
11,3.6001787,-0.18683796338327932
11,3.6002188,-0.1849896039989142
11,3.6002216,-0.18322840471789575
11,3.6002216,-0.18158871414263003
11,3.6000404,-0.18011881133843266
11,3.6000404,-0.17881869630530386
11,3.600359,-0.17768836904324348
11,3.6003075,-0.17672782955225153
11,3.6002178,-0.17584053054832643
11,3.6002712,-0.1750263044826917
11,3.600194,-0.17416279009675353
11,3.6003275,-0.17320256087803734
11,3.6003275,-0.1721456168265431
11,3.6000919,-0.17099195794227096
11,3.6002359,-0.16976908589252532
11,3.6002922,-0.16854235471121404
11,3.6000271,-0.1673117643983372
11,3.5999537,-0.16617386223789649
11,3.6001911,-0.16512881577866828
11,3.6001911,-0.16417662502065242
11,3.6002903,-0.16331728996384898
11,3.6002903,-0.16250879022861162
11,3.6002703,-0.1617251807566141
11,3.599906,-0.16093895988055193
11,3.5998821,-0.16008477356651712
11,3.6000509,-0.15916262181450977
11,3.6001921,-0.15817250462452986
11,3.6001921,-0.1571144219965774
11,3.6001558,-0.15593274718517017
11,3.6002159,-0.154622434408079
11,3.6002159,-0.15322550404495022
11,3.6002007,-0.1517679011541101
11,3.600338,-0.15024962573555867
11,3.6001768,-0.14867067778929594
11,3.6002407,-0.14706521276010343
11,3.6002331,-0.145568141476423
11,3.6000137,-0.14417946393825462
11,3.5999765,-0.1429548068910805
11,3.5999765,-0.1418992161171298
11,3.6000319,-0.14101269161640248
11,3.6002913,-0.14029523338889854
11,3.6002913,-0.13970065852353325
11,3.6001787,-0.13917678306124848
11,3.6001368,-0.13868945155726253
11,3.6000776,-0.13810375318313364
11,3.600214,-0.1374196879388619
11,3.600214,-0.13663725582444725
11,3.5999718,-0.13575645683988974
11,3.5996704,-0.1347888425041064
11,3.5999594,-0.13373890983551995
11,3.5999594,-0.13265284174521513
11,3.6002331,-0.13158282219225007
11,3.6002216,-0.1305288511766248
11,3.6001577,-0.12949092869833936
11,3.6000528,-0.12847035450758032
11,3.6000738,-0.1275012031366498
11,3.6002426,-0.1265834745855478
11,3.6002474,-0.12570561733535726
11,3.6002474,-0.12486313436765545
11,3.6001272,-0.12405602568244237
11,3.6001663,-0.12328429127971799
11,3.6003084,-0.1225538538587354
11,3.5996733,-0.12187965735952054
11,3.5996733,-0.1212604020318868
11,3.5997877,-0.12066201334353203
11,3.5997877,-0.12008449129445625
11,3.5998573,-0.11952783588465946
11,3.5999575,-0.11899204711414164
11,3.5999575,-0.11844323345108289
11,3.6000814,-0.1178556628082339
11,3.6000643,-0.11722341248634163
11,3.5999022,-0.11653153854538018
11,3.5998955,-0.11578004098534951
11,3.5999355,-0.1149689198062497
11,3.6000013,-0.11409817500808064
11,3.6000013,-0.11326787945581697
11,3.5998535,-0.11249081852043484
11,3.5996943,-0.11180088373375421
11,3.5996943,-0.11122380718302435
11,3.6000643,-0.11075958886824522
11,3.6000643,-0.11040822878941683
11,3.6003094,-0.11038082920159659
11,3.6003094,-0.11204396190811934
11,3.5997324,-0.11539762690898514
11,3.5998993,-0.12034175133921982
11,3.5999985,-0.12686354982784673
11,3.600194,-0.13496302237486593
11,3.5998831,-0.14464016898027737
11,3.59972,-0.15454805831211765
11,3.5998325,-0.1627345155877846
11,3.5998325,-0.16898843855222126
11,3.6001139,-0.17194325540209277
11,3.6001139,-0.17159896613739917
11,3.6002369,-0.16795557075813994
11,3.6002398,-0.1610130692643151
11,3.6002398,-0.1517300569763695
11,3.6002722,-0.14076238879991682
11,3.6002722,-0.1294569960669206
11,3.5999422,-0.11976605355998299
11,3.5999422,-0.11168956127910351
11,3.5998154,-0.10522751922428217
11,3.5998154,-0.10037992739551896
11,3.5996828,-0.0971728245179314
11,3.6000195,-0.09561518506169517
11,3.6000195,-0.09474841370636547
11,3.6003027,-0.09391665554632846
11,3.6001301,-0.09311991058158414
11,3.6001902,-0.09235817881213254
11,3.6001902,-0.09163146023797365
11,3.6001997,-0.0910102831856408
11,3.6003199,-0.09049608796342268
11,3.6003199,-0.09006283584620178
11,3.5999346,-0.08970155236380292
11,3.5999346,-0.0894122375162261
11,3.5997896,-0.08919489130347133
11,3.5997896,-0.0893696457671748
11,3.5997076,-0.09080893968687168
11,3.5997076,-0.09351277306256198
11,3.5999355,-0.09741061756771234
11,3.5999355,-0.10250103289403445
11,3.600214,-0.10878401904152792
11,3.6001501,-0.11625957601019277
11,3.6001177,-0.12387438411872997
11,3.6001177,-0.13015640279321994
11,3.6001348,-0.13478549999202602
11,3.6002283,-0.1368892369356135
11,3.6002283,-0.13646761362398233
11,3.6003036,-0.13352063005713255
11,3.6000309,-0.12804828623506379
11,3.6000309,-0.12103744182929031
11,3.5998592,-0.11283402660234547
11,3.5998592,-0.10449136023552827
11,3.5998068,-0.09748148330275834
11,3.5998068,-0.09180439580403603
11,3.5997086,-0.08746009773936096
11,3.5997019,-0.08452910556212366
11,3.5997019,-0.08401137922360666
11,3.5996857,-0.08590691872380998
11,3.5996857,-0.0892288643912197
11,3.5997477,-0.09363128646330279
11,3.5997477,-0.09911418494005897
11,3.5997477,-0.1056775598214882
11,3.599843,-0.11305487119256027
11,3.5998659,-0.12043218256363235
11,3.5998659,-0.1277289774813139
11,3.599966,-0.13394529599432237
11,3.6000481,-0.1390811381026578
11,3.6001825,-0.14313650380632012
11,3.5999727,-0.1461113931053091
11,3.5998516,-0.14785641285922715
11,3.5997744,-0.14824919614034027
11,3.5997238,-0.14755628286367864
11,3.5996809,-0.14659160951888509
11,3.5996809,-0.14535517610595966
11,3.6001129,-0.14384698262490223
11,3.6001816,-0.14206702907571292
11,3.6001816,-0.13934714305049573
11,3.6001644,-0.1355346465348789
11,3.6001644,-0.1307789326692603
11,3.6001587,-0.12520236838137364
11,3.5900459,-0.11880495367121927
11,3.5797577,-0.11158668853879716
11,3.5696821,-0.10367195619937844
11,3.5592508,-0.09602898392809169
11,3.548255,-0.08865777172493683
11,3.5381117,-0.0822264919978099
11,3.5275106,-0.0768878227610826
11,3.5167036,-0.07264176401475489
11,3.5066528,-0.06948831575882713
11,3.4965401,-0.06781849119821748
11,3.4861851,-0.06814626998532862
11,3.4758387,-0.07034726890488946
11,3.4655447,-0.0734532606817715
11,3.4554377,-0.07746424531597473
11,3.445365,-0.08238022280749942
11,3.4353323,-0.08820119315634527
11,3.4250393,-0.09437056819839833
11,3.4149284,-0.10053994324045139
11,3.404583,-0.10631830507758595
11,3.3945503,-0.11119167405739933
11,3.3841324,-0.11516005017989153
11,3.3741274,-0.11822343344506256
11,3.3640852,-0.12038182385291238
11,3.3540077,-0.1214860839690259
11,3.3439856,-0.12150575646048752
11,3.3339405,-0.12099742949141128
11,3.3238993,-0.12030950775500437
11,3.3238993,-0.11944199125126675
11,3.3138714,-0.11839487998019853
11,3.3038359,-0.11718767901110033
11,3.2937574,-0.11598047804200215
11,3.2937574,-0.11477327707290397
11,3.2837095,-0.11371521353822064
11,3.2736769,-0.11283674477086802
11,3.2635641,-0.11213787077084608
11,3.2535448,-0.11161859153815479
11,3.2434845,-0.11127890707279423
11,3.2434845,-0.11111881737476426
11,3.233449,-0.11111881737476426
11,3.233449,-0.11111881737476426
11,3.2234411,-0.11111881737476426
11,3.2234411,-0.11111881737476426
11,3.2134199,-0.11111881737476426
11,3.2134199,-0.11146080811449699
11,3.2045994,-0.11238792151899309
11,3.2045994,-0.11390015758825238
11,3.1983118,-0.11599751632227488
11,3.1933889,-0.11867999772106073
11,3.1895771,-0.12194760178460962
11,3.1864395,-0.12580032851292186
11,3.1839275,-0.12987685436234708
11,3.1816492,-0.1339533802117723
11,3.1797647,-0.1376879153214648
11,3.1797647,-0.14083732776639393
11,3.177947,-0.14340161754655986
11,3.1764145,-0.1453807846619626
11,3.1748552,-0.14677482911260198
11,3.1734753,-0.14685017141379786
11,3.1721106,-0.1454129259042479
11,3.1710243,-0.14282441612760194
11,3.1697588,-0.13930844120497324
11,3.1686325,-0.13486500113636182
11,3.1674261,-0.1294940959217674
11,3.1674261,-0.12319572556119046
11,3.1662512,-0.11677772258439127
11,3.1653509,-0.11035971960759208
11,3.1643524,-0.10467529611547337
11,3.1643524,-0.09991833776933712
11,3.1633282,-0.09608884456918389
11,3.1621466,-0.09318681651501338
11,3.1621466,-0.09121225360682562
11,3.161293,-0.09016515584462087
11,3.160203,-0.0900455232283986
11,3.1593275,-0.0900455232283986
11,3.1593275,-0.0900455232283986
11,3.1584625,-0.0900455232283986
11,3.1575451,-0.0900455232283986
11,3.1575451,-0.09018910758838586
11,3.1564398,-0.09074590623076136
11,3.1564398,-0.09171591915552534
11,3.1554956,-0.09309914636267767
11,3.1546507,-0.09489558785221835
11,3.1537228,-0.09710524362414752
11,3.1527557,-0.09972811367846492
11,3.1518879,-0.10258307338555715
11,3.1510372,-0.10543803309264937
11,3.1497812,-0.10814940843975433
11,3.1491776,-0.11044756950447106
11,3.148139,-0.1123325162867993
11,3.14713,-0.1138042487867392
11,3.14713,-0.11486276700429074
11,3.1462364,-0.1155080709394538
11,3.1462364,-0.11574016059222862
11,3.1450615,-0.11574016059222862
11,3.1442509,-0.11574016059222862
11,3.1442509,-0.11574016059222862
11,3.1433172,-0.11574016059222862
11,3.1433172,-0.11574016059222862
11,3.1423302,-0.11574016059222862
11,3.1423302,-0.11574016059222862
11,3.1412344,-0.11574016059222862
11,3.1412344,-0.11574016059222862
11,3.1403017,-0.11574016059222862
11,3.1391869,-0.11574016059222862
11,3.1391869,-0.11582527602456684
11,3.1383152,-0.11621636616496328
11,3.1383152,-0.11691343101341795
11,3.137269,-0.11791647056993092
11,3.137269,-0.11922548483450202
11,3.1362038,-0.12084047380713142
11,3.1362038,-0.12276143748781902
11,3.1352386,-0.12482298969302597
11,3.1352386,-0.12688454189823292
11,3.1341867,-0.12886097867110163
11,3.1330805,-0.13053144073591214
11,3.1330805,-0.13189592809266443
11,3.1320229,-0.1329544407413584
11,3.130867,-0.13370697868199424
11,3.1297512,-0.1341535419145718
11,3.1286306,-0.1342941304390911
11,3.1286306,-0.1342941304390911
11,3.1275511,-0.1342941304390911
11,3.1275511,-0.1342941304390911
11,3.1264095,-0.1342941304390911
11,3.125123,-0.1342941304390911
11,3.1241646,-0.1342941304390911
11,3.1229401,-0.1342941304390911
11,3.1229401,-0.1342941304390911
11,3.1216784,-0.1342941304390911
11,3.1216784,-0.1342941304390911
11,3.1204767,-0.1342941304390911
11,3.1193714,-0.1342941304390911
11,3.1180906,-0.13404724871076018
11,3.1180906,-0.1334415250704136
11,3.1168966,-0.1324769595180511
11,3.1157846,-0.13115355205367285
11,3.1157846,-0.12947130267727885
11,3.1144381,-0.12743021138886895
11,3.1131124,-0.12503027818844342
11,3.1117868,-0.12241423603492542
11,3.1106348,-0.1197981938814074
11,3.1106348,-0.11742903345622033
11,3.1092005,-0.1154187149430489
11,3.1079178,-0.11376723834189337
11,3.1066875,-0.11247460365275361
11,3.1066875,-0.11154081087562961
11,3.1053648,-0.1109658600105215
11,3.1040392,-0.11074975105742906
11,3.1027031,-0.11074975105742906
11,3.1012058,-0.11074975105742906
11,3.1012058,-0.11074975105742906
11,3.0999861,-0.11074975105742906
11,3.0999861,-0.11074975105742906
11,3.0985928,-0.11074975105742906
11,3.0971756,-0.11074975105742906
11,3.0971756,-0.11074975105742906
11,3.0958624,-0.11074975105742906
11,3.094533,-0.11074975105742906
11,3.094533,-0.11074975105742906
11,3.0931492,-0.11074975105742906
11,3.0918303,-0.11074975105742906
11,3.0903196,-0.11074975105742906
11,3.0903196,-0.11074975105742906
11,3.0889616,-0.11074975105742906
11,3.0875931,-0.11074975105742906
11,3.0875931,-0.11074975105742906
11,3.0861883,-0.11077592708625852
11,3.0847206,-0.1109088541168134
11,3.083436,-0.1111485321490936
11,3.083436,-0.11149496118309922
11,3.0818377,-0.11194814121883022
11,3.0803328,-0.11250807225628658
11,3.0803328,-0.11317475429546833
11,3.0789118,-0.11390417253195124
11,3.0789118,-0.11463359076843416
11,3.0773411,-0.1153368329760876
11,3.0773411,-0.11593332418201564
11,3.0759201,-0.11642306438621834
11,3.0759201,-0.11680605358869564
11,3.0743532,-0.11708229178944757
11,3.0726805,-0.11725177898847412
11,3.0726805,-0.11731451518577528
11,3.0710478,-0.11731451518577528
11,3.0710478,-0.11731451518577528
11,3.0695953,-0.11731451518577528
11,3.0678759,-0.11731451518577528
11,3.0678759,-0.11731451518577528
11,3.066124,-0.11731451518577528
11,3.066124,-0.11731451518577528
11,3.0644283,-0.11731451518577528
11,3.0644283,-0.11731451518577528
11,3.0625792,-0.11731451518577528
11,3.0625792,-0.11731451518577528
11,3.061018,-0.11731451518577528
11,3.061018,-0.11731451518577528
11,3.0590467,-0.11731451518577528
11,3.0571756,-0.11731451518577528
11,3.0571756,-0.11731451518577528
11,3.0554762,-0.11731451518577528
11,3.0533695,-0.11731451518577528
11,3.0514107,-0.11731451518577528
11,3.0493689,-0.11731451518577528
11,3.0474854,-0.11731451518577528
11,3.0474854,-0.11731451518577528
11,3.0453081,-0.11731451518577528
11,3.0431776,-0.11731451518577528
11,3.0410204,-0.11731451518577528
11,3.0387697,-0.11731451518577528
11,3.0364733,-0.11705598226075668
11,3.0342607,-0.11649737565002258
11,3.0318584,-0.11563869535357305
11,3.0295191,-0.11447994137140809
11,3.0270672,-0.11302111370352762
11,3.0270672,-0.1112622123499318
11,3.0245142,-0.10920323731062048
11,3.0218735,-0.10698305398520597
11,3.019207,-0.10476287065979144
11,3.019207,-0.10280122025939552
11,3.0165424,-0.10113964354471511
11,3.0137081,-0.09977814051575012
11,3.0108805,-0.09871671117250057
11,3.0079727,-0.09795535551496651
11,3.0079727,-0.0974940735431478
11,3.004879,-0.09733286525704461
11,3.004879,-0.09733286525704461
11,3.0016794,-0.09733286525704461
11,3.0016794,-0.09733286525704461
11,2.9986048,-0.09733286525704461
11,2.9951982,-0.09733286525704461
11,2.9919243,-0.09733286525704461
11,2.9919243,-0.09733286525704461
11,2.9884005,-0.09733286525704461
11,2.9847565,-0.09733286525704461
11,2.9809904,-0.09733286525704461
11,2.9769497,-0.09733286525704461
11,2.9728794,-0.09733286525704461
11,2.9685116,-0.09733286525704461
11,2.9639997,-0.09733286525704461
11,2.9593296,-0.09733286525704461
11,2.9544401,-0.09733286525704461
11,2.9489079,-0.09733286525704461
11,2.9434214,-0.09733286525704461
11,2.9434214,-0.09733286525704461
11,2.937604,-0.09733286525704461
11,2.9313555,-0.09733286525704461
11,2.9313555,-0.09733286525704461
11,2.924674,-0.09733286525704461
11,2.9173918,-0.09733286525704461
11,2.9097748,-0.09733286525704461
11,2.9097748,-0.09733286525704461
11,2.9012823,-0.09733286525704461
11,2.8921442,-0.09733286525704461
11,2.8921442,-0.09733286525704461
11,2.8821192,-0.09733286525704461
11,2.8821192,-0.09733286525704461
11,2.8720779,-0.09733286525704461
11,2.8720779,-0.09733286525704461
11,2.8620777,-0.09733286525704461
11,2.8519535,-0.09733286525704461
11,2.8419294,-0.09733286525704461
11,2.83183,-0.09733286525704461
11,2.83183,-0.09733286525704461
11,2.8217926,-0.09733286525704461
11,2.8217926,-0.09733286525704461
11,2.811718,-0.09733286525704461
11,2.801712,-0.09733286525704461
11,2.7916832,-0.09733286525704461
11,2.7815685,-0.09733286525704461
11,2.771513,-0.09733286525704461
11,2.7614489,-0.09733286525704461
11,2.7514381,-0.09733286525704461
11,2.7514381,-0.09733286525704461
11,2.7414293,-0.09733286525704461
11,2.7313728,-0.09733286525704461
11,2.7213449,-0.09733286525704461
11,2.7112923,-0.09733286525704461
11,2.7112923,-0.09733286525704461
11,2.7011986,-0.09733286525704461
11,2.6911354,-0.09733286525704461
11,2.6811085,-0.0975742592410613
11,2.6710463,-0.09807215800848723
11,2.660964,-0.09882656155932233
11,2.6508551,-0.09983746989356675
11,2.6407204,-0.10110488301122036
11,2.6306858,-0.1026288009122832
11,2.6205463,-0.10440922359675522
11,2.6104631,-0.10621941268662372
11,2.6004305,-0.1080296017764922
11,2.590291,-0.10959839688234396
11,2.5801926,-0.11091068720478654
11,2.5699606,-0.1119664727438199
11,2.5596752,-0.11276575349944398
11,2.5495195,-0.11330852947165884
11,2.5394421,-0.1135948006604645
11,2.5291548,-0.11362456706586095
11,2.5191298,-0.11362456706586095
11,2.5091209,-0.11362456706586095
11,2.4988689,-0.11362456706586095
11,2.4888134,-0.11362456706586095
11,2.4786997,-0.11362456706586095
11,2.4686394,-0.11362456706586095
11,2.4586067,-0.11362456706586095
11,2.4483709,-0.11362456706586095
11,2.4381838,-0.11362456706586095
11,2.428091,-0.11362456706586095
11,2.4180593,-0.11362456706586095
11,2.4077845,-0.10597412695934146
11,2.3973236,-0.09617801820572315
11,2.3870735,-0.08980018416152086
11,2.3766832,-0.08684062482673457
11,2.366456,-0.08684062482673457
11,2.3563776,-0.08684062482673459
11,2.3460035,-0.08684062482673459
11,2.3357363,-0.0742156729305278
11,2.325736,-0.07211151428116001
11,2.315733,-0.0826819191628512
11,2.3056164,-0.08711216808382674
11,2.29492,-0.06943723542913725
11,2.2844772,-0.09468713922155081
21,2.0249147,0.0
21,2.0350866,0.0
21,2.0462494,-0.0011759323965270896
21,2.0569143,-0.005416241014372006
21,2.0696507,-0.010775627454315359
21,2.0838375,-0.015183497517700574
21,2.0943689,-0.020299665617502023
21,2.1054783,-0.025415833717303472
21,2.1173306,-0.03053200181710492
21,2.1299267,-0.03499487414105799
21,2.1427107,-0.03870683160750373
21,2.1563635,-0.041667874216442156
21,2.170332,-0.043878001967873254
21,2.1849003,-0.045337214861796815
21,2.2073622,-0.04604551289821305
21,2.2227335,-0.04604551289821305
21,2.2384119,-0.04604551289821305
21,2.2544127,-0.04604551289821305
21,2.2706003,-0.04604551289821305
21,2.2869854,-0.04604551289821305
21,2.3035917,-0.04604551289821305
21,2.320343,-0.04604551289821305
21,2.337266,-0.04604551289821305
21,2.3541155,-0.04604551289821305
21,2.3710289,-0.04604551289821305
21,2.387929,-0.04604551289821305
21,2.4047594,-0.04604551289821305
21,2.4214458,-0.04604551289821305
21,2.4381247,-0.04604551289821305
21,2.4545431,-0.04604551289821305
21,2.4702864,-0.04604551289821305
21,2.4859304,-0.04604551289821305
21,2.5007334,-0.04604551289821305
21,2.5150146,-0.04604551289821305
21,2.5286961,-0.04707451300328497
21,2.5414743,-0.04956212524836294
21,2.5536013,-0.05350834963344696
21,2.5650511,-0.05891318615853704
21,2.5756807,-0.06577663482363316
21,2.5901718,-0.07409869562873578
21,2.6032896,-0.08387936857384444
21,2.6152506,-0.09374313223467576
21,2.6263838,-0.10360689589550706
21,2.6376057,-0.11244165945126647
21,2.6479921,-0.11981781086701981
21,2.6589956,-0.1257353501427671
21,2.6693878,-0.13019427727850832
21,2.6796083,-0.13319459227424352
21,2.689703,-0.1347362951299722
21,2.699914,-0.13481938584569486
21,2.7101612,-0.13481938584569486
21,2.7203779,-0.13481938584569486
21,2.7304115,-0.13481938584569486
21,2.7404594,-0.13481938584569486
21,2.7506313,-0.13469469805363227
21,2.7607212,-0.1343225910704724
21,2.7709265,-0.13370306489621522
21,2.7809429,-0.1328361195308608
21,2.7911139,-0.13172175497440905
21,2.8011932,-0.13035997122686
21,2.8011932,-0.12875076828821364
21,2.8114824,-0.12710040236719589
21,2.821516,-0.12545003644617816
21,2.8317089,-0.12392435831722301
21,2.8420143,-0.12264609937936516
21,2.85217,-0.1216152596326046
21,2.8623047,-0.1208318390769413
21,2.8724051,-0.12027841070967775
21,2.8825932,-0.119864411614939
21,2.8825932,-0.11958984179272497
21,2.8925991,-0.11924844503430976
21,2.9026928,-0.11879905835732199
21,2.9127769,-0.11824168176176168
21,2.9228611,-0.11757631524762885
21,2.9328918,-0.11685551292952012
21,2.9428978,-0.1161347106114114
21,2.9529486,-0.11543133529600022
21,2.9629726,-0.11483594989916157
21,2.9730062,-0.11434855442089553
21,2.9830208,-0.11396914886120202
21,2.9830208,-0.11369773322008106
21,2.9931564,-0.11381657179966931
21,3.0033121,-0.11445979720234956
21,3.0134764,-0.11557485531352514
21,3.0235939,-0.11710631032922031
21,3.033659,-0.11905416224943495
21,3.0436802,-0.12141841107416906
21,3.0536842,-0.12419905680342264
21,3.0638208,-0.12626795011508976
21,3.073844,-0.12752943336115793
21,3.0839376,-0.12770124223949073
21,3.0839376,-0.12664924414770534
21,3.0941916,-0.12437343908580176
21,3.1042194,-0.12087382705377986
21,3.1142206,-0.11632062656463321
21,3.1242342,-0.11135102917096706
21,3.1342716,-0.10596503487278147
21,3.1443539,-0.10129079299218233
21,3.154356,-0.09742396117718213
21,3.154356,-0.09436453942778067
21,3.1643562,-0.09211252774397793
21,3.1744404,-0.09147718538516578
21,3.1744404,-0.09318608003761279
21,3.1844568,-0.09706899318832549
21,3.1944609,-0.10248873328469907
21,3.204484,-0.10944530032673305
21,3.2145014,-0.11793869431442747
21,3.2145014,-0.1279689152477823
21,3.2245159,-0.1374515485779604
21,3.2345791,-0.14569238667387713
21,3.2345791,-0.15188217027614057
21,3.2446175,-0.15529333169848228
21,3.2546225,-0.15592587094090218
21,3.2646408,-0.15377978800339948
21,3.2646408,-0.14891937650919787
21,3.274682,-0.14246083077973182
21,3.274682,-0.13440415081500134
21,3.28473,-0.12683375116384363
21,3.28473,-0.1204438394573432
21,3.2947874,-0.11523441569550012
21,3.2947874,-0.11120547987831442
21,3.3048372,-0.10850953559022396
21,3.3148556,-0.107469754813231
21,3.3148556,-0.10802184392411236
21,3.3248978,-0.10904960860143353
21,3.3345747,-0.11055304884519446
21,3.3415556,-0.11253216465539514
21,3.3469048,-0.11498695603203564
21,3.3512325,-0.11796495422673595
21,3.3551245,-0.12149766274765512
21,3.3583622,-0.12543257801035523
21,3.3616066,-0.12944652803283446
21,3.3616066,-0.13353951281509263
21,3.3646679,-0.13771153235713002
21,3.3678446,-0.1419625866589465
21,3.3709965,-0.14579670772436198
21,3.3738203,-0.14915643617788357
21,3.3738203,-0.15199424076789125
21,3.3768768,-0.15427861798622594
21,3.3797073,-0.1560095678328877
21,3.3824997,-0.15718709030787645
21,3.3852987,-0.1579034066837906
21,3.3852987,-0.15852356873110346
21,3.3880653,-0.15904757644981526
21,3.3880653,-0.15997139783610606
21,3.3907871,-0.1613524922654687
21,3.3907871,-0.16319085973790312
21,3.3931761,-0.1654865002534094
21,3.3957424,-0.16829053748313835
21,3.3957424,-0.17165936874468832
21,3.3982334,-0.17550077276546097
21,3.3982334,-0.17944969777498282
21,3.400794,-0.18350614377325375
21,3.400794,-0.18767011076027398
21,3.4031391,-0.19194159873604338
21,3.4031391,-0.1963865065740292
21,3.4054995,-0.20102337300654324
21,3.4054995,-0.20580107436243475
21,3.4077339,-0.21066321332410548
21,3.4077339,-0.21560978989155535
21,3.4099321,-0.22064080406478426
21,3.4119368,-0.22574969835494335
21,3.4139862,-0.23087570559457538
21,3.4158506,-0.2360188257836807
21,3.4158506,-0.24111316004879188
21,3.4175053,-0.24614016965759708
21,3.4193211,-0.2510998546100963
21,3.4208031,-0.2559922149062894
21,3.4208031,-0.26097014388554524
21,3.422266,-0.2662458059550012
21,3.4237204,-0.2718257586035061
21,3.4237204,-0.27777076899851716
21,3.4250565,-0.28408083714003407
21,3.4250565,-0.29075596302805734
21,3.4262333,-0.29779614666258664
21,3.4274359,-0.30564295685926846
21,3.4287176,-0.314447773074871
21,3.4287176,-0.3240577019700253
21,3.4298906,-0.33426057913759466
21,3.430829,-0.3450564045775786
21,3.4318771,-0.3564451782899771
21,3.4318771,-0.36848253024696787
21,3.4330845,-0.3819153887989722
21,3.4339685,-0.396743753945991
21,3.4349813,-0.41252605687237714
21,3.4360428,-0.4291109181213626
21,3.4360428,-0.44649833769294733
21,3.4370985,-0.4646883155871308
21,3.4381161,-0.48424725668237933
21,3.4381161,-0.5060018340540359
21,3.439002,-0.5298964177299226
21,3.439002,-0.5551840793596179
21,3.4400625,-0.5818648189431213
21,3.4409542,-0.6099386364804344
21,3.4409542,-0.6449087076030241
21,3.4419899,-0.6871626689662895
21,3.442914,-0.7367005205702308
21,3.442914,-0.7927194324181239
21,3.4438105,-0.8521656712555317
21,3.4438105,-0.9150392370824537
21,3.4447222,-0.9813401298988903
21,3.4457455,-1.0616389613508648
21,3.4465857,-1.157128031980706
21,3.4465857,-1.2637324181320737
21,3.4474764,-1.3826515431643336
21,3.4484243,-1.5176604396019715
21,3.4493074,-1.672142973631787
21,3.4502115,-1.838630103653699
21,3.4510345,-2.0193464350515336
21,3.4510345,-2.222968080281996
21,3.4517565,-2.495663022179279
21,3.4526205,-2.7537511092895013
21,3.4534731,-3.016721084843396
21,3.4534731,-3.352336845837244
21,3.4543037,-3.633295158868687
21,3.4551535,-3.9289729977527736
21,3.4559126,-4.233869864817409
21,3.4559126,-4.511484183514347
21,3.456768,-4.815499792802069
21,3.4574871,-5.074489120823018
21,3.4583111,-5.273588809467598
21,3.4589481,-5.531805631085483
21,3.4599514,-5.660506688258781
21,3.4606543,-5.839565200379003
21,3.4614067,-6.079681942708834
21,3.4614067,-6.144076175143565
21,3.462162,-6.251921630573886
21,3.4630604,-6.354881750933483
21,3.463768,-6.361024939685109
21,3.4644165,-6.451156376250475
21,3.4644165,-6.545523113068282
21,3.4651842,-6.470064905419038
21,3.4660034,-6.5062051061324855
21,3.4660034,-6.430933796348514
21,3.4666767,-6.417385851582497
21,3.4666767,-6.4034506847095045
21,3.4673319,-6.3566323310658435
21,3.4673319,-6.309484302038772
21,3.4682035,-6.228592798989608
21,3.468996,-6.04513446445239
21,3.4696589,-6.064702372048046
21,3.4696589,-5.932562566074928
21,3.4703646,-5.810566540391505
21,3.4710808,-5.795784490911174
21,3.4710808,-5.7744474732997535
21,3.4719334,-5.609864872365543
21,3.4727116,-5.533910715806258
21,3.4734507,-5.460808670950924
21,3.4742317,-5.40907070630192
21,3.4742317,-5.348705647721253
21,3.4749641,-5.281513009141091
21,3.4757547,-5.233988097193942
21,3.4765139,-5.180033310821304
21,3.477273,-4.9983222150082876
21,3.477273,-4.968676987881985
21,3.478035,-4.958909293440319
21,3.4788895,-4.889446151342903
21,3.4796457,-4.83885735887542
21,3.4804087,-4.843983958168754
21,3.4813309,-4.7753233695040915
21,3.4820433,-4.722305851098534
21,3.4820433,-4.603046713520304
21,3.4828491,-4.6530345716306005
21,3.4828491,-4.628657986617496
21,3.4836864,-4.600626207782575
21,3.4844084,-4.603310074727837
21,3.4852543,-4.543926065335067
21,3.4852543,-4.44043397250343
21,3.4861908,-4.476766009196127
21,3.4861908,-4.437382112035855
21,3.4869328,-4.449811666762818
21,3.4878464,-4.398717510024367
21,3.4878464,-4.425963506331479
21,3.4887905,-4.322921624451007
21,3.4896069,-4.295602588203938
21,3.4905109,-4.30980552391048
21,3.4905109,-4.3091650946061915
21,3.4913092,-4.242495989633625
21,3.4922733,-4.225987569925531
21,3.4931717,-4.172985725756312
21,3.4940081,-4.126859757940355
21,3.4949789,-4.019131934087684
21,3.4959631,-4.012656148749632
21,3.4959631,-3.959763799953797
21,3.4968929,-3.8772616349057913
21,3.4979057,-3.7781606236399052
21,3.4979057,-3.6852214428652545
21,3.4988489,-3.6632377176203055
21,3.4988489,-3.619598114573359
21,3.4997244,-3.582073914183159
21,3.4997244,-3.55757848589978
21,3.5007591,-3.4885446117437495
21,3.5018482,-3.411625948952019
21,3.5028572,-3.3516574039943796
21,3.5028572,-3.335767115611156
21,3.5039215,-3.337110272016459
21,3.5049314,-3.240155229000164
21,3.5049314,-3.19227195661227
21,3.5060291,-3.133404911978716
21,3.5071936,-3.082843212552973
21,3.5082903,-3.031773731858793
21,3.5082903,-2.9918635652635817
21,3.5095253,-2.958828883197727
21,3.5105801,-2.9109774573815
21,3.5118628,-2.864016275689088
21,3.5129642,-2.824972800789839
21,3.5129642,-2.785607039460059
21,3.5142593,-2.7381715840150425
21,3.5154991,-2.6938832390356584
21,3.5169191,-2.660934844217922
21,3.5182772,-2.63193426374858
21,3.5182772,-2.605023581885298
21,3.5196829,-2.56145963022983
21,3.5196829,-2.517834326008561
21,3.5209751,-2.497968468116041
21,3.5209751,-2.4780068501963406
21,3.5225315,-2.442560878711545
21,3.5240221,-2.4095956567327335
21,3.5255919,-2.386224581912576
21,3.5272369,-2.352685591275594
21,3.5288496,-2.3126602259032265
21,3.5288496,-2.2867032266568166
21,3.5305691,-2.2594733607126045
21,3.5305691,-2.2133484354612776
21,3.5323486,-2.1732607176009258
21,3.5323486,-2.142137195553274
21,3.5341883,-2.111890270049799
21,3.5341883,-2.084973581335209
21,3.5350151,-2.0602858884652697
21,3.4704151,-2.034043841915107
21,3.4293432,-2.005677381235726
21,3.4293432,-1.9753227042928674
21,3.4117908,-1.9418501337539158
21,3.4117908,-1.914295294039003
21,3.3996973,-1.8940990074021318
21,3.3996973,-1.8715921183647404
21,3.3907747,-1.8426561597415927
21,3.383975,-1.8118056693663016
21,3.383975,-1.785144395856909
21,3.3786802,-1.7622887342822264
21,3.3744392,-1.7415840738701025
21,3.3710155,-1.7229966315409642
21,3.3682394,-1.6983235344876142
21,3.3659534,-1.6667673818824928
21,3.3639832,-1.6362668489875474
21,3.3623524,-1.6125320472605833
21,3.3623524,-1.5948263249506107
21,3.3623486,-1.579467043583041
21,3.2962322,-1.5599452729651193
21,3.3873806,-1.5368276366423763
21,3.3873806,-1.5113427712295016
21,3.3907242,-1.489012374442253
21,3.3932714,-1.4704747524951933
21,3.3953905,-1.4547074767282253
21,3.3953905,-1.4351179133157141
21,3.3972216,-1.4104590431025503
21,3.398572,-1.3815997222850895
21,3.3998966,-1.3569513414657968
21,3.4010706,-1.3365139006446731
21,3.4020882,-1.3190925462866039
21,3.4020882,-1.2991204771597014
21,3.403162,-1.2764350267378193
21,3.403162,-1.252058623681055
21,3.4041224,-1.2293510934821485
21,3.4041224,-1.2093655284321432
21,3.4048758,-1.1919690297528676
21,3.4057131,-1.175259137034612
21,3.4064903,-1.1585826900141123
21,3.4072685,-1.1413994048489955
21,3.4080887,-1.1242052122085675
21,3.4087839,-1.1071627786189748
21,3.4094191,-1.0904843110840439
21,3.4099264,-1.074032084780652
21,3.4106474,-1.0567530074177556
21,3.4112501,-1.0386470789953552
21,3.4112501,-1.019848878915011
21,3.4119329,-1.001328574946844
21,3.4124842,-0.9836264509332272
21,3.4132271,-0.9667425068741612
21,3.4137316,-0.9506767427696456
21,3.4137316,-0.9358288014178466
21,3.414299,-0.9222598179905384
21,3.414299,-0.9099697924877197
21,3.415062,-0.8989587249093911
21,3.415514,-0.8890920358539927
21,3.4162741,-0.8791330924692785
21,3.4167709,-0.8690346847659586
21,3.4172888,-0.8587968127440317
21,3.417963,-0.8484194764034987
21,3.4184856,-0.837290825942367
21,3.4194374,-0.82542108176005
21,3.4197388,-0.8128893991894512
21,3.4197388,-0.7996957782305698
21,3.4203415,-0.7858402188834064
21,3.4203415,-0.7722423464933479
21,3.420928,-0.7589493710496851
21,3.4215155,-0.7465372084901869
21,3.4215155,-0.7350263552414491
21,3.4220037,-0.7244168113034718
21,3.4226599,-0.7144828350627623
21,3.4226599,-0.7051452711864177
21,3.4231701,-0.696404119674438
21,3.4231701,-0.6878855363240808
21,3.4238491,-0.6795238011973638
21,3.4243879,-0.6713189142942874
21,3.4250031,-0.662694959677083
21,3.4255705,-0.6536314409191547
21,3.4255705,-0.6441283580205017
21,3.4263382,-0.6342348461050584
21,3.4269075,-0.6244762697838728
21,3.4274273,-0.6148526290569446
21,3.4274273,-0.6057377681270163
21,3.4281979,-0.5971974069320695
21,3.4288645,-0.5892315454721044
21,3.4294996,-0.5818401837471211
21,3.430172,-0.5749003480162422
21,3.4308767,-0.568236537137935
21,3.4314365,-0.5617996159882648
21,3.4322138,-0.555064219956184
21,3.4328747,-0.5480303490416929
21,3.4336395,-0.5406980032447911
21,3.4336395,-0.533067182565479
21,3.4343672,-0.5254709463155456
21,3.4343672,-0.5180526286029192
21,3.4353743,-0.5109352031684772
21,3.4360237,-0.5042941711537525
21,3.4367361,-0.49812953255874565
21,3.4377003,-0.49244128738345605
21,3.4385195,-0.48722003430692284
21,3.4385195,-0.4820992330903595
21,3.4394484,-0.47707888373376617
21,3.4394484,-0.47182592692535347
21,3.4402027,-0.46619702855719297
21,3.4402027,-0.46019218862928507
21,3.4412651,-0.4538114071416295
21,3.4422655,-0.4471482516658722
21,3.443223,-0.4403743541024087
21,3.443223,-0.43349911577220007
21,3.444397,-0.42688907691403266
21,3.4454021,-0.4205442375279066
21,3.4454021,-0.41446459761382176
21,3.4465618,-0.4086501571717783
21,3.4476366,-0.40319323718349875
21,3.4476366,-0.39814900530015285
21,3.4489269,-0.3934238939500947
21,3.4502678,-0.38884627123292903
21,3.4502678,-0.38441613714865586
21,3.4515438,-0.38013349169727506
21,3.4527884,-0.37599833487878653
21,3.4527884,-0.37205444413716177
21,3.4543695,-0.36830342820353185
21,3.4558525,-0.36465296609617426
21,3.4575348,-0.3610478901639189
21,3.4575348,-0.357488200406766
21,3.4590902,-0.35397389682471553
21,3.4590902,-0.3504712742617209
21,3.4608154,-0.34688244722116657
21,3.4627075,-0.34320741570305224
21,3.4646053,-0.3394024022634066
21,3.4646053,-0.3354657981710988
21,3.4667444,-0.3313976034261288
21,3.4667444,-0.3271978180284966
21,3.4688969,-0.32299028649793154
21,3.4688969,-0.31888571628589796
21,3.471221,-0.3149178125484424
21,3.4737024,-0.31118446078218065
21,3.4737024,-0.3076856609871129
21,3.476182,-0.3044214131632387
21,3.4789143,-0.3013917173105583
21,3.4789143,-0.2985528381839483
21,3.4819717,-0.29589732785345024
21,3.4819717,-0.2933013417993345
21,3.4849205,-0.2906541725701367
21,3.4849205,-0.2879558201658569
21,3.4882545,-0.2852062845864951
21,3.4882545,-0.28241908182654946
21,3.4917669,-0.2796525800731571
21,3.4953947,-0.2769067793263175
21,3.4953947,-0.27422541483115426
21,3.4993849,-0.27161593451762595
21,3.5037813,-0.26907833838573253
21,3.5083675,-0.2666126264354743
21,3.5131903,-0.26418858305910264
21,3.5186586,-0.2617767382888274
21,3.5243835,-0.2593635761301504
21,3.53053,-0.2568907283959346
21,3.5372152,-0.2543581950861804
21,3.5444412,-0.2517659762008874
21,3.5444412,-0.2491140717400559
21,3.5522928,-0.2464864690079099
21,3.5522928,-0.24389980551209312
21,3.5608225,-0.24138429686035417
21,3.5608225,-0.2389694130204831
21,3.5700836,-0.23665515399247994
21,3.5802956,-0.2344415197763448
21,3.5911961,-0.23234827234057484
21,3.5911961,-0.23049104888173055
21,3.6003695,-0.22886984939981186
21,3.6003618,-0.22740068659059468
21,3.6003618,-0.22606692294643524
21,3.600378,-0.2248685584673334
21,3.600378,-0.22380559315328924
21,3.6002693,-0.2227431421404445
21,3.6002693,-0.22151819087633595
21,3.6003246,-0.22011097739246616
21,3.6003141,-0.2184058644922747
21,3.6002493,-0.21640285217576177
21,3.6003275,-0.21410194044292713
21,3.6002951,-0.211503129293771
21,3.6002426,-0.20886903156387426
21,3.6002531,-0.20628510036773545
21,3.6001577,-0.20388622056921285
21,3.6002779,-0.20183540672076974
21,3.6001587,-0.20013265882240616
21,3.6003523,-0.1987779768741222
21,3.6002769,-0.19777136087591754
21,3.6002817,-0.19689926477461261
21,3.6002903,-0.1961570501426952
21,3.6002626,-0.19528210414458436
21,3.6002626,-0.1941889736657816
21,3.6002245,-0.19287765870628687
21,3.6002226,-0.19134815926610027
21,3.6002712,-0.18962513064641132
21,3.6000223,-0.18778672515903655
21,3.6002855,-0.18583294280397594
21,3.6002855,-0.18397732963440944
21,3.6001482,-0.1822245240778491
21,3.6002331,-0.1805745261342948
21,3.6002026,-0.1790273358037466
21,3.6002026,-0.17762742085977243
21,3.6002808,-0.17642814268543802
21,3.6002808,-0.17540484597955375
21,3.600297,-0.1744793784303032
21,3.600297,-0.1736517400376863
21,3.6002779,-0.17292193080170315
21,3.6002779,-0.1722899507223537
21,3.6002903,-0.17165016122699864
21,3.6002903,-0.17096366388001039
21,3.6000986,-0.17018599090782105
21,3.6002741,-0.16926378092736483
21,3.6002741,-0.1681970339386417
21,3.6001129,-0.16698574994165166
21,3.6002312,-0.16563340160740117
21,3.6001778,-0.16419042683605786
21,3.6001778,-0.16265682562762188
21,3.6001797,-0.16113823655473236
21,3.6000252,-0.15967355805301697
21,3.600049,-0.1582627901224757
21,3.6003332,-0.15690593276310857
21,3.6000767,-0.15559703522293508
21,3.6001129,-0.15432636528506735
21,3.6003208,-0.153090450278499
21,3.6003056,-0.15183885230306232
21,3.6003056,-0.15057157135875734
21,3.6001453,-0.1492886074455841
21,3.6001453,-0.14798996056354247
21,3.6001959,-0.1467739838809229
21,3.600194,-0.14569648555502984
21,3.600194,-0.14476341633784395
21,3.6003094,-0.1439845084462529
21,3.600174,-0.1433597618802567
21,3.6002998,-0.14288917663985537
21,3.5998716,-0.14257275272504885
21,3.5997858,-0.14224387869485883
21,3.5997858,-0.14188981546050727
21,3.5999622,-0.14141220985370376
21,3.5999622,-0.1407552537171438
21,3.6002026,-0.13991894705082747
21,3.6002178,-0.13890328985475472
21,3.6002178,-0.13770697319976308
21,3.6001167,-0.1363240820331739
21,3.6000605,-0.13475461635498734
21,3.6001577,-0.1331651876061817
21,3.6001806,-0.13156853487553502
21,3.6001806,-0.12996465816304736
21,3.6000872,-0.12835355746871863
21,3.6000872,-0.12685467413951623
21,3.6001091,-0.12560328743861673
21,3.6001091,-0.12460070629518266
21,3.6002684,-0.12385284576189254
21,3.6000757,-0.12335970583874639
21,3.6000757,-0.12312128652574415
21,3.6000891,-0.12313758782288584
21,3.6001902,-0.1232330589033279
21,3.600338,-0.12334108767353319
21,3.6001434,-0.1233422327865342
21,3.6001434,-0.12310121497915444
21,3.6002083,-0.12261803425139389
21,3.600235,-0.1218926906032526
21,3.600235,-0.1209251840347305
21,3.6000175,-0.11980947853890175
21,3.6000175,-0.11854617302042282
21,3.600069,-0.11731081830613727
21,3.600069,-0.11617002648958234
21,3.6000738,-0.11512379757075807
21,3.6001987,-0.11417213154966438
21,3.6001987,-0.11332339440020033
21,3.6001616,-0.11262065944424567
21,3.6001616,-0.11206392668180042
21,3.6000834,-0.11155923211979048
21,3.6000834,-0.11110597685355932
21,3.6000929,-0.11070416088310697
21,3.6001787,-0.11035378420843339
21,3.6001787,-0.11006620316561525
21,3.6002779,-0.10985277528093546
21,3.6001225,-0.10970513458049502
21,3.6001225,-0.10958020774241417
21,3.6000137,-0.10947799476669287
21,3.6000137,-0.10939849565333115
21,3.6000156,-0.10934171040232904
21,3.6000156,-0.11045657559352871
21,3.6000214,-0.11305276462783405
21,3.6001673,-0.11711892116916851
21,3.6002445,-0.12264368769124906
21,3.600173,-0.12962706419407574
21,3.600173,-0.13806905067764894
21,3.6000814,-0.14788018617469073
21,3.6000814,-0.15607828936559265
21,3.6000319,-0.16266336025035474
21,3.6000319,-0.1664864622491347
21,3.6000967,-0.16723792196102819
21,3.6001472,-0.16491773938603577
21,3.6002903,-0.15952591452415732
21,3.6002903,-0.15143833124369252
21,3.6001406,-0.14163665663562316
21,3.6001406,-0.13021035166722714
21,3.6000566,-0.12014159765811297
21,3.5999765,-0.11143039460828064
21,3.6000195,-0.10407674251773018
21,3.6000967,-0.09808064138646207
21,3.6000967,-0.09363802629760516
21,3.6001768,-0.09095782837767193
21,3.6001768,-0.0896641637583627
21,3.6002712,-0.08877536534869523
21,3.6000719,-0.08829143314866963
21,3.6000719,-0.08821236715828584
21,3.5999527,-0.08853816737754382
21,3.5999527,-0.08915459280820068
21,3.5998764,-0.09002649958571554
21,3.5998888,-0.09095795262695903
21,3.5999269,-0.09174002080541876
21,3.5999851,-0.09237270412109473
21,3.6000423,-0.09285600257398693
21,3.6000423,-0.09325065291734602
21,3.6001177,-0.09466703182982159
21,3.6001177,-0.097105139311414
21,3.6002684,-0.10067921636036581
21,3.6000376,-0.10542440684121791
21,3.5999365,-0.11134071075397028
21,3.5998287,-0.11842812809862294
21,3.5998154,-0.1257051953016605
21,3.5998316,-0.13154179329465987
21,3.5998316,-0.1358771853243704
21,3.5998611,-0.13760099471214252
21,3.5999355,-0.1367132214579758
21,3.6000109,-0.1332138655618702
21,3.6000814,-0.12710292702382614
21,3.6000814,-0.11940767329195008
21,3.6002007,-0.11054130612817374
21,3.6003189,-0.10148528910601251
21,3.6000443,-0.09386974129388946
21,3.6000443,-0.08769466269180459
21,3.5999041,-0.08296005329975792
21,3.5998697,-0.07969271575046118
21,3.5998697,-0.07896237457261325
21,3.5998936,-0.08076902976621406
21,3.5998936,-0.0840854138831568
21,3.5998697,-0.08849832516150978
21,3.5998697,-0.09400776360127297
21,3.5998983,-0.10061372920244638
21,3.599925,-0.10800664449557418
21,3.5999842,-0.11539955978870195
21,3.6000547,-0.12276567244911799
21,3.6000547,-0.1290352579481238
21,3.6001368,-0.13420831628571905
21,3.6001368,-0.1382848474619041
21,3.6002378,-0.14126485147667892
21,3.6002378,-0.1431127974883589
21,3.6001654,-0.14379718768869174
21,3.5999537,-0.14362759954713328
21,3.5999537,-0.14339098275563789
21,3.599844,-0.14308733731420556
21,3.599844,-0.14271666322283633
21,3.5997753,-0.14227896048153013
21,3.5997744,-0.14182606778800966
21,3.5889091,-0.14137317509448916
21,3.5787745,-0.14095581324265327
21,3.5685959,-0.14060548004075435
21,3.5580282,-0.1403221754887923
21,3.5472336,-0.14010589958676722
21,3.5370064,-0.13995665233467905
21,3.5263767,-0.13963016186242072
21,3.5154591,-0.13912157374482786
21,3.505415,-0.13837904928417785
21,3.4953003,-0.1373873985282564
21,3.4850702,-0.13614662147706344
21,3.4747496,-0.134656718130599
21,3.4644289,-0.13298419718783389
21,3.454073,-0.1313116762450688
21,3.4440022,-0.1296391553023037
21,3.4338484,-0.12821090622964565
21,3.4237146,-0.12703178345225907
21,3.4136696,-0.12610178697014396
21,3.4036541,-0.1254209167833003
21,3.3936357,-0.12487823332967746
21,3.3836136,-0.12439612735026097
21,3.3733902,-0.12390809014608012
21,3.363246,-0.12323150412083422
21,3.3531694,-0.12236636927452324
21,3.343133,-0.12131268560714727
21,3.343133,-0.12007045311870619
21,3.3329582,-0.11880703287130537
21,3.3229046,-0.11754361262390456
21,3.3127937,-0.11639113193855442
21,3.3027048,-0.1154272000742694
21,3.2926369,-0.11465181703104943
21,3.2825851,-0.11406498280889449
21,3.2724857,-0.11363286906644784
21,3.2624331,-0.11322748151405972
21,3.2624331,-0.11284882015173033
21,3.2523985,-0.11232952391735423
21,3.2523985,-0.11164840505197172
21,3.2423706,-0.11080546355558281
21,3.2323494,-0.10980069942818743
21,3.2323494,-0.10871419868987073
21,3.2223263,-0.10762769795155405
21,3.2223263,-0.1065750255545942
21,3.2123222,-0.10568417578864078
21,3.2123222,-0.10495514865369371
21,3.2041054,-0.10438794414975311
21,3.1983423,-0.10398256227681893
21,3.1935415,-0.1037190286042787
21,3.1935415,-0.10358725990666119
21,3.1899004,-0.10350717016388129
21,3.1899004,-0.1033970227650177
21,3.187005,-0.10325681771007036
21,3.1845388,-0.1030865549990393
21,3.1845388,-0.10288623463192453
21,3.1822815,-0.10268362040877418
21,3.1802711,-0.10248100618562384
21,3.1802711,-0.10229836639308594
21,3.1787081,-0.10214578425663176
21,3.1787081,-0.10202325977626131
21,3.1771431,-0.10193079295197457
21,3.1756639,-0.10186838378377157
21,3.1756639,-0.10183603227165228
21,3.1744423,-0.10183373841561671
21,3.1731844,-0.10183373841561671
21,3.1731844,-0.10183373841561671
21,3.1718369,-0.10183373841561671
21,3.1707191,-0.10183373841561671
21,3.1707191,-0.10201450621628802
21,3.1695795,-0.10256393840789658
21,3.1695795,-0.10348203499044252
21,3.1683693,-0.1047687959639256
21,3.1674061,-0.10642422132834607
21,3.1663179,-0.1084483110837038
21,3.1663179,-0.11084106522999879
21,3.16535,-0.11330390785951103
21,3.1642466,-0.11576675048902327
21,3.1632004,-0.1180488253178642
21,3.1622591,-0.11996223575576788
21,3.1622591,-0.12150698180273418
21,3.1613226,-0.12268306345876333
21,3.1613226,-0.1234904807238551
21,3.1602983,-0.12392923359800961
21,3.1593275,-0.12399932208122685
21,3.1583948,-0.12399932208122685
21,3.1575632,-0.12399932208122685
21,3.1565142,-0.12399932208122685
21,3.1555233,-0.12399932208122685
21,3.1545553,-0.1239987247091462
21,3.1537285,-0.12390233629754525
21,3.1527653,-0.12371015684642397
21,3.1517935,-0.12342218635578243
21,3.1507635,-0.12303842482562057
21,3.1507635,-0.12255887225593842
21,3.1498661,-0.12198352864673596
21,3.1490412,-0.12133805781604985
21,3.1481857,-0.12069258698536375
21,3.1470346,-0.12004771352675829
21,3.1461964,-0.11949863110767313
21,3.1451998,-0.1190453397281083
21,3.1442738,-0.11868783938806372
21,3.1433439,-0.11842613008753948
21,3.1422062,-0.11826021182653552
21,3.1412115,-0.11819008460505188
21,3.140296,-0.11819008460505188
21,3.1393003,-0.11819008460505188
21,3.1382694,-0.11819008460505188
21,3.1382694,-0.11819008460505188
21,3.1370678,-0.11819008460505188
21,3.1361399,-0.11819008460505188
21,3.1350441,-0.11819008460505188
21,3.1350441,-0.11819008460505188
21,3.1339808,-0.11819008460505188
21,3.1339808,-0.11819008460505188
21,3.1328583,-0.11819008460505188
21,3.1317492,-0.11822491727514463
21,3.1306343,-0.11854601213976805
21,3.1296329,-0.11915336919892232
21,3.1284628,-0.12004698845260735
21,3.1274595,-0.12122686990082313
21,3.1261959,-0.12269301354356976
21,3.124999,-0.12444541938084708
21,3.123827,-0.1263845077876462
21,3.1226196,-0.12832359619444533
21,3.1226196,-0.13022785193115174
21,3.1214457,-0.13184584547332745
21,3.1214457,-0.13317757682097234
21,3.1202602,-0.13422304597408646
21,3.1189871,-0.1349822529326698
21,3.1189871,-0.13545519769672232
21,3.1177807,-0.13564188026624413
21,3.1165829,-0.13564188026624413
21,3.1154079,-0.13564188026624413
21,3.1154079,-0.13564188026624413
21,3.1139669,-0.13564188026624413
21,3.112648,-0.13564188026624413
21,3.112648,-0.13564188026624413
21,3.1114912,-0.13564188026624413
21,3.1114912,-0.13564188026624413
21,3.1100922,-0.13564188026624413
21,3.1088343,-0.13564188026624413
21,3.1088343,-0.13564188026624413
21,3.1074991,-0.13564188026624413
21,3.1063557,-0.1351661362809288
21,3.104805,-0.13420555696915765
21,3.1034966,-0.1327601423309305
21,3.1034966,-0.13082989236624767
21,3.1020164,-0.12841480707510883
21,3.1020164,-0.12551488645751419
21,3.1007462,-0.12213013051346368
21,3.0993176,-0.11874245401837369
21,3.0980625,-0.1153547775232837
21,3.096776,-0.11244284501350905
21,3.096776,-0.11001574783019023
21,3.0953522,-0.1080734859733274
21,3.0938673,-0.10661605944292026
21,3.0924587,-0.10564346823896908
21,3.0911512,-0.10515571236147375
21,3.0896397,-0.10515279181043426
21,3.0882292,-0.10515279181043426
21,3.0868187,-0.10515279181043426
21,3.0854959,-0.10515279181043426
21,3.0838776,-0.10515279181043426
21,3.0824671,-0.10515279181043426
21,3.0810652,-0.10515279181043426
21,3.0810652,-0.10515279181043426
21,3.0796089,-0.10515279181043426
21,3.0796089,-0.10515279181043426
21,3.0780802,-0.10515279181043426
21,3.0780802,-0.10515279181043426
21,3.0765867,-0.10515279181043426
21,3.0765867,-0.10515279181043426
21,3.0749607,-0.10515279181043426
21,3.0749607,-0.10515279181043426
21,3.0734034,-0.10515279181043426
21,3.0716848,-0.10515279181043426
21,3.0701447,-0.10515279181043426
21,3.0685091,-0.10531124780911805
21,3.0667295,-0.10563921248411788
21,3.0647383,-0.10613668583543376
21,3.0631771,-0.10680366786306572
21,3.0631771,-0.10764015856701367
21,3.0613298,-0.10864615794727771
21,3.0596619,-0.10977919502867728
21,3.0596619,-0.11091223211007686
21,3.0577717,-0.11204526919147645
21,3.0577717,-0.11301985027419224
21,3.055831,-0.113824922680592
21,3.0538092,-0.1144604864106757
21,3.0519323,-0.11492654146444332
21,3.0499344,-0.11522308784189496
21,3.0478477,-0.1153501255430305
21,3.0458832,-0.1153501255430305
21,3.043642,-0.1153501255430305
21,3.0414324,-0.1153501255430305
21,3.0414324,-0.1153501255430305
21,3.0392141,-0.1153501255430305
21,3.036974,-0.1153501255430305
21,3.036974,-0.1153501255430305
21,3.0346212,-0.1153501255430305
21,3.0346212,-0.1153501255430305
21,3.0323067,-0.1153501255430305
21,3.0323067,-0.1153501255430305
21,3.0297899,-0.1153501255430305
21,3.0297899,-0.1153501255430305
21,3.0274029,-0.1153501255430305
21,3.0247221,-0.1153501255430305
21,3.0222797,-0.1153501255430305
21,3.019639,-0.1153501255430305
21,3.0169172,-0.1153501255430305
21,3.0141087,-0.1153501255430305
21,3.0111971,-0.1153501255430305
21,3.0082588,-0.1153501255430305
21,3.0082588,-0.1153501255430305
21,3.0052137,-0.1153501255430305
21,3.0021696,-0.1153501255430305
21,2.9988899,-0.1153501255430305
21,2.9988899,-0.1153501255430305
21,2.9954653,-0.1153501255430305
21,2.9954653,-0.1153501255430305
21,2.9921684,-0.1153501255430305
21,2.9885921,-0.1153501255430305
21,2.9885921,-0.1153501255430305
21,2.9849005,-0.1153501255430305
21,2.9849005,-0.1153501255430305
21,2.981102,-0.11532956065999506
21,2.981102,-0.11526357793031575
21,2.9770851,-0.11515217735399255
21,2.9731255,-0.11499535893102547
21,2.9687548,-0.11479312266141452
21,2.9643393,-0.11454546854515968
21,2.9643393,-0.114252396582261
21,2.9595575,-0.11392809865984702
21,2.9545841,-0.11360380073743304
21,2.949275,-0.11330006769805448
21,2.9437647,-0.11304175250531981
21,2.9378061,-0.11282885515922902
21,2.9313784,-0.11266137565978213
21,2.9313784,-0.1125393140069791
21,2.9245338,-0.11246267020081996
21,2.9245338,-0.1124314442413047
21,2.9173441,-0.1124314442413047
21,2.9095201,-0.1124314442413047
21,2.9008493,-0.1124314442413047
21,2.8916674,-0.1124314442413047
21,2.8916674,-0.1124314442413047
21,2.8815098,-0.1124314442413047
21,2.8714895,-0.1124314442413047
21,2.8614101,-0.1124314442413047
21,2.8513889,-0.1124314442413047
21,2.8413706,-0.1124314442413047
21,2.8413706,-0.1124314442413047
21,2.8312702,-0.1124314442413047
21,2.8212681,-0.1124314442413047
21,2.8111954,-0.1124314442413047
21,2.8010931,-0.1124314442413047
21,2.7910728,-0.1124314442413047
21,2.7810631,-0.1124314442413047
21,2.7710304,-0.1124314442413047
21,2.761013,-0.1124314442413047
21,2.761013,-0.1124314442413047
21,2.7509699,-0.1124314442413047
21,2.7409201,-0.1124314442413047
21,2.7308626,-0.1124314442413047
21,2.7206888,-0.1124314442413047
21,2.7105703,-0.1124314442413047
21,2.7105703,-0.1124314442413047
21,2.7003822,-0.1124314442413047
21,2.6902866,-0.1124314442413047
21,2.6802769,-0.1124314442413047
21,2.6702394,-0.1124314442413047
21,2.6601171,-0.1124314442413047
21,2.6500435,-0.1124314442413047
21,2.6399117,-0.1124314442413047
21,2.6298332,-0.1124314442413047
21,2.6197071,-0.1124314442413047
21,2.6197071,-0.1124314442413047
21,2.6096001,-0.1124314442413047
21,2.5993433,-0.1124314442413047
21,2.5893393,-0.1124314442413047
21,2.5792608,-0.1124314442413047
21,2.5691128,-0.1124314442413047
21,2.5589743,-0.1124314442413047
21,2.5487747,-0.1124314442413047
21,2.5386858,-0.1124314442413047
21,2.5286064,-0.1124314442413047
21,2.5185823,-0.1124314442413047
21,2.5085783,-0.1124314442413047
21,2.4985352,-0.1124314442413047
21,2.4884119,-0.1124314442413047
21,2.4782734,-0.11257743426613218
21,2.4681282,-0.1131921429667821
21,2.4579287,-0.11427557034325447
21,2.4478483,-0.11496264440167304
21,2.4378204,-0.11263210767386
21,2.4277592,-0.10728396015981442
21,2.4177313,-0.09891820185953722
21,2.40765,-0.08753483277302837
21,2.3973942,-0.08770766090341271
21,2.3872728,-0.08801768064367152
21,2.3771925,-0.08814216334280989
21,2.3671026,-0.08808110900082773
21,2.3570719,-0.08869958961160129
21,2.3466291,-0.08789454158246919
21,2.3363457,-0.08164020158940649
21,2.3262281,-0.09144180155827812
21,2.3161287,-0.10426101231338139
21,2.305994,-0.10552402585159147
21,2.2959785,-0.10650385775509964
21,2.2858076,-0.10720050802390577
21,2.2754431,-0.10761397665800997
21,2.265336,-0.09854546640994441
21,2.2552271,-0.08918866847341128
21,2.2447357,-0.09561927718924525
21,2.2346287,-0.08372538036148153
21,2.2244587,-0.05597295443003286
21,2.2143593,0.0
